"Dist_desert";"Dist_desert_rela";"c";"d";"b_ini";"ini_cover";"b_crit";"SD_ini_time";"SD_ini_space";"AC_ini_time";"AC_ini_space";"Slope_AC_time";"Slope_AC_space";"slope_SD_time";"slope_SD_space";"File_id";"Abruptness"
"1";0.277852348993289;0.694630872483223;0.01;0.2;0.4;0.76637676161919;0.677852348993289;0.00492366781044844;0.0137709043560606;0.692858184973382;0.0624809597430155;1.00407001435778;0.618890961527814;0.0218854027668176;0.0664193497510327;"Simulation_1.csv";"Abrupt"
"2";0.23758389261745;0.593959731543625;0.01;0.262068965517241;0.4;0.743597701149425;0.63758389261745;0.00542496587202571;0.0152000373324592;0.757529978755664;0.0728162422934767;0.986493440154346;0.713020661993594;0.0415788362023512;0.0784598661840691;"Simulation_10.csv";"Abrupt"
"3";0.225503355704698;0.563758389261745;0.112413793103448;0.262068965517241;0.4;0.69621764117941;0.625503355704698;0.00580120880792817;0.0184077888257576;0.797911881780929;0.0952829709324838;0.857328717462228;1.1005088450146;0.0284306726088122;0.0699993057170517;"Simulation_100.csv";"Abrupt"
"4";0.21744966442953;0.543624161073825;0.112413793103448;0.268965517241379;0.4;0.694105147426287;0.61744966442953;0.00580441715340607;0.0184886418269231;0.814163287010917;0.0927580436096895;0.859638299495362;1.07449396615314;0.0552548061540068;0.0809768950604979;"Simulation_101.csv";"Abrupt"
"5";0.213422818791946;0.533557046979865;0.112413793103448;0.275862068965517;0.4;0.689954122938531;0.613422818791946;0.00584385439952764;0.0190201558857809;0.810217184254285;0.0993000363604829;0.819143196867238;1.08987874228577;0.0315736649508318;0.0841168449027081;"Simulation_102.csv";"Abrupt"
"6";0.213422818791946;0.533557046979865;0.112413793103448;0.282758620689655;0.4;0.685777661169415;0.613422818791946;0.00573481784602933;0.0192550790355478;0.797901656439113;0.100649121055521;0.872057868735526;1.16411339552888;0.0302111280913377;0.0682657813214048;"Simulation_103.csv";"Abrupt"
"7";0.205369127516779;0.513422818791947;0.112413793103448;0.289655172413793;0.4;0.683305347326337;0.605369127516779;0.00569478589516797;0.0190946651005245;0.800293915030157;0.102073410686323;0.923861155696575;1.15280719127535;0.0442234101954958;0.0865523189074816;"Simulation_104.csv";"Gradual"
"8";0.201342281879195;0.503355704697987;0.112413793103448;0.296551724137931;0.4;0.679246176911544;0.601342281879195;0.00610503944513765;0.0196270268793706;0.829387558664862;0.104175562974193;0.868702408673455;1.17707149441925;0.0397401222736406;0.0823009511722249;"Simulation_105.csv";"Abrupt"
"9";0.197315436241611;0.493288590604027;0.112413793103448;0.303448275862069;0.4;0.675191954022988;0.597315436241611;0.00583789261890668;0.0199570776879371;0.810729943337951;0.109531793947465;0.810577137643937;1.21327096315743;0.0446219572836465;0.0767960822515923;"Simulation_106.csv";"Abrupt"
"10";0.193288590604027;0.483221476510068;0.112413793103448;0.310344827586207;0.4;0.67181964017991;0.593288590604027;0.00641835563602273;0.02077787004662;0.844898919385901;0.110369875734041;0.83918009073527;1.24074269146048;0.0400591909628603;0.0844691841436094;"Simulation_107.csv";"Gradual"
"11";0.189261744966443;0.473154362416107;0.112413793103448;0.317241379310345;0.4;0.668398250874563;0.589261744966443;0.00565392535669074;0.0209441815996503;0.785972105640038;0.112051845805408;0.925304821117369;1.23735902225266;0.0396966506091155;0.0811695113665766;"Simulation_108.csv";"Abrupt"
"12";0.181208053691275;0.453020134228187;0.112413793103448;0.324137931034483;0.4;0.664444227886057;0.581208053691275;0.00597269268555163;0.0209247332094988;0.830402796212634;0.11402556344051;0.82207035941126;1.17793392811892;0.0461887047078885;0.0988052755141462;"Simulation_109.csv";"Abrupt"
"13";0.233557046979866;0.583892617449665;0.01;0.268965517241379;0.4;0.741784507746127;0.633557046979866;0.00571498730270374;0.0156233136655012;0.789649715389888;0.0769927425287155;0.928873749087067;0.729664372794861;0.0375312430695957;0.0801203976322266;"Simulation_11.csv";"Abrupt"
"14";0.181208053691275;0.453020134228187;0.112413793103448;0.331034482758621;0.4;0.660726436781609;0.581208053691275;0.0063420553251392;0.0212265916375291;0.839706600569611;0.116920971491772;0.828682358074735;1.33066939717655;0.0488635159902308;0.0735747365782171;"Simulation_110.csv";"Gradual"
"15";0.177181208053691;0.442953020134227;0.112413793103448;0.337931034482759;0.4;0.656176911544228;0.577181208053691;0.00637319595310482;0.0212458351544289;0.850461781672992;0.119441335684702;0.845144532868763;1.3503521464224;0.0568728603672533;0.0814608264703544;"Simulation_111.csv";"Abrupt"
"16";0.169127516778524;0.42281879194631;0.112413793103448;0.344827586206897;0.4;0.653845177411294;0.569127516778524;0.00705354790024208;0.0214350597319347;0.876471371631975;0.116950126943983;0.833400898374774;1.34924187357176;0.0636967671481906;0.0987928260947634;"Simulation_112.csv";"Gradual"
"17";0.169127516778524;0.42281879194631;0.112413793103448;0.351724137931035;0.4;0.647312893553223;0.569127516778524;0.00643941796074485;0.0220463386873543;0.850736137724575;0.122414190746998;0.806766121845552;1.43702236386738;0.0602815173392576;0.0727896999350133;"Simulation_113.csv";"Gradual"
"18";0.161073825503356;0.40268456375839;0.112413793103448;0.358620689655172;0.4;0.643943228385807;0.561073825503356;0.00618798475857155;0.0223857217001748;0.830408877607268;0.126970419905644;0.925331678639988;1.38142850584988;0.0587961885677707;0.0949645931627019;"Simulation_114.csv";"Abrupt"
"19";0.161073825503356;0.40268456375839;0.112413793103448;0.36551724137931;0.4;0.639538130934533;0.561073825503356;0.00670448210564004;0.0226204636509324;0.87255776954678;0.129211249672459;0.816662651012722;1.51442875525304;0.0564729700518925;0.0706483266307603;"Simulation_115.csv";"Abrupt"
"20";0.153020134228188;0.38255033557047;0.112413793103448;0.372413793103448;0.4;0.635109295352324;0.553020134228188;0.00766152684216556;0.0238360677083333;0.898048963587719;0.135254170192246;0.888439377766114;1.50151958128023;0.0733517622875852;0.0855882599700929;"Simulation_116.csv";"Abrupt"
"21";0.153020134228188;0.38255033557047;0.112413793103448;0.379310344827586;0.4;0.632171264367816;0.553020134228188;0.00732589440618514;0.0233739647071678;0.882753598041856;0.13191408978487;0.840461451874515;1.61430063369993;0.0661887379283841;0.0588670334776475;"Simulation_117.csv";"Abrupt"
"22";0.14496644295302;0.36241610738255;0.112413793103448;0.386206896551724;0.4;0.625805847076462;0.54496644295302;0.00653909021153575;0.0235795436334499;0.861602979451741;0.134859037070841;0.84533401915317;1.556287298006;0.0433770953832623;0.0735125255213147;"Simulation_118.csv";"Abrupt"
"23";0.140939597315436;0.35234899328859;0.112413793103448;0.393103448275862;0.4;0.620177511244378;0.540939597315436;0.00664909046434161;0.0251502066943473;0.874548199723854;0.141799150625923;0.792584708255836;1.63251039370173;0.0617299964342335;0.0818471828255035;"Simulation_119.csv";"Abrupt"
"24";0.229530201342282;0.573825503355705;0.01;0.275862068965517;0.4;0.739419090454773;0.629530201342282;0.00541615318951688;0.0160825775786713;0.763718882911105;0.0780778903364553;0.93861914103908;0.759057229957974;0.03704535438894;0.0812275060077257;"Simulation_12.csv";"Abrupt"
"25";0.140939597315436;0.35234899328859;0.112413793103448;0.4;0.4;0.614795652173913;0.540939597315436;0.00741542083006464;0.0250635006920163;0.893829047234988;0.145007157281913;0.810781289995516;1.76562715600832;0.0858941690471622;0.0485480549160236;"Simulation_120.csv";"Gradual"
"26";0.257718120805369;0.644295302013423;0.146551724137931;0.2;0.4;0.708085657171414;0.657718120805369;0.0055213330981213;0.0173166475451632;0.767050478500003;0.0825702923546219;0.910459175390306;0.961541690480518;0.027091222903623;0.0712769458482455;"Simulation_121.csv";"Gradual"
"27";0.253691275167785;0.634228187919462;0.146551724137931;0.206896551724138;0.4;0.70556331834083;0.653691275167785;0.00548504182145482;0.0177787113927739;0.777439125753712;0.0880273540783029;0.845720310921563;0.971849403031916;0.0217973280741049;0.0705175147192858;"Simulation_122.csv";"Gradual"
"28";0.249664429530201;0.624161073825502;0.146551724137931;0.213793103448276;0.4;0.701907296351824;0.649664429530201;0.00531209814824912;0.0177023401078089;0.780648668842946;0.0877771515044656;0.848852951818812;0.99032551494621;0.0284018178666499;0.0680010714118105;"Simulation_123.csv";"Gradual"
"29";0.245637583892617;0.614093959731542;0.146551724137931;0.220689655172414;0.4;0.699326886556722;0.645637583892617;0.00547073365752932;0.0180283863272145;0.77537768794542;0.0914454128509482;0.848107529370583;1.02290484953227;0.0195930045116512;0.0706153110855917;"Simulation_124.csv";"Gradual"
"30";0.245637583892617;0.614093959731542;0.146551724137931;0.227586206896552;0.4;0.69572023988006;0.645637583892617;0.00550374646422133;0.0180439266462704;0.788586238047926;0.0910040600875954;0.809820803881897;1.08512294609681;0.0186295898352895;0.0598562953461404;"Simulation_125.csv";"Gradual"
"31";0.23758389261745;0.593959731543625;0.146551724137931;0.23448275862069;0.4;0.692961219390305;0.63758389261745;0.00543617285526719;0.0182152890078671;0.777576678847236;0.0927221836146245;0.851790470714417;1.06681729566316;0.0268174789889229;0.0689445388210315;"Simulation_126.csv";"Gradual"
"32";0.233557046979866;0.583892617449665;0.146551724137931;0.241379310344828;0.4;0.688408495752124;0.633557046979866;0.00570098042323484;0.0187325165719697;0.796570615768841;0.097373737600766;0.841035455900176;1.102564978216;0.0293458294556657;0.070449137173575;"Simulation_127.csv";"Gradual"
"33";0.229530201342282;0.573825503355705;0.146551724137931;0.248275862068966;0.4;0.685047826086956;0.629530201342282;0.0056109737587819;0.0193769503933566;0.790605456397203;0.0975681697156351;0.819001756754384;1.1186539339127;0.0206488640463754;0.0674384061230949;"Simulation_128.csv";"Gradual"
"34";0.225503355704698;0.563758389261745;0.146551724137931;0.255172413793103;0.4;0.681515392303848;0.625503355704698;0.0056900468327177;0.0189354804050117;0.816421267368573;0.0996138666683479;0.836341571341628;1.15628061562196;0.0375000617855231;0.072478913368873;"Simulation_129.csv";"Gradual"
"35";0.229530201342282;0.573825503355705;0.01;0.282758620689655;0.4;0.735946376811594;0.629530201342282;0.00504347976261847;0.0159682145979021;0.742712378332534;0.0784054238878307;1.00615455459745;0.813412767123133;0.0449028261178639;0.0738480788560409;"Simulation_13.csv";"Abrupt"
"36";0.21744966442953;0.543624161073825;0.146551724137931;0.262068965517241;0.4;0.677686906546727;0.61744966442953;0.00582938319856931;0.0194670572916667;0.811689068863501;0.101321205213783;0.81974888879503;1.15372836706958;0.0275008855885881;0.0759676957161807;"Simulation_130.csv";"Gradual"
"37";0.21744966442953;0.543624161073825;0.146551724137931;0.268965517241379;0.4;0.674650274862569;0.61744966442953;0.00626762085439226;0.0198757703234266;0.838429491527259;0.106249920825692;0.882688306271673;1.22024561689814;0.0315544436488098;0.061772697366773;"Simulation_131.csv";"Gradual"
"38";0.209395973154362;0.523489932885905;0.146551724137931;0.275862068965517;0.4;0.670480859570215;0.609395973154362;0.005944890113431;0.0204468868371212;0.809101073913297;0.107118358318137;0.862682397526646;1.17702655647083;0.0301433070844551;0.0786216546622178;"Simulation_132.csv";"Gradual"
"39";0.205369127516779;0.513422818791947;0.146551724137931;0.282758620689655;0.4;0.667807246376812;0.605369127516779;0.00587382264490239;0.0204489282852564;0.81276673396293;0.110575447800067;0.826184227510273;1.23361035330565;0.0428976084990512;0.0763112448920598;"Simulation_133.csv";"Gradual"
"40";0.201342281879195;0.503355704697987;0.146551724137931;0.289655172413793;0.4;0.663044927536232;0.601342281879195;0.00605106234534452;0.0209520951704545;0.819609614076153;0.111056488578142;0.801335916501634;1.25302107725129;0.0326642680338088;0.0816971235295546;"Simulation_134.csv";"Gradual"
"41";0.197315436241611;0.493288590604027;0.146551724137931;0.296551724137931;0.4;0.659233683158421;0.597315436241611;0.00627190998640456;0.0209708442599068;0.833423543811139;0.114471313326566;0.757971387751134;1.26494644109601;0.0247339260326941;0.0822057378440886;"Simulation_135.csv";"Gradual"
"42";0.193288590604027;0.483221476510068;0.146551724137931;0.303448275862069;0.4;0.65514307846077;0.593288590604027;0.00613633712554491;0.0216958451704545;0.846379119324544;0.118444611423054;0.81290287755623;1.29290010975341;0.0392205217603664;0.0801957910335884;"Simulation_136.csv";"Gradual"
"43";0.189261744966443;0.473154362416107;0.146551724137931;0.310344827586207;0.4;0.651620189905047;0.589261744966443;0.00630530983885154;0.0220111851689977;0.832919384469063;0.121394121687442;0.837507219484537;1.35049343264308;0.0418123880385466;0.0727791343671289;"Simulation_137.csv";"Gradual"
"44";0.185234899328859;0.463087248322147;0.146551724137931;0.317241379310345;0.4;0.648124537731134;0.585234899328859;0.00576514723131167;0.0221205446896853;0.817585474874516;0.121021586886369;0.829439130695541;1.38056045547416;0.0372806342059762;0.0713815184713508;"Simulation_138.csv";"Abrupt"
"45";0.181208053691275;0.453020134228187;0.146551724137931;0.324137931034483;0.4;0.643879810094953;0.581208053691275;0.00702216150226681;0.0220931963869464;0.880201368882461;0.123197711315153;0.802891295294403;1.38134142690863;0.0393770813326807;0.0720212690150532;"Simulation_139.csv";"Gradual"
"46";0.225503355704698;0.563758389261745;0.01;0.289655172413793;0.4;0.733283458270865;0.625503355704698;0.00571639757490527;0.0161251320294289;0.798918075862654;0.0819476454703125;0.91054474014211;0.863087974783223;0.0442538577127446;0.0732033857350948;"Simulation_14.csv";"Abrupt"
"47";0.177181208053691;0.442953020134227;0.146551724137931;0.331034482758621;0.4;0.637710194902549;0.577181208053691;0.00656441665435658;0.0230553813374126;0.8564084119831;0.128889792997733;0.801020917468246;1.43970046112854;0.0378228887968907;0.0711602111735865;"Simulation_140.csv";"Gradual"
"48";0.173154362416107;0.432885906040268;0.146551724137931;0.337931034482759;0.4;0.634572413793103;0.573154362416107;0.00663845152280934;0.0231237926136364;0.866323679467393;0.128247166654642;0.819606949719422;1.47455452019935;0.0540799095080161;0.0682717456938725;"Simulation_141.csv";"Gradual"
"49";0.16510067114094;0.41275167785235;0.146551724137931;0.344827586206897;0.4;0.63007976011994;0.56510067114094;0.00606795807025961;0.0229784327651515;0.842704777920134;0.129022157579391;0.83433350984696;1.47787977932236;0.0478413047384999;0.0778648964965477;"Simulation_142.csv";"Abrupt"
"50";0.16510067114094;0.41275167785235;0.146551724137931;0.351724137931035;0.4;0.625855522238881;0.56510067114094;0.00650857056039421;0.0239202524038462;0.858449882890152;0.136587151994239;0.793388831378777;1.51587322565351;0.0430743719010875;0.0599424990599489;"Simulation_143.csv";"Gradual"
"51";0.161073825503356;0.40268456375839;0.146551724137931;0.358620689655172;0.4;0.621626886556722;0.561073825503356;0.00667552820019691;0.0243085919289044;0.867309292190386;0.141210677327199;0.822609173731492;1.57929059105404;0.0520982677129446;0.0589173799436401;"Simulation_144.csv";"Gradual"
"52";0.153020134228188;0.38255033557047;0.146551724137931;0.36551724137931;0.4;0.617194902548726;0.553020134228188;0.00707847681376428;0.0244290519376457;0.879181472560011;0.139663344026031;0.817461744760482;1.53758572060024;0.0646908814384422;0.0871522291718155;"Simulation_145.csv";"Gradual"
"53";0.148993288590604;0.37248322147651;0.146551724137931;0.372413793103448;0.4;0.611848575712144;0.548993288590604;0.00743582606173583;0.025130591673951;0.892638975630163;0.144990245683483;0.785069268637253;1.6202326833063;0.0408040721942129;0.0722011289672997;"Simulation_146.csv";"Abrupt"
"54";0.148993288590604;0.37248322147651;0.146551724137931;0.379310344827586;0.4;0.6059988005997;0.548993288590604;0.00736870263755565;0.0257069757065851;0.897532336543975;0.15016410683648;0.761166934598465;1.71574458710449;0.0496655708035736;0.0386111903404256;"Simulation_147.csv";"Gradual"
"55";0.140939597315436;0.35234899328859;0.146551724137931;0.386206896551724;0.4;0.601089805097451;0.540939597315436;0.00669874510725658;0.0257985749927156;0.877050701734127;0.153044256911656;0.771593087388792;1.6467964724591;0.0482865320977986;0.0724253046389768;"Simulation_148.csv";"Gradual"
"56";0.140939597315436;0.35234899328859;0.146551724137931;0.393103448275862;0.4;0.596458270864568;0.540939597315436;0.00797924136798704;0.026433530011655;0.914590563493867;0.153979496069867;0.664554178838799;1.83864063769802;0.0477138842434136;0.0355535529250375;"Simulation_149.csv";"Gradual"
"57";0.221476510067114;0.553691275167785;0.01;0.296551724137931;0.4;0.731458420789605;0.621476510067114;0.00534442329020144;0.0161286840763403;0.765642068249776;0.081360387992233;1.00438369255142;0.845837142663895;0.0384579859898546;0.0708541144060163;"Simulation_15.csv";"Abrupt"
"58";0.136912751677852;0.34228187919463;0.146551724137931;0.4;0.4;0.591725987006497;0.536912751677852;0.00729283170913954;0.0265951221955128;0.893294694030194;0.156039152634669;0.73749444011363;1.83617766542994;0.068607467441554;0.022650717792641;"Simulation_150.csv";"Gradual"
"59";0.257718120805369;0.644295302013423;0.180689655172414;0.2;0.4;0.691539780109945;0.657718120805369;0.00554465479102389;0.018780430506993;0.79341070041629;0.0941957367501333;0.838812563624532;1.03288574044826;0.0207716391662188;0.060892543227699;"Simulation_151.csv";"Gradual"
"60";0.249664429530201;0.624161073825502;0.180689655172414;0.206896551724138;0.4;0.688206196901549;0.649664429530201;0.00564709054108488;0.0185460582386364;0.80060489621158;0.0930745788958702;0.827382424175453;1.01971906899964;0.0189491306452979;0.0692914494740076;"Simulation_152.csv";"Gradual"
"61";0.249664429530201;0.624161073825502;0.180689655172414;0.213793103448276;0.4;0.684308145927036;0.649664429530201;0.00589458468517458;0.0192209425990676;0.8136788992447;0.0953836316895144;0.789513118377393;1.09064171773771;0.0206581453201203;0.0578105589199144;"Simulation_153.csv";"Gradual"
"62";0.245637583892617;0.614093959731542;0.180689655172414;0.220689655172414;0.4;0.680214542728636;0.645637583892617;0.00574984029372106;0.0188757275276807;0.814691398478203;0.0953597375553554;0.820904865598711;1.11201098471644;0.0167284958085361;0.0597229440304647;"Simulation_154.csv";"Gradual"
"63";0.23758389261745;0.593959731543625;0.180689655172414;0.227586206896552;0.4;0.677827136431784;0.63758389261745;0.0059552261288617;0.019279156650641;0.816639279913202;0.0991087171349463;0.790511930035606;1.08963609684755;0.0223307696707631;0.0712496419479769;"Simulation_155.csv";"Gradual"
"64";0.23758389261745;0.593959731543625;0.180689655172414;0.23448275862069;0.4;0.673631984007996;0.63758389261745;0.0061940064991687;0.0199116613854895;0.82993412217081;0.101348758957218;0.814654217063482;1.15413122952668;0.0223682550178684;0.054790414392414;"Simulation_156.csv";"Gradual"
"65";0.233557046979866;0.583892617449665;0.180689655172414;0.241379310344828;0.4;0.670070314842579;0.633557046979866;0.00563717733895472;0.020005014386655;0.796462326888246;0.1038736880069;0.76529909814467;1.18034102731835;0.0178436322768818;0.0556432958152878;"Simulation_157.csv";"Gradual"
"66";0.229530201342282;0.573825503355705;0.180689655172414;0.248275862068966;0.4;0.666011594202899;0.629530201342282;0.00622352677404431;0.0205911276223776;0.839832388028131;0.108307606361993;0.784904607289683;1.20560742617367;0.0218424934939625;0.0516510542062002;"Simulation_158.csv";"Gradual"
"67";0.221476510067114;0.553691275167785;0.180689655172414;0.255172413793103;0.4;0.663224387806097;0.621476510067114;0.00570018639498142;0.0206581667030886;0.80472471913369;0.109694115408792;0.799716815085658;1.20525326190892;0.0207628578325531;0.0678156642328569;"Simulation_159.csv";"Gradual"
"68";0.213422818791946;0.533557046979865;0.01;0.303448275862069;0.4;0.727469565217391;0.613422818791946;0.00581085520907805;0.0167133103875291;0.806448556012218;0.0852773539626323;0.918628343979809;0.807893452926108;0.0418297370533159;0.0872533718407642;"Simulation_16.csv";"Abrupt"
"69";0.21744966442953;0.543624161073825;0.180689655172414;0.262068965517241;0.4;0.660362268865567;0.61744966442953;0.00585634533217391;0.0203522718167249;0.8089774519253;0.110490452249717;0.824171317074187;1.22075421600887;0.0297305316048227;0.0651579085611492;"Simulation_160.csv";"Gradual"
"70";0.213422818791946;0.533557046979865;0.180689655172414;0.268965517241379;0.4;0.654276311844078;0.613422818791946;0.00641563080224421;0.0207569647800117;0.844771698475745;0.111600789726977;0.798962561948946;1.26356177227984;0.0286083906372415;0.065236658893327;"Simulation_161.csv";"Gradual"
"71";0.209395973154362;0.523489932885905;0.180689655172414;0.275862068965517;0.4;0.650789305347326;0.609395973154362;0.00629731653700339;0.0215751620775058;0.84527381633428;0.116374989664898;0.759568883160571;1.2860727448167;0.0230519028218333;0.0591961435325837;"Simulation_162.csv";"Gradual"
"72";0.205369127516779;0.513422818791947;0.180689655172414;0.282758620689655;0.4;0.646943928035982;0.605369127516779;0.00635644431760545;0.0221615038607226;0.850478879552794;0.120977036616135;0.758950823744275;1.28433598496469;0.031566677636602;0.0575325302766608;"Simulation_163.csv";"Gradual"
"73";0.197315436241611;0.493288590604027;0.180689655172414;0.289655172413793;0.4;0.644025687156422;0.597315436241611;0.00606709978820853;0.0218647627112471;0.845935548873885;0.122403910198911;0.752976784229053;1.30073095363695;0.0330050675470998;0.0734815872655151;"Simulation_164.csv";"Gradual"
"74";0.193288590604027;0.483221476510068;0.180689655172414;0.296551724137931;0.4;0.638904897551224;0.593288590604027;0.00624033861276766;0.0228179796765734;0.844989212046121;0.124791843914417;0.768487637633109;1.34444686671131;0.028922878285512;0.0740663519240557;"Simulation_165.csv";"Gradual"
"75";0.193288590604027;0.483221476510068;0.180689655172414;0.303448275862069;0.4;0.63481804097951;0.593288590604027;0.0066544984304093;0.0225307737835082;0.849110700809469;0.120766360994881;0.799260192894388;1.4308796601427;0.0304019258196902;0.0479160128043149;"Simulation_166.csv";"Gradual"
"76";0.189261744966443;0.473154362416107;0.180689655172414;0.310344827586207;0.4;0.629883508245877;0.589261744966443;0.00606840735993036;0.0227419261727855;0.83969048556509;0.127688487177359;0.708779658661615;1.44378312695089;0.0329960313252301;0.0474311697642036;"Simulation_167.csv";"Gradual"
"77";0.185234899328859;0.463087248322147;0.180689655172414;0.317241379310345;0.4;0.625083408295852;0.585234899328859;0.00662825124581976;0.0238782816142191;0.864258129372099;0.131570868994365;0.707616654738963;1.43373908131912;0.0192324486661157;0.0387174775352659;"Simulation_168.csv";"Gradual"
"78";0.177181208053691;0.442953020134227;0.180689655172414;0.324137931034483;0.4;0.620285557221389;0.577181208053691;0.00691184680833199;0.0243165036786131;0.88029471186957;0.136924331990017;0.699952689243129;1.42762333690599;0.0317701412161983;0.0606796952192619;"Simulation_169.csv";"Gradual"
"79";0.213422818791946;0.533557046979865;0.01;0.310344827586207;0.4;0.725682108945527;0.613422818791946;0.00564198633019657;0.0169380754662005;0.787907399147826;0.0856706714491518;0.973979431494073;0.934108987619743;0.037197514116575;0.0732368227578573;"Simulation_17.csv";"Abrupt"
"80";0.173154362416107;0.432885906040268;0.180689655172414;0.331034482758621;0.4;0.617362868565717;0.573154362416107;0.00678420633288938;0.0240938811188811;0.882970530741814;0.138995214162066;0.746811800927129;1.50157379354271;0.0384492825799198;0.0590296952939852;"Simulation_170.csv";"Gradual"
"81";0.169127516778524;0.42281879194631;0.180689655172414;0.337931034482759;0.4;0.612781509245377;0.569127516778524;0.00668107685340017;0.0244862379807692;0.876494503335212;0.140049119952765;0.734883213985763;1.53663971397397;0.0382094624985556;0.0577801935491464;"Simulation_171.csv";"Gradual"
"82";0.161073825503356;0.40268456375839;0.180689655172414;0.344827586206897;0.4;0.607323988005997;0.561073825503356;0.00652648253562791;0.0253940978292541;0.861080638890402;0.144123853615592;0.812796061062736;1.51514432718306;0.0387571513283324;0.0690057021484611;"Simulation_172.csv";"Gradual"
"83";0.161073825503356;0.40268456375839;0.180689655172414;0.351724137931035;0.4;0.599888305847076;0.561073825503356;0.00740238429010618;0.0263090599504662;0.8994083067992;0.149690684974904;0.715550671929201;1.60618016753116;0.046276286451274;0.0414585696202193;"Simulation_173.csv";"Gradual"
"84";0.157046979865772;0.39261744966443;0.180689655172414;0.358620689655172;0.4;0.596823988005997;0.557046979865772;0.0073977614376145;0.0258738053613054;0.894604729056044;0.148452737629841;0.704141521078855;1.63659191487041;0.055348495859989;0.0369462808574623;"Simulation_174.csv";"Gradual"
"85";0.153020134228188;0.38255033557047;0.180689655172414;0.36551724137931;0.4;0.59297796101949;0.553020134228188;0.00698816421104139;0.0261657388184732;0.887322764297148;0.151824510778666;0.688880874043201;1.70981381192121;0.0257866519236935;0.0305985004921507;"Simulation_175.csv";"Gradual"
"86";0.148993288590604;0.37248322147651;0.180689655172414;0.372413793103448;0.4;0.588338430784608;0.548993288590604;0.00739643747599693;0.0267457969114219;0.89723650318841;0.156073541652542;0.684550667176895;1.7382070446093;0.0458813739140797;0.028299201296157;"Simulation_176.csv";"Gradual"
"87";0.140939597315436;0.35234899328859;0.180689655172414;0.379310344827586;0.4;0.580310244877561;0.540939597315436;0.00842199501246617;0.0274734083624709;0.922566283744076;0.160900612280303;0.679538898009533;1.68597204731064;0.0343375118080168;0.0575212697324026;"Simulation_177.csv";"Gradual"
"88";0.140939597315436;0.35234899328859;0.180689655172414;0.386206896551724;0.4;0.575735382308846;0.540939597315436;0.00702315722921443;0.0278407187864219;0.889748453943544;0.162243224190895;0.752990727484185;1.80280823651352;0.0364173789446667;0.0146304268933173;"Simulation_178.csv";"Gradual"
"89";0.136912751677852;0.34228187919463;0.180689655172414;0.393103448275862;0.4;0.567900949525237;0.536912751677852;0.00785303597966742;0.028861468349359;0.918475432219124;0.166821307682752;0.716423227202838;1.85096959881853;0.0413952336272904;-0.00580221135966797;"Simulation_179.csv";"Gradual"
"90";0.205369127516779;0.513422818791947;0.01;0.317241379310345;0.4;0.721519890054973;0.605369127516779;0.00602839399740147;0.0173614619755245;0.816243334312664;0.0873005260799733;0.940792710161465;0.841486215903452;0.0471884850505806;0.0908713102310582;"Simulation_18.csv";"Abrupt"
"91";0.132885906040269;0.332214765100672;0.180689655172414;0.4;0.4;0.563954272863568;0.532885906040269;0.00709713484326656;0.0285911840763403;0.896086150441279;0.168743213420547;0.657343107096495;1.89866152082466;0.0217247366132848;-0.0071316723685001;"Simulation_180.csv";"Gradual"
"92";0.253691275167785;0.634228187919462;0.214827586206897;0.2;0.4;0.672047276361819;0.653691275167785;0.00567923179911561;0.0197930142773893;0.808726396789285;0.101698042353348;0.773736610223703;1.07145810154373;0.0172989297993485;0.059180741340414;"Simulation_181.csv";"Gradual"
"93";0.249664429530201;0.624161073825502;0.214827586206897;0.206896551724138;0.4;0.669471064467766;0.649664429530201;0.00561165192401862;0.0195627076048951;0.808765674049525;0.102407637383056;0.731431377463204;1.09971188153189;0.0169072824814304;0.0583071197845998;"Simulation_182.csv";"Gradual"
"94";0.245637583892617;0.614093959731542;0.214827586206897;0.213793103448276;0.4;0.665123188405797;0.645637583892617;0.00561674745996164;0.0201125801282051;0.806475366528098;0.104622902195185;0.765656294593222;1.10804172747914;0.0176194087943595;0.0609478342515561;"Simulation_183.csv";"Gradual"
"95";0.245637583892617;0.614093959731542;0.214827586206897;0.220689655172414;0.4;0.662275562218891;0.645637583892617;0.00574012782926059;0.019992463395979;0.805851515032654;0.106653987849637;0.754950547222562;1.16643307127323;0.0184249937238187;0.0440320771727373;"Simulation_184.csv";"Gradual"
"96";0.23758389261745;0.593959731543625;0.214827586206897;0.227586206896552;0.4;0.658427786106947;0.63758389261745;0.00596256719427353;0.0206921119245338;0.831316057584779;0.108721404341053;0.74134870850592;1.16458963605652;0.0185895983836358;0.0534804260638032;"Simulation_185.csv";"Gradual"
"97";0.229530201342282;0.573825503355705;0.214827586206897;0.23448275862069;0.4;0.654205047476262;0.629530201342282;0.00632773415293696;0.0211418496867716;0.836458270534805;0.113484182116239;0.718797584688005;1.16212467417861;0.0172340816956953;0.0635175348585986;"Simulation_186.csv";"Gradual"
"98";0.229530201342282;0.573825503355705;0.214827586206897;0.241379310344828;0.4;0.649624487756122;0.629530201342282;0.00641837518769159;0.0214674114947552;0.8528884540576;0.115115431143306;0.757908270616757;1.21385942154986;0.0212404777485064;0.0490057913168118;"Simulation_187.csv";"Gradual"
"99";0.221476510067114;0.553691275167785;0.214827586206897;0.248275862068966;0.4;0.647172713643178;0.621476510067114;0.00646409739116443;0.0215097965836247;0.857660814421702;0.115409641432304;0.737398826132487;1.20824495007648;0.0214113209225954;0.0614421922397654;"Simulation_188.csv";"Gradual"
"100";0.221476510067114;0.553691275167785;0.214827586206897;0.255172413793103;0.4;0.642048475762119;0.621476510067114;0.0061994756976326;0.0218895942599068;0.84109739940917;0.116857259452643;0.727556300540206;1.25474102465156;0.0192751427832387;0.042330430851742;"Simulation_189.csv";"Gradual"
"101";0.201342281879195;0.503355704697987;0.01;0.324137931034483;0.4;0.718844627686157;0.601342281879195;0.00583053705706542;0.0170424825174825;0.801991006077723;0.0865869349630017;0.941688590014386;0.900986908031582;0.0342672207563269;0.0884563469946264;"Simulation_19.csv";"Abrupt"
"102";0.21744966442953;0.543624161073825;0.214827586206897;0.262068965517241;0.4;0.638521289355322;0.61744966442953;0.00600307475688348;0.0221112152170746;0.828266346526887;0.121020248905249;0.734293431520135;1.2966477962231;0.0187420017356273;0.0457285527527065;"Simulation_190.csv";"Gradual"
"103";0.209395973154362;0.523489932885905;0.214827586206897;0.268965517241379;0.4;0.634375212393803;0.609395973154362;0.00588358948834522;0.0223123679705711;0.829076073074623;0.122303161023817;0.715498174668753;1.29442850727821;0.0157723402977471;0.057746495171352;"Simulation_191.csv";"Gradual"
"104";0.205369127516779;0.513422818791947;0.214827586206897;0.275862068965517;0.4;0.630782858570715;0.605369127516779;0.00615391590976735;0.0229887674825175;0.842166838946621;0.126774756059294;0.707571024342637;1.32012135012861;0.0219676656715477;0.0545640359539779;"Simulation_192.csv";"Gradual"
"105";0.201342281879195;0.503355704697987;0.214827586206897;0.282758620689655;0.4;0.626813243378311;0.601342281879195;0.00638619992837974;0.0230507238854895;0.856714059500981;0.127911167361762;0.708951065026101;1.35668294105752;0.0289961730600009;0.047551270428682;"Simulation_193.csv";"Gradual"
"106";0.201342281879195;0.503355704697987;0.214827586206897;0.289655172413793;0.4;0.620793253373313;0.601342281879195;0.00580402528080899;0.0235134833916084;0.815747270789032;0.129967605455277;0.720239152081065;1.37081920268462;0.026246756832601;0.0309007007634813;"Simulation_194.csv";"Gradual"
"107";0.193288590604027;0.483221476510068;0.214827586206897;0.296551724137931;0.4;0.616171314342829;0.593288590604027;0.00746941006516841;0.0239936279865967;0.890358529222322;0.136741268137149;0.685393582120681;1.39297664420691;0.0196373307710041;0.0459574100660624;"Simulation_195.csv";"Gradual"
"108";0.189261744966443;0.473154362416107;0.214827586206897;0.303448275862069;0.4;0.610866616691654;0.589261744966443;0.00636992974823908;0.0246880581657925;0.852625171896824;0.139556910114946;0.74425996828347;1.42237118332084;0.0214752491757329;0.0384217379417354;"Simulation_196.csv";"Gradual"
"109";0.185234899328859;0.463087248322147;0.214827586206897;0.310344827586207;0.4;0.607117741129435;0.585234899328859;0.00645857957254941;0.0243637501821096;0.857638019909859;0.136759908513693;0.617124867176423;1.45701631263146;0.0198618007766615;0.0361370486347524;"Simulation_197.csv";"Gradual"
"110";0.177181208053691;0.442953020134227;0.214827586206897;0.317241379310345;0.4;0.603016791604198;0.577181208053691;0.0060459894062965;0.0246654456220862;0.850150782928438;0.140286718967478;0.715906291111005;1.46013873102558;0.0258093017903329;0.0506474088931159;"Simulation_198.csv";"Gradual"
"111";0.177181208053691;0.442953020134227;0.214827586206897;0.324137931034483;0.4;0.596872663668166;0.577181208053691;0.00699899116668426;0.0256203689539627;0.886318056956996;0.144656465628232;0.719691794675031;1.49529719175258;0.0273905974896555;0.0281776056986424;"Simulation_199.csv";"Gradual"
"112";0.273825503355705;0.684563758389262;0.01;0.206896551724138;0.4;0.764540579710145;0.673825503355705;0.00510595852546494;0.0136364291958042;0.732793939816515;0.0625181736895505;1.00053840124302;0.629777864355512;0.0292181814796434;0.0692464777428942;"Simulation_2.csv";"Abrupt"
"113";0.201342281879195;0.503355704697987;0.01;0.331034482758621;0.4;0.71467756121939;0.601342281879195;0.00584161717757808;0.0175552748033217;0.797015350798549;0.0914142878050368;0.963681156964836;0.946822450718766;0.0586482476339647;0.0747929965329691;"Simulation_20.csv";"Abrupt"
"114";0.173154362416107;0.432885906040268;0.214827586206897;0.331034482758621;0.4;0.591695252373813;0.573154362416107;0.00705735449363114;0.026170189576049;0.889826658835704;0.152288314227348;0.626025778121668;1.54627686397591;0.0220089364534303;0.0225880008160406;"Simulation_200.csv";"Gradual"
"115";0.169127516778524;0.42281879194631;0.214827586206897;0.337931034482759;0.4;0.587322138930535;0.569127516778524;0.00691538174092281;0.026471297712704;0.877292791365458;0.153745593365985;0.668317027625574;1.57337757758107;0.0291501568354109;0.0220521605965166;"Simulation_201.csv";"Gradual"
"116";0.161073825503356;0.40268456375839;0.214827586206897;0.344827586206897;0.4;0.582600749625187;0.561073825503356;0.00729903722677047;0.0269013767482517;0.898868447192349;0.154710575964282;0.690860636430259;1.63392684421251;0.0298860068977185;0.0255737655724292;"Simulation_202.csv";"Gradual"
"117";0.161073825503356;0.40268456375839;0.214827586206897;0.351724137931035;0.4;0.575367716141929;0.561073825503356;0.00706569368366506;0.0272479813155594;0.885724213239093;0.160192770206767;0.699171636779592;1.61891359403124;0.0227111971061259;0.00678096463580468;"Simulation_203.csv";"Gradual"
"118";0.153020134228188;0.38255033557047;0.214827586206897;0.358620689655172;0.4;0.571225187406297;0.553020134228188;0.00760480014710191;0.0284842839452214;0.901633179592236;0.163376823519869;0.705974947363613;1.67461241193895;0.031918123911953;0.0243446643896583;"Simulation_204.csv";"Gradual"
"119";0.148993288590604;0.37248322147651;0.214827586206897;0.36551724137931;0.4;0.565433283358321;0.548993288590604;0.00644032698425848;0.0284074947188228;0.871207801880875;0.166679914997099;0.623866574879233;1.70437893554009;0.0296883880543993;0.0114407980776752;"Simulation_205.csv";"Gradual"
"120";0.14496644295302;0.36241610738255;0.214827586206897;0.372413793103448;0.4;0.558842128935532;0.54496644295302;0.0065984596130739;0.0290985458551865;0.874587508912961;0.172291134210843;0.594808566130994;1.75730115488173;0.0204488360128347;0.00233728621166957;"Simulation_206.csv";"Gradual"
"121";0.140939597315436;0.35234899328859;0.214827586206897;0.379310344827586;0.4;0.554196551724138;0.540939597315436;0.0074771233173894;0.0296528909892191;0.904953601041644;0.173298917879989;0.7138567450968;1.74170677937302;0.0460646254267431;0.00231771087903891;"Simulation_207.csv";"Gradual"
"122";0.140939597315436;0.35234899328859;0.214827586206897;0.386206896551724;0.4;0.548755372313843;0.540939597315436;0.00800841697052627;0.0298944219842657;0.922446141999435;0.177411158818471;0.656702167328241;1.87758079897143;0.031620988199414;-0.0427674299152817;"Simulation_208.csv";"Gradual"
"123";0.132885906040269;0.332214765100672;0.214827586206897;0.393103448275862;0.4;0.542611394302849;0.532885906040269;0.00707969279735693;0.0309588887674825;0.896255696784588;0.18195669072767;0.649347029464722;1.85862085304723;0.0561255054812705;-0.0175125773937796;"Simulation_209.csv";"Gradual"
"124";0.197315436241611;0.493288590604027;0.01;0.337931034482759;0.4;0.713200899550225;0.597315436241611;0.00528335207897456;0.0180075630099068;0.760273490452804;0.0943294599310984;0.993437283728148;1.01189237772375;0.0451452037352155;0.0779382545075868;"Simulation_21.csv";"Abrupt"
"125";0.128859060402685;0.322147651006713;0.214827586206897;0.4;0.4;0.532495952023988;0.528859060402685;0.0076645162016723;0.0315313874927156;0.916908859821183;0.185895565473144;0.581130134783426;1.91849213731448;0.0193773489543636;-0.0282625744767431;"Simulation_210.csv";"Gradual"
"126";0.249664429530201;0.624161073825502;0.248965517241379;0.2;0.4;0.653441379310345;0.649664429530201;0.00562140968944194;0.020804080164627;0.80139077609609;0.107202854623711;0.758993216775573;1.09352095492625;0.0160687043182682;0.0549168085026673;"Simulation_211.csv";"Gradual"
"127";0.249664429530201;0.624161073825502;0.248965517241379;0.206896551724138;0.4;0.648782908545727;0.649664429530201;0.00589828939067353;0.020704347865676;0.822513886729757;0.10856537884482;0.742784829884979;1.14678824651925;0.01716218140421;0.0449781045434751;"Simulation_212.csv";"Gradual"
"128";0.245637583892617;0.614093959731542;0.248965517241379;0.213793103448276;0.4;0.645990104947526;0.645637583892617;0.00635413267401464;0.0214976516972611;0.849783481570946;0.113520714155399;0.672599931380849;1.16436909243025;0.0140323486835355;0.0417477508181832;"Simulation_213.csv";"Gradual"
"129";0.241610738255034;0.604026845637585;0.248965517241379;0.220689655172414;0.4;0.641886056971514;0.641610738255034;0.00557904476543724;0.0218158936115967;0.794569164550681;0.116030559048891;0.708595636510956;1.17024962694785;0.0140670723201373;0.0394264560625334;"Simulation_214.csv";"Gradual"
"130";0.23758389261745;0.593959731543625;0.248965517241379;0.227586206896552;0.4;0.638703348325837;0.63758389261745;0.00575638808482441;0.0219572452287296;0.826186815596741;0.116464828727559;0.711583554536267;1.20635034459986;0.0130518242835331;0.0367488998871204;"Simulation_215.csv";"Gradual"
"131";0.233557046979866;0.583892617449665;0.248965517241379;0.23448275862069;0.4;0.63386011994003;0.633557046979866;0.00571913007245046;0.0224506519522145;0.812167861599384;0.122196219254882;0.723276642075635;1.22483303735845;0.0118749945495655;0.0322884305607672;"Simulation_216.csv";"Gradual"
"132";0.225503355704698;0.563758389261745;0.248965517241379;0.241379310344828;0.4;0.629087356321839;0.625503355704698;0.00589671985577331;0.0223959143720862;0.822861204627058;0.12230197995934;0.701124606791103;1.21925448819895;0.0198537219800897;0.0428858115693567;"Simulation_217.csv";"Gradual"
"133";0.225503355704698;0.563758389261745;0.248965517241379;0.248275862068966;0.4;0.626033683158421;0.625503355704698;0.00575527539545774;0.0230101161858974;0.811559917775131;0.124377210700909;0.708443577652218;1.27639278517275;0.017703993418102;0.0340036272475863;"Simulation_218.csv";"Gradual"
"134";0.21744966442953;0.543624161073825;0.248965517241379;0.255172413793103;0.4;0.619061019490255;0.61744966442953;0.00578751585398433;0.0229906186261655;0.821546483112647;0.127278131120285;0.732306121131345;1.27314929045085;0.0274993379203475;0.0441957025355966;"Simulation_219.csv";"Gradual"
"135";0.189261744966443;0.473154362416107;0.01;0.344827586206897;0.4;0.709541729135432;0.589261744966443;0.00604962418738517;0.0177789973047786;0.82093583480105;0.0955396023911787;0.909080870706533;0.984866821794072;0.0649526333880455;0.0865354824586206;"Simulation_22.csv";"Abrupt"
"136";0.213422818791946;0.533557046979865;0.248965517241379;0.262068965517241;0.4;0.616346876561719;0.613422818791946;0.00670155813891481;0.0232125009105478;0.861567729290937;0.129069594401522;0.665145457923703;1.31693681643103;0.0208320878329045;0.0318271185189684;"Simulation_220.csv";"Gradual"
"137";0.209395973154362;0.523489932885905;0.248965517241379;0.268965517241379;0.4;0.611803548225887;0.609395973154362;0.00646212367599059;0.0240138649111305;0.862753084505721;0.134414679796031;0.646783955394067;1.32208069656796;0.0177473202013712;0.0333865325403348;"Simulation_221.csv";"Gradual"
"138";0.205369127516779;0.513422818791947;0.248965517241379;0.275862068965517;0.4;0.606601849075462;0.605369127516779;0.00718924137716981;0.0250136518429487;0.884747062028554;0.138522756776622;0.647863426747366;1.35341292415818;0.0169536075329382;0.0333006254145362;"Simulation_222.csv";"Gradual"
"139";0.201342281879195;0.503355704697987;0.248965517241379;0.282758620689655;0.4;0.603443428285857;0.601342281879195;0.00624666535368908;0.0251140515734266;0.846912002367282;0.138508181223706;0.719440063396272;1.367267495003;0.018931983823584;0.0229872537943337;"Simulation_223.csv";"Gradual"
"140";0.193288590604027;0.483221476510068;0.248965517241379;0.289655172413793;0.4;0.597647376311844;0.593288590604027;0.00659970865741955;0.0257528017555361;0.873391797777117;0.144319136963008;0.692356949180681;1.37796670226359;0.0179722191601533;0.0314994335110574;"Simulation_224.csv";"Gradual"
"141";0.193288590604027;0.483221476510068;0.248965517241379;0.296551724137931;0.4;0.593155772113943;0.593288590604027;0.00680714021568837;0.0256536804341492;0.876887982892925;0.147078999884017;0.633064780030517;1.42714456604078;0.014576503672661;0.0181724205876899;"Simulation_225.csv";"Gradual"
"142";0.189261744966443;0.473154362416107;0.248965517241379;0.303448275862069;0.4;0.589261419290355;0.589261744966443;0.00764232823062499;0.0264689384833916;0.900094371414121;0.148596910222174;0.616656437070094;1.44453622360555;0.020188287209363;0.0116959145725412;"Simulation_226.csv";"Gradual"
"143";0.185234899328859;0.463087248322147;0.248965517241379;0.310344827586207;0.4;0.5824011994003;0.585234899328859;0.00611766201752922;0.0263284619026807;0.854468321142731;0.152227538781782;0.622354093294978;1.47263280849799;0.0176950253079637;0.00552832804973451;"Simulation_227.csv";"Gradual"
"144";0.181208053691275;0.453020134228187;0.248965517241379;0.317241379310345;0.4;0.578769965017491;0.581208053691275;0.00654652063685555;0.0267385453088578;0.87024383709991;0.153788899117235;0.64448890598428;1.51122162047581;0.0169202374548522;-0.00333915906055553;"Simulation_228.csv";"Gradual"
"145";0.173154362416107;0.432885906040268;0.248965517241379;0.324137931034483;0.4;0.571975212393803;0.573154362416107;0.00732452696543376;0.0280165255317599;0.900440241134192;0.162465276005454;0.623535773540232;1.5445990310629;0.0281656296723821;0.00970457729366583;"Simulation_229.csv";"Gradual"
"146";0.185234899328859;0.463087248322147;0.01;0.351724137931035;0.4;0.705841729135432;0.585234899328859;0.00609031549335465;0.0183798523091492;0.817851312773905;0.098256303655448;1.01180283901835;0.982775105638794;0.0413053807316751;0.0931293595175923;"Simulation_23.csv";"Abrupt"
"147";0.169127516778524;0.42281879194631;0.248965517241379;0.331034482758621;0.4;0.568037531234383;0.569127516778524;0.00683406143535079;0.0270684731934732;0.887698886518582;0.158183622229361;0.621367497876055;1.53978704663951;0.0141441131350731;0.0114908109486988;"Simulation_230.csv";"Gradual"
"148";0.16510067114094;0.41275167785235;0.248965517241379;0.337931034482759;0.4;0.560980009995003;0.56510067114094;0.00656446572082603;0.0282675835882867;0.884446604358563;0.166087986240649;0.651841187853971;1.57757190842906;0.0258771711649126;0.00309865942056125;"Simulation_231.csv";"Gradual"
"149";0.157046979865772;0.39261744966443;0.248965517241379;0.344827586206897;0.4;0.556213793103448;0.557046979865772;0.00658865461647311;0.0286560469478438;0.878323151043535;0.16894716242691;0.647309083355933;1.5956191786352;0.0186361382735125;0.015844641675558;"Simulation_232.csv";"Gradual"
"150";0.157046979865772;0.39261744966443;0.248965517241379;0.351724137931035;0.4;0.549520989505247;0.557046979865772;0.00799512346498726;0.0293962658435315;0.914969362816893;0.17120605167565;0.613796741225763;1.65749078479975;0.024046216753893;-0.0152395427713906;"Simulation_233.csv";"Gradual"
"151";0.153020134228188;0.38255033557047;0.248965517241379;0.358620689655172;0.4;0.543504647676162;0.553020134228188;0.00827681178886568;0.0297507029428904;0.928520289500318;0.174551835575952;0.553472067695517;1.66777455488552;0.0162968895611849;-0.0233523838113378;"Simulation_234.csv";"Gradual"
"152";0.14496644295302;0.36241610738255;0.248965517241379;0.36551724137931;0.4;0.538065817091454;0.54496644295302;0.00693753637428502;0.030381423914627;0.89516216993928;0.1797952092367;0.625000317388691;1.67755816695565;0.0193636753780228;-0.00230373643413315;"Simulation_235.csv";"Gradual"
"153";0.140939597315436;0.35234899328859;0.248965517241379;0.372413793103448;0.4;0.532874862568716;0.540939597315436;0.0072041101319735;0.0314095898892774;0.901565750308797;0.181806294257329;0.604920825760531;1.69548464610602;0.0217506899381765;-0.00935001646232116;"Simulation_236.csv";"Gradual"
"154";0.140939597315436;0.35234899328859;0.248965517241379;0.379310344827586;0.4;0.525465917041479;0.540939597315436;0.00781481079560564;0.0319523291812354;0.920562694214733;0.19102202761989;0.548722905413048;1.79433763049502;0.0159728963802742;-0.0566960551646101;"Simulation_237.csv";"Gradual"
"155";0.132885906040269;0.332214765100672;0.248965517241379;0.386206896551724;0.4;0.517533383308346;0.532885906040269;0.00760278468704075;0.0326690550335082;0.916171765269387;0.196479692573015;0.604613898069696;1.79961571927827;0.0344143264250376;-0.0356958942370856;"Simulation_238.csv";"Gradual"
"156";0.128859060402685;0.322147651006713;0.248965517241379;0.393103448275862;0.4;0.512414292853573;0.528859060402685;0.00771411858945621;0.032791656650641;0.916968273882103;0.193219540649464;0.645946689715855;1.88238187700343;0.0299380651488318;-0.0409184967454778;"Simulation_239.csv";"Gradual"
"157";0.177181208053691;0.442953020134227;0.01;0.358620689655172;0.4;0.703261069465267;0.577181208053691;0.00627626550232478;0.0181543851981352;0.83283061703386;0.0989290362110076;0.885190599130016;0.937872562461366;0.0471036860660864;0.0930118131952395;"Simulation_24.csv";"Abrupt"
"158";0.124832214765101;0.312080536912752;0.248965517241379;0.4;0.4;0.508412893553223;0.524832214765101;0.00856815170694144;0.0329243753642191;0.934036783365703;0.198264291162725;0.585302127485706;1.88939047526806;0.0285467297401468;-0.0505282957984154;"Simulation_240.csv";"Gradual"
"159";0.249664429530201;0.624161073825502;0.283103448275862;0.2;0.4;0.633179310344828;0.649664429530201;0.00549920464468617;0.0220596099213287;0.800081697942289;0.114437861562069;0.693952626155962;1.12143647459498;0.0123921565375408;0.0406551390984828;"Simulation_241.csv";"Gradual"
"160";0.245637583892617;0.614093959731542;0.283103448275862;0.206896551724138;0.4;0.629282858570715;0.645637583892617;0.00633254854102894;0.0223009870337995;0.85009493677808;0.119755801083808;0.659241761983568;1.1382448378237;0.0101125986249618;0.039779548568513;"Simulation_242.csv";"Gradual"
"161";0.241610738255034;0.604026845637585;0.283103448275862;0.213793103448276;0.4;0.625449125437281;0.641610738255034;0.00609504556871871;0.0223027744391026;0.834583901547755;0.119634446026205;0.688106958724064;1.17630551214629;0.0129221410411792;0.0351931262139351;"Simulation_243.csv";"Gradual"
"162";0.23758389261745;0.593959731543625;0.283103448275862;0.220689655172414;0.4;0.620275412293853;0.63758389261745;0.00585832443130532;0.0228082131410256;0.835320351388072;0.124176993624724;0.637679537627435;1.18132209507784;0.00877519600223243;0.0321619362098439;"Simulation_244.csv";"Gradual"
"163";0.233557046979866;0.583892617449665;0.283103448275862;0.227586206896552;0.4;0.616308995502249;0.633557046979866;0.00603585528657536;0.0228578516535548;0.835139512532412;0.125127947214669;0.685352480639359;1.19901953848569;0.0150486252855007;0.0323414887367066;"Simulation_245.csv";"Gradual"
"164";0.229530201342282;0.573825503355705;0.283103448275862;0.23448275862069;0.4;0.611745777111444;0.629530201342282;0.00647341744430991;0.0234588414189977;0.854498071810628;0.129214236185064;0.646208597228411;1.24709854767084;0.0128921882235838;0.0235758254417568;"Simulation_246.csv";"Gradual"
"165";0.221476510067114;0.553691275167785;0.283103448275862;0.241379310344828;0.4;0.607434182908546;0.621476510067114;0.00596482111588669;0.0244486560314685;0.833634350664759;0.132466101709539;0.672287880406416;1.22797932568782;0.0144915934995056;0.0376157768468097;"Simulation_247.csv";"Gradual"
"166";0.21744966442953;0.543624161073825;0.283103448275862;0.248275862068966;0.4;0.603203298350825;0.61744966442953;0.0067325841335584;0.0243754234047203;0.870797130826956;0.134437510827058;0.633549371395518;1.25428551356624;0.0124171741812835;0.0359722002579395;"Simulation_248.csv";"Gradual"
"167";0.21744966442953;0.543624161073825;0.283103448275862;0.255172413793103;0.4;0.59876251874063;0.61744966442953;0.00611105182867676;0.0246564002403846;0.840162561802096;0.138887686270216;0.651144572676019;1.29361267340225;0.0145675547924736;0.0178015956089673;"Simulation_249.csv";"Gradual"
"168";0.177181208053691;0.442953020134227;0.01;0.36551724137931;0.4;0.700784207896052;0.577181208053691;0.00597686293006269;0.0188922394012238;0.811948915612598;0.100316230716802;0.948652921875583;1.02308688616097;0.064863781946817;0.0954832008420325;"Simulation_25.csv";"Abrupt"
"169";0.213422818791946;0.533557046979865;0.283103448275862;0.262068965517241;0.4;0.592186156921539;0.613422818791946;0.0063395720102672;0.025272291120338;0.857076090256086;0.143388013496806;0.642904218197954;1.3196104715281;0.0144097293716809;0.0135209471622188;"Simulation_250.csv";"Gradual"
"170";0.209395973154362;0.523489932885905;0.283103448275862;0.268965517241379;0.4;0.588483258370815;0.609395973154362;0.00732607497762009;0.0257224741404429;0.88834658784487;0.146553098377737;0.637675996569432;1.34289298424096;0.0188757932767519;0.0116655120052684;"Simulation_251.csv";"Gradual"
"171";0.205369127516779;0.513422818791947;0.283103448275862;0.275862068965517;0.4;0.58259820089955;0.605369127516779;0.00608582342511013;0.0263089479530886;0.85601085199068;0.150804008899009;0.637548226406951;1.36533075994015;0.0129988707129999;0.00382315287464044;"Simulation_252.csv";"Gradual"
"172";0.201342281879195;0.503355704697987;0.283103448275862;0.282758620689655;0.4;0.578639980009995;0.601342281879195;0.00689733505055396;0.0267776651733683;0.885814106696791;0.151801057336484;0.637786153529815;1.39179429420852;0.0158972090844366;-0.00160614086157759;"Simulation_253.csv";"Gradual"
"173";0.193288590604027;0.483221476510068;0.283103448275862;0.289655172413793;0.4;0.574339830084957;0.593288590604027;0.00606265847389695;0.0268446450684732;0.853810649721054;0.152446602606441;0.662676571112309;1.38190547389256;0.02084327542101;0.00644944162221095;"Simulation_254.csv";"Gradual"
"174";0.189261744966443;0.473154362416107;0.283103448275862;0.296551724137931;0.4;0.569528035982009;0.589261744966443;0.00690875087050508;0.0275827005026224;0.888281227288361;0.157303615052185;0.629976814890379;1.42857254365701;0.0169943514631757;0.00471321832228835;"Simulation_255.csv";"Gradual"
"175";0.185234899328859;0.463087248322147;0.283103448275862;0.303448275862069;0.4;0.564082658670665;0.585234899328859;0.00612011716619347;0.0279217557182401;0.854223863273543;0.162028683965277;0.594646241768992;1.44989868753896;0.0118992481088114;-0.00238915772334936;"Simulation_256.csv";"Gradual"
"176";0.181208053691275;0.453020134228187;0.283103448275862;0.310344827586207;0.4;0.558046376811594;0.581208053691275;0.0065489829833297;0.02798971627331;0.878563029153274;0.164743706698604;0.599281551786668;1.48874355049584;0.020708841934469;-0.00758883699833448;"Simulation_257.csv";"Gradual"
"177";0.173154362416107;0.432885906040268;0.283103448275862;0.317241379310345;0.4;0.553746326836582;0.573154362416107;0.0066092577307232;0.0284161057692308;0.874816841407163;0.166114669122005;0.63938477175613;1.4946952205791;0.0193078554216318;-0.00201134569448712;"Simulation_258.csv";"Gradual"
"178";0.169127516778524;0.42281879194631;0.283103448275862;0.324137931034483;0.4;0.547609795102449;0.569127516778524;0.00685673129180341;0.0295389368444056;0.885095047430994;0.1726290754688;0.632451821592523;1.51689025626864;0.0215737165898711;-0.00811657082067253;"Simulation_259.csv";"Gradual"
"179";0.173154362416107;0.432885906040268;0.01;0.372413793103448;0.4;0.695970314842579;0.573154362416107;0.00560806279840237;0.0186892983318765;0.801496078425594;0.102879183635995;1.00431259102049;1.09214929399514;0.102378808668924;0.0979900531169559;"Simulation_26.csv";"Abrupt"
"180";0.169127516778524;0.42281879194631;0.283103448275862;0.331034482758621;0.4;0.541433283358321;0.569127516778524;0.00742955393440063;0.0291603829763986;0.900685466119118;0.17615895183808;0.570183692533543;1.55814889007091;0.0154649235622062;-0.025444152733874;"Simulation_260.csv";"Gradual"
"181";0.16510067114094;0.41275167785235;0.283103448275862;0.337931034482759;0.4;0.536234382808596;0.56510067114094;0.00703041657594942;0.03003697370338;0.897788730870176;0.179135573397066;0.60024243208943;1.58382233181485;0.0149660462578086;-0.0338056933171346;"Simulation_261.csv";"Gradual"
"182";0.161073825503356;0.40268456375839;0.283103448275862;0.344827586206897;0.4;0.528819190404798;0.561073825503356;0.00726014128954994;0.0308729303248834;0.90538913419568;0.182228884287959;0.583038903523986;1.60389257415309;0.016654420839185;-0.03804930592226;"Simulation_262.csv";"Gradual"
"183";0.153020134228188;0.38255033557047;0.283103448275862;0.351724137931035;0.4;0.52248375812094;0.553020134228188;0.00719959311832726;0.0320257985504079;0.900619347349127;0.18626094945263;0.57574257395106;1.60194820190108;0.0194466519570801;-0.0350156568630283;"Simulation_263.csv";"Gradual"
"184";0.153020134228188;0.38255033557047;0.283103448275862;0.358620689655172;0.4;0.518030334832584;0.553020134228188;0.0074697573145204;0.0316954618298368;0.908628890006031;0.18897195247688;0.520207028085343;1.62186958205758;0.00595066390820967;-0.0635072498751652;"Simulation_264.csv";"Gradual"
"185";0.148993288590604;0.37248322147651;0.283103448275862;0.36551724137931;0.4;0.509201549225387;0.548993288590604;0.00772367157501539;0.0334677028700466;0.921560265138375;0.200184686254407;0.503552473472524;1.66152991218803;0.017533523977702;-0.0775732779298301;"Simulation_265.csv";"Gradual"
"186";0.140939597315436;0.35234899328859;0.283103448275862;0.372413793103448;0.4;0.504174512743628;0.540939597315436;0.00727542507864403;0.0322729658362471;0.911261656974307;0.198280231352406;0.524869857430817;1.68870874681864;0.00313812721736802;-0.0574354464614232;"Simulation_266.csv";"Gradual"
"187";0.136912751677852;0.34228187919463;0.283103448275862;0.379310344827586;0.4;0.498529635182409;0.536912751677852;0.00820067718647927;0.0325475242205711;0.926758681652129;0.19792696703881;0.503950850509694;1.77421389072951;0.0077868390000296;-0.074058956075328;"Simulation_267.csv";"Gradual"
"188";0.132885906040269;0.332214765100672;0.283103448275862;0.386206896551724;0.4;0.49076351824088;0.532885906040269;0.00806824072619255;0.0341384578962704;0.922946317168084;0.207642159443276;0.51446430728905;1.75737563770362;0.00998924821467698;-0.0847931521930332;"Simulation_268.csv";"Gradual"
"189";0.128859060402685;0.322147651006713;0.283103448275862;0.393103448275862;0.4;0.482227936031984;0.528859060402685;0.00923550616847317;0.0348587239583333;0.94949932305719;0.212545768272273;0.519105154539549;1.78025041414468;0.0231586298005236;-0.0992282578855026;"Simulation_269.csv";"Gradual"
"190";0.169127516778524;0.42281879194631;0.01;0.379310344827586;0.4;0.69361984007996;0.569127516778524;0.00653018385456434;0.0191838987835082;0.851045273551818;0.106493444878607;0.953573683633688;1.07289852211266;0.0586440260305097;0.101467674753114;"Simulation_27.csv";"Abrupt"
"191";0.128859060402685;0.322147651006713;0.283103448275862;0.4;0.4;0.474794402798601;0.528859060402685;0.00896667489405477;0.0358252613272145;0.943069741537794;0.218631139008787;0.484557204863134;1.84667160583427;0.0121903204529748;-0.141652394089314;"Simulation_270.csv";"Gradual"
"192";0.249664429530201;0.624161073825502;0.317241379310345;0.2;0.4;0.612323488255872;0.649664429530201;0.00605079399963236;0.0240017637310606;0.839619710190647;0.128024074305158;0.635535334833081;1.1342305080383;0.00862510340536294;0.0263916381513074;"Simulation_271.csv";"Gradual"
"193";0.245637583892617;0.614093959731542;0.317241379310345;0.206896551724138;0.4;0.608272613693153;0.645637583892617;0.00604393411737689;0.0238677875509907;0.838175225721782;0.130470938313949;0.634101520582539;1.15095625183481;0.0112584921961501;0.0220680838895635;"Simulation_272.csv";"Gradual"
"194";0.241610738255034;0.604026845637585;0.317241379310345;0.213793103448276;0.4;0.603342578710645;0.641610738255034;0.00604804730032153;0.0242350342365967;0.846768650528364;0.130075742152515;0.652359624962168;1.18825786927884;0.00877147408953938;0.0168505811462498;"Simulation_273.csv";"Gradual"
"195";0.233557046979866;0.583892617449665;0.317241379310345;0.220689655172414;0.4;0.599022338830585;0.633557046979866;0.00557780474085786;0.0246463723776224;0.811653662771888;0.132740684818981;0.668047654316385;1.17514053812077;0.0120918095186574;0.026864401475494;"Simulation_274.csv";"Gradual"
"196";0.233557046979866;0.583892617449665;0.317241379310345;0.227586206896552;0.4;0.595035982008996;0.633557046979866;0.00600335195100838;0.024900895979021;0.841253074573862;0.137250044218499;0.628366884663194;1.22790724661712;0.00850516756001003;0.0122771772239725;"Simulation_275.csv";"Gradual"
"197";0.229530201342282;0.573825503355705;0.317241379310345;0.23448275862069;0.4;0.590252673663168;0.629530201342282;0.006393726933327;0.024756602381993;0.864780839873297;0.137011991543865;0.620489660070425;1.2300244638169;0.0116258218202434;0.010602750934362;"Simulation_276.csv";"Gradual"
"198";0.225503355704698;0.563758389261745;0.317241379310345;0.241379310344828;0.4;0.584904247876062;0.625503355704698;0.00583430518112712;0.026388446969697;0.822013973072463;0.144103072313241;0.598594611576092;1.24250150502246;0.00707461368674013;0.00260188939401283;"Simulation_277.csv";"Gradual"
"199";0.21744966442953;0.543624161073825;0.317241379310345;0.248275862068966;0.4;0.581413293353323;0.61744966442953;0.00643132359615039;0.0259878350815851;0.864971509965969;0.143968387475955;0.612147683231888;1.25003098829404;0.0146942135297842;0.0143227571946678;"Simulation_278.csv";"Gradual"
"200";0.213422818791946;0.533557046979865;0.317241379310345;0.255172413793103;0.4;0.576944577711144;0.613422818791946;0.00671540630446758;0.0261049706803613;0.875087818437432;0.147679246407011;0.602808709533464;1.27873854301051;0.0120884907464555;0.00654036523594763;"Simulation_279.csv";"Gradual"
"201";0.16510067114094;0.41275167785235;0.01;0.386206896551724;0.4;0.689075212393803;0.56510067114094;0.00657589653715494;0.0196223767118298;0.851797641880423;0.107668913528916;0.854561100009483;1.06116554682425;0.0320134057834938;0.100805687007269;"Simulation_28.csv";"Abrupt"
"202";0.209395973154362;0.523489932885905;0.317241379310345;0.262068965517241;0.4;0.571086856571714;0.609395973154362;0.00670095904807051;0.0265190204326923;0.873087727109156;0.152326773603616;0.58237321202474;1.30752130588919;0.00838570982133976;0.00493640166696811;"Simulation_280.csv";"Gradual"
"203";0.205369127516779;0.513422818791947;0.317241379310345;0.268965517241379;0.4;0.564886506746627;0.605369127516779;0.00692715726983872;0.0278031277316434;0.880801386441096;0.156067157556442;0.592966280851512;1.31984584479711;0.00923549222383037;0.0017515917343908;"Simulation_281.csv";"Gradual"
"204";0.197315436241611;0.493288590604027;0.317241379310345;0.275862068965517;0.4;0.559750624687656;0.597315436241611;0.0068171123549176;0.0272133759469697;0.88421715786218;0.158477064138775;0.561850604772364;1.32860470362822;0.0138463535519598;0.00769027243035914;"Simulation_282.csv";"Gradual"
"205";0.197315436241611;0.493288590604027;0.317241379310345;0.282758620689655;0.4;0.555054672663668;0.597315436241611;0.00630067610699815;0.027246259469697;0.857488124813513;0.158143151885337;0.613850629318817;1.35672965105623;0.0254520694920936;-0.00819597540239876;"Simulation_283.csv";"Gradual"
"206";0.193288590604027;0.483221476510068;0.317241379310345;0.289655172413793;0.4;0.550702948525737;0.593288590604027;0.0066332327188068;0.028405672712704;0.881956406144977;0.161603426392054;0.557945331087525;1.36179453335123;0.0106208659286317;-0.0169577200168385;"Simulation_284.csv";"Gradual"
"207";0.189261744966443;0.473154362416107;0.317241379310345;0.296551724137931;0.4;0.543643778110945;0.589261744966443;0.00744233582410392;0.0288354931526807;0.904495249050434;0.168497600046478;0.556527711055475;1.40363323731111;0.0119138599997537;-0.0218668865545833;"Simulation_285.csv";"Gradual"
"208";0.185234899328859;0.463087248322147;0.317241379310345;0.303448275862069;0.4;0.538906846576712;0.585234899328859;0.0064865736796054;0.0298243516899767;0.876359938470183;0.174029564947009;0.588101631803268;1.42270033786018;0.00683354372150876;-0.0329933079935576;"Simulation_286.csv";"Gradual"
"209";0.177181208053691;0.442953020134227;0.317241379310345;0.310344827586207;0.4;0.532947226386807;0.577181208053691;0.00732520058109151;0.0304280721882284;0.904199254273306;0.176991301432338;0.518808377439241;1.46431277437208;0.00398971851301396;-0.0217481833352016;"Simulation_287.csv";"Gradual"
"210";0.173154362416107;0.432885906040268;0.317241379310345;0.317241379310345;0.4;0.528767316341829;0.573154362416107;0.0068391308836999;0.0298045053904429;0.889724044355263;0.176972893484384;0.56155855974546;1.46530052044457;0.0140157733107527;-0.0242671571940736;"Simulation_288.csv";"Gradual"
"211";0.16510067114094;0.41275167785235;0.317241379310345;0.324137931034483;0.4;0.521510944527736;0.56510067114094;0.00802389089889819;0.0313684813884033;0.920414199352873;0.185482826088892;0.528625228907271;1.46717118243242;0.0110023947043452;-0.0166045648807458;"Simulation_289.csv";"Gradual"
"212";0.161073825503356;0.40268456375839;0.01;0.393103448275862;0.4;0.686667266366817;0.561073825503356;0.00628428380752439;0.0200725843167249;0.840226405005723;0.10947995463445;0.908848322537627;1.15565116399071;0.0563628566750545;0.0959715811355079;"Simulation_29.csv";"Abrupt"
"213";0.169127516778524;0.42281879194631;0.317241379310345;0.331034482758621;0.4;0.513693603198401;0.569127516778524;0.00730026020498378;0.0316190832604895;0.899886683065738;0.190320670173668;0.513362043783809;1.4540493221657;0.0105531109924302;-0.0656984494558327;"Simulation_290.csv";"Gradual"
"214";0.157046979865772;0.39261744966443;0.317241379310345;0.337931034482759;0.4;0.510998950524738;0.557046979865772;0.0074148792234298;0.0317118498688811;0.911221999436998;0.19029794566505;0.557931441618975;1.53904524980455;0.0205221546108799;-0.0304119545633695;"Simulation_291.csv";"Gradual"
"215";0.161073825503356;0.40268456375839;0.317241379310345;0.344827586206897;0.4;0.500671014492754;0.561073825503356;0.00742824941828758;0.033300186662296;0.914278581607025;0.197877410881361;0.505706450006485;1.53530000404233;0.0163191144748749;-0.0853291397922879;"Simulation_292.csv";"Gradual"
"216";0.157046979865772;0.39261744966443;0.317241379310345;0.351724137931035;0.4;0.496994352823588;0.557046979865772;0.0071216334568309;0.0328290892701049;0.907201698237186;0.199289497757777;0.526244767008953;1.6200561136708;0.00836161849563346;-0.0941574121774382;"Simulation_293.csv";"Gradual"
"217";0.148993288590604;0.37248322147651;0.317241379310345;0.358620689655172;0.4;0.48785972013993;0.548993288590604;0.00738624713380477;0.0339070867934149;0.912719940161658;0.20609141731896;0.51297492230067;1.62664947689202;0.00492356362348556;-0.08732827579036;"Simulation_294.csv";"Gradual"
"218";0.14496644295302;0.36241610738255;0.317241379310345;0.36551724137931;0.4;0.482681509245377;0.54496644295302;0.00764249618390742;0.0346824419070513;0.924271489783318;0.210403261768485;0.491491218864665;1.6351065163013;0.0089383888862405;-0.0925313814994632;"Simulation_295.csv";"Gradual"
"219";0.140939597315436;0.35234899328859;0.317241379310345;0.372413793103448;0.4;0.47838215892054;0.540939597315436;0.00823369640785544;0.034408440777972;0.933714104640726;0.209979415634219;0.478406418791732;1.63339821383102;0.0176802159199076;-0.102433349298193;"Simulation_296.csv";"Gradual"
"220";0.140939597315436;0.35234899328859;0.317241379310345;0.379310344827586;0.4;0.46792183908046;0.540939597315436;0.00706258860589316;0.0357855532488345;0.907348936609235;0.218568010991079;0.511818532260274;1.68759935526806;0.00544586901628527;-0.146245858459335;"Simulation_297.csv";"Gradual"
"221";0.132885906040269;0.332214765100672;0.317241379310345;0.386206896551724;0.4;0.46209980009995;0.532885906040269;0.00632055297897423;0.035969357335373;0.887624306546037;0.223010960572071;0.503656753475279;1.72280974762113;0.00133267402498751;-0.14063311585223;"Simulation_298.csv";"Gradual"
"222";0.120805369127517;0.302013422818792;0.317241379310345;0.393103448275862;0.4;0.451442328835582;0.520805369127517;0.00848699077257735;0.0372633504516317;0.942153621884375;0.229816858552113;0.501920000514817;1.74025348843293;0.00974262410245455;-0.107960815561864;"Simulation_299.csv";"Gradual"
"223";0.269798657718121;0.674496644295302;0.01;0.213793103448276;0.4;0.761889355322339;0.669798657718121;0.00493538262287565;0.0140028600305944;0.697139071526505;0.0654072016920903;0.997268017956896;0.655609333056644;0.0308150315578458;0.0701203220378986;"Simulation_3.csv";"Abrupt"
"224";0.157046979865772;0.39261744966443;0.01;0.4;0.4;0.682834332833583;0.557046979865772;0.006310738916099;0.0203422758231352;0.847852232817043;0.112542489731949;0.920395300979488;1.16984827427237;0.0751783686495353;0.0991219904005427;"Simulation_30.csv";"Abrupt"
"225";0.120805369127517;0.302013422818792;0.317241379310345;0.4;0.4;0.44798155922039;0.520805369127517;0.00869443527594611;0.0371884560751748;0.942043312719448;0.232177884946805;0.42580628079154;1.79084405580411;0.0127396263409498;-0.136234807165072;"Simulation_300.csv";"Gradual"
"226";0.249664429530201;0.624161073825502;0.351379310344828;0.2;0.4;0.589716891554223;0.649664429530201;0.00611072291408583;0.0244043487762238;0.850856204776958;0.133162446431694;0.611542623110973;1.13093889774133;0.00787466592712893;0.00982997969569654;"Simulation_301.csv";"Gradual"
"227";0.245637583892617;0.614093959731542;0.351379310344828;0.206896551724138;0.4;0.586207046476762;0.645637583892617;0.00597474646510953;0.0249705601689977;0.843764537657976;0.138650487076235;0.544077493271262;1.16518903027198;0.00229177267315461;0.00819200506649691;"Simulation_302.csv";"Gradual"
"228";0.241610738255034;0.604026845637585;0.351379310344828;0.213793103448276;0.4;0.582353173413293;0.641610738255034;0.00598701270872317;0.0251150759396853;0.839880321741935;0.14095381898634;0.595417984456759;1.1686412826628;0.00765989022944777;0.00452807786611094;"Simulation_303.csv";"Gradual"
"229";0.23758389261745;0.593959731543625;0.351379310344828;0.220689655172414;0.4;0.576299050474763;0.63758389261745;0.00599270674219514;0.0253531942016317;0.847243870743344;0.143774335042421;0.605804221884104;1.17871719422787;0.00689199036893902;-0.00333784768116465;"Simulation_304.csv";"Gradual"
"230";0.233557046979866;0.583892617449665;0.351379310344828;0.227586206896552;0.4;0.572258470764618;0.633557046979866;0.00615349896077588;0.0264726480550699;0.851169922283885;0.149358731620622;0.610560611081029;1.21328134802955;0.0057471660145048;-0.0046400814080277;"Simulation_305.csv";"Gradual"
"231";0.229530201342282;0.573825503355705;0.351379310344828;0.23448275862069;0.4;0.567247076461769;0.629530201342282;0.00619080065085694;0.0265037714889277;0.864378687721788;0.147500208900505;0.63925044954365;1.23650164755847;0.0090271101324519;-0.00754613533633157;"Simulation_306.csv";"Gradual"
"232";0.221476510067114;0.553691275167785;0.351379310344828;0.241379310344828;0.4;0.561467516241879;0.621476510067114;0.00666000407491325;0.0271547876602564;0.886143022750499;0.151942543548353;0.59650786403265;1.23701128243506;0.00754174931135284;-0.00212260341514836;"Simulation_307.csv";"Gradual"
"233";0.213422818791946;0.533557046979865;0.351379310344828;0.248275862068966;0.4;0.557054172913543;0.613422818791946;0.00703574401382583;0.0276263676427739;0.885236633421114;0.156311591201459;0.605233039806971;1.23865268080616;0.0108423153600441;0.000985197659360184;"Simulation_308.csv";"Gradual"
"234";0.213422818791946;0.533557046979865;0.351379310344828;0.255172413793103;0.4;0.551054172913543;0.613422818791946;0.00654350776175026;0.0274856078817016;0.878198124031056;0.161025000437132;0.600111220349148;1.26597578201618;0.0103765823294014;-0.0122190053035193;"Simulation_309.csv";"Gradual"
"235";0.273825503355705;0.684563758389262;0.0441379310344828;0.2;0.4;0.754490104947526;0.673825503355705;0.00481663181476231;0.0144039927520396;0.693842367800512;0.0640181924074389;0.985712462291943;0.746631994769877;0.03394486877002;0.0672098920775317;"Simulation_31.csv";"Abrupt"
"236";0.209395973154362;0.523489932885905;0.351379310344828;0.262068965517241;0.4;0.54638355822089;0.609395973154362;0.00600025120580244;0.0282809531614219;0.856416830816475;0.162261972883115;0.575364608543095;1.26721389065945;0.00693572209279642;-0.0166631303948012;"Simulation_310.csv";"Gradual"
"237";0.201342281879195;0.503355704697987;0.351379310344828;0.268965517241379;0.4;0.541272113943028;0.601342281879195;0.00617703990427539;0.0284397208260489;0.857975038975004;0.165731505517829;0.614887670872068;1.32083259937385;0.0107586182129066;-0.0121825754769951;"Simulation_311.csv";"Gradual"
"238";0.201342281879195;0.503355704697987;0.351379310344828;0.275862068965517;0.4;0.53652283858071;0.601342281879195;0.00658510919715313;0.0296049825174825;0.878913821946941;0.169463242272435;0.514366441817257;1.30911340418198;0.00293518519749205;-0.0278404316419502;"Simulation_312.csv";"Gradual"
"239";0.193288590604027;0.483221476510068;0.351379310344828;0.282758620689655;0.4;0.531414642678661;0.593288590604027;0.00758802217213139;0.0293917431526807;0.912867452681499;0.172508940724696;0.571392306667979;1.32906582194568;0.0136901153183451;-0.022801913144674;"Simulation_313.csv";"Gradual"
"240";0.193288590604027;0.483221476510068;0.351379310344828;0.289655172413793;0.4;0.525140729635182;0.593288590604027;0.00680343995838622;0.0305584881264569;0.89290258240798;0.178458920815657;0.525790993046291;1.33803069774212;0.00607317954954341;-0.0453166830969439;"Simulation_314.csv";"Gradual"
"241";0.189261744966443;0.473154362416107;0.351379310344828;0.296551724137931;0.4;0.51777836081959;0.589261744966443;0.00704915431181246;0.0314755727345571;0.899572196292937;0.184250011428055;0.537235944975914;1.39956456658443;0.00321071194014484;-0.0501385563930705;"Simulation_315.csv";"Gradual"
"242";0.181208053691275;0.453020134228187;0.351379310344828;0.303448275862069;0.4;0.513715342328836;0.581208053691275;0.0073281914204838;0.0310762756774476;0.910444560057817;0.186064752295777;0.521586884938085;1.39373938922131;0.0169857585562634;-0.046286361007296;"Simulation_316.csv";"Gradual"
"243";0.177181208053691;0.442953020134227;0.351379310344828;0.310344827586207;0.4;0.506807546226887;0.577181208053691;0.00735345211625037;0.0321767837631119;0.905155649313776;0.189766287806717;0.550491916932848;1.39136466117896;0.00999556244011678;-0.0493811909363601;"Simulation_317.csv";"Gradual"
"244";0.169127516778524;0.42281879194631;0.351379310344828;0.317241379310345;0.4;0.501784407796102;0.569127516778524;0.00678084041705888;0.0320303166885198;0.893567636993251;0.193492880987729;0.563229679103179;1.40179181969573;0.0125209598547152;-0.0427607568284082;"Simulation_318.csv";"Gradual"
"245";0.169127516778524;0.42281879194631;0.351379310344828;0.324137931034483;0.4;0.495638380809595;0.569127516778524;0.00761454175751315;0.0334402917395105;0.922978051532248;0.199822882890113;0.496616652539143;1.44751459837184;0.00969468317663502;-0.0639769042377602;"Simulation_319.csv";"Gradual"
"246";0.265771812080537;0.664429530201342;0.0441379310344828;0.206896551724138;0.4;0.751237781109445;0.665771812080537;0.00537747541826673;0.0149583998033217;0.76250213644544;0.069840646141861;0.94012822745137;0.699356833905991;0.0294183283402998;0.0740964484533121;"Simulation_32.csv";"Abrupt"
"247";0.16510067114094;0.41275167785235;0.351379310344828;0.331034482758621;0.4;0.489604197901049;0.56510067114094;0.00705216791978293;0.0333475178467366;0.903420621019078;0.200855537788307;0.52724877298138;1.47127277228479;0.0140074662572853;-0.072908141058932;"Simulation_320.csv";"Gradual"
"248";0.157046979865772;0.39261744966443;0.351379310344828;0.337931034482759;0.4;0.481538530734633;0.557046979865772;0.00683289174802147;0.0336909600815851;0.902330622923752;0.204135329629147;0.561786613380975;1.48284661472671;0.0109603143818004;-0.0671254441752035;"Simulation_321.csv";"Gradual"
"249";0.157046979865772;0.39261744966443;0.351379310344828;0.344827586206897;0.4;0.47652083958021;0.557046979865772;0.00723824705952709;0.0349294398310023;0.913581834674871;0.213275918629097;0.523486309034581;1.50512485960246;0.00430492199597979;-0.0932379040937328;"Simulation_322.csv";"Gradual"
"250";0.153020134228188;0.38255033557047;0.351379310344828;0.351724137931035;0.4;0.468762368815592;0.553020134228188;0.00703453325999011;0.0348867178394522;0.910180975892452;0.215557642858386;0.507219471302624;1.51516560708431;0.00792322092523815;-0.108483148413489;"Simulation_323.csv";"Gradual"
"251";0.148993288590604;0.37248322147651;0.351379310344828;0.358620689655172;0.4;0.464763968015992;0.548993288590604;0.00764510209526181;0.0355128551136364;0.925775189235662;0.218024535149368;0.424892184313204;1.57623153037547;-0.000513587843405679;-0.118586498649608;"Simulation_324.csv";"Gradual"
"252";0.140939597315436;0.35234899328859;0.351379310344828;0.36551724137931;0.4;0.454815792103948;0.540939597315436;0.00746674698143426;0.0361908080201049;0.917494892506195;0.224362343503104;0.499796409937257;1.60909532727194;0.00742523052439688;-0.114330514198874;"Simulation_325.csv";"Gradual"
"253";0.140939597315436;0.35234899328859;0.351379310344828;0.372413793103448;0.4;0.445562668665667;0.540939597315436;0.00820861076398818;0.0374045154064685;0.935841733024711;0.231050131577326;0.428090808677223;1.57421233491803;-0.00617942782728936;-0.149235013889897;"Simulation_326.csv";"Gradual"
"254";0.128859060402685;0.322147651006713;0.351379310344828;0.379310344827586;0.4;0.441963768115942;0.528859060402685;0.00797611632276028;0.0376205975014569;0.934104528815169;0.234849269595685;0.515787311296036;1.58366212075368;0.0199189516471396;-0.117727419359348;"Simulation_327.csv";"Gradual"
"255";0.128859060402685;0.322147651006713;0.351379310344828;0.386206896551724;0.4;0.432628285857071;0.528859060402685;0.00716297490643691;0.0382642655521562;0.917652319540014;0.233866468320135;0.417172081339468;1.65213806716159;0.00319138671869316;-0.153219639349349;"Simulation_328.csv";"Gradual"
"256";0.124832214765101;0.312080536912752;0.351379310344828;0.393103448275862;0.4;0.426344577711144;0.524832214765101;0.00714028303599255;0.0385948044143357;0.91660884126453;0.242108375720813;0.471063648973806;1.67752786257736;-0.00126771147615942;-0.16947325643606;"Simulation_329.csv";"Gradual"
"257";0.261744966442953;0.654362416107382;0.0441379310344828;0.213793103448276;0.4;0.747999300349825;0.661744966442953;0.00491936373022415;0.0150136582167832;0.716395426368697;0.0721661206118342;0.971536822062589;0.718441694704593;0.0400539154062744;0.0754959462838669;"Simulation_33.csv";"Abrupt"
"258";0.120805369127517;0.302013422818792;0.351379310344828;0.4;0.4;0.419851424287856;0.520805369127517;0.0078871489918975;0.0395081421182984;0.93556227570048;0.24589425071413;0.423443510383724;1.70462469652431;-0.00863443529768994;-0.193895265561507;"Simulation_330.csv";"Gradual"
"259";0.245637583892617;0.614093959731542;0.38551724137931;0.2;0.4;0.567833633183408;0.645637583892617;0.00580904581178168;0.026311353620338;0.839500423317489;0.144331970637652;0.596841031674915;1.11424449479058;0.00792544961318935;0.000576464036424424;"Simulation_331.csv";"Gradual"
"260";0.245637583892617;0.614093959731542;0.38551724137931;0.206896551724138;0.4;0.56351864067966;0.645637583892617;0.00601768288889705;0.0266376010708042;0.849890677863822;0.149277439450809;0.586746944368495;1.13902937575123;0.00731163882025081;-0.0115087370628595;"Simulation_332.csv";"Gradual"
"261";0.23758389261745;0.593959731543625;0.38551724137931;0.213793103448276;0.4;0.559099950024987;0.63758389261745;0.00603690856295681;0.0261748588650932;0.854074702007273;0.148781584037063;0.585821090821854;1.1442346855825;0.00853576521031803;-0.00363561146452205;"Simulation_333.csv";"Gradual"
"262";0.233557046979866;0.583892617449665;0.38551724137931;0.220689655172414;0.4;0.554214092953523;0.633557046979866;0.00568248900477206;0.0267621539918415;0.841313654833101;0.153718934529662;0.577241071011807;1.16450092601636;0.0065422965111389;-0.00515658251225447;"Simulation_334.csv";"Gradual"
"263";0.229530201342282;0.573825503355705;0.38551724137931;0.227586206896552;0.4;0.548112993503248;0.629530201342282;0.00588459183669163;0.0280125956075175;0.842256392657759;0.157544965442688;0.570390296132555;1.18926875568046;0.00525857679437381;-0.0155149187145411;"Simulation_335.csv";"Gradual"
"264";0.225503355704698;0.563758389261745;0.38551724137931;0.23448275862069;0.4;0.544265567216392;0.625503355704698;0.0068030830356982;0.027756351981352;0.882048514570904;0.158291033062774;0.578701005478809;1.18164970262186;0.00863735368859712;-0.0167379540069871;"Simulation_336.csv";"Gradual"
"265";0.21744966442953;0.543624161073825;0.38551724137931;0.241379310344828;0.4;0.538620339830085;0.61744966442953;0.00651963810993047;0.0282716564685315;0.8792001486395;0.165923692229244;0.559828148526984;1.19403561590563;0.00718577118327315;-0.0116441332925501;"Simulation_337.csv";"Gradual"
"266";0.213422818791946;0.533557046979865;0.38551724137931;0.248275862068966;0.4;0.534064567716142;0.613422818791946;0.00639418555607649;0.0287079763986014;0.869553916416629;0.168732958879333;0.554841657800954;1.20488236702337;0.00947125221684805;-0.0178062033973187;"Simulation_338.csv";"Gradual"
"267";0.213422818791946;0.533557046979865;0.38551724137931;0.255172413793103;0.4;0.526334282858571;0.613422818791946;0.00645785212729055;0.0296786321751165;0.882038873503343;0.171229524860711;0.545555992065318;1.23716312694661;0.003595204982913;-0.0347241868231555;"Simulation_339.csv";"Gradual"
"268";0.257718120805369;0.644295302013423;0.0441379310344828;0.220689655172414;0.4;0.746032683658171;0.657718120805369;0.00508931540036357;0.014858415282634;0.720809786164763;0.0727070960105002;0.984328243981915;0.749648236804357;0.0275407355625008;0.074345499821528;"Simulation_34.csv";"Abrupt"
"269";0.205369127516779;0.513422818791947;0.38551724137931;0.262068965517241;0.4;0.523074812593703;0.605369127516779;0.00640334563157115;0.0289994591346154;0.876632650642528;0.171252941956011;0.535091560837535;1.23541410777905;0.00447929972519412;-0.03000010299673;"Simulation_340.csv";"Gradual"
"270";0.201342281879195;0.503355704697987;0.38551724137931;0.268965517241379;0.4;0.518792003998001;0.601342281879195;0.00610123725419558;0.0303403709571678;0.86675221356315;0.181223193358007;0.544924679326192;1.26230065016167;0.00908444990685667;-0.0342015734966156;"Simulation_341.csv";"Gradual"
"271";0.201342281879195;0.503355704697987;0.38551724137931;0.275862068965517;0.4;0.512996751624188;0.601342281879195;0.00641849861282049;0.0308042112835082;0.878164056765836;0.181763205341009;0.51761865726545;1.29233442924574;0.00341209601563425;-0.05138154912978;"Simulation_342.csv";"Gradual"
"272";0.197315436241611;0.493288590604027;0.38551724137931;0.282758620689655;0.4;0.50543588205897;0.597315436241611;0.00665397188407668;0.0315492833988928;0.888820942881703;0.184196624550626;0.521371848136299;1.27931018590639;0.00721118085613682;-0.0600234659697213;"Simulation_343.csv";"Gradual"
"273";0.189261744966443;0.473154362416107;0.38551724137931;0.289655172413793;0.4;0.497771314342829;0.589261744966443;0.00673981577801939;0.0321122086247086;0.898210461480173;0.192483774769467;0.460880934145519;1.29572923634538;0.00692276006583788;-0.0551807581188311;"Simulation_344.csv";"Gradual"
"274";0.185234899328859;0.463087248322147;0.38551724137931;0.296551724137931;0.4;0.494404697651174;0.585234899328859;0.00680441312098549;0.0325426391317016;0.888890880303705;0.195962669633063;0.518311265614318;1.35137224550375;0.00201969241889993;-0.064790602098937;"Simulation_345.csv";"Gradual"
"275";0.177181208053691;0.442953020134227;0.38551724137931;0.303448275862069;0.4;0.48831924037981;0.577181208053691;0.00659853882482241;0.0328513221153846;0.891996048667825;0.198014369591113;0.477136323877405;1.32185101620039;0.00339280784141281;-0.0563229445807348;"Simulation_346.csv";"Gradual"
"276";0.173154362416107;0.432885906040268;0.38551724137931;0.310344827586207;0.4;0.482775662168916;0.573154362416107;0.00692697570183504;0.0344138293997669;0.899961513530651;0.205977175671766;0.536242970624427;1.34341555210525;0.0140249803606688;-0.0668527123822873;"Simulation_347.csv";"Gradual"
"277";0.173154362416107;0.432885906040268;0.38551724137931;0.317241379310345;0.4;0.475973263368316;0.573154362416107;0.00641881140049328;0.0340735467657343;0.888914690960245;0.205313311139206;0.449651767634775;1.3712644215483;-0.00180559869337033;-0.0889142851308588;"Simulation_348.csv";"Gradual"
"278";0.169127516778524;0.42281879194631;0.38551724137931;0.324137931034483;0.4;0.468261219390305;0.569127516778524;0.00694280457108969;0.0348576731861888;0.905187585863286;0.211023293942287;0.455116774890503;1.38643900867733;0.0050552762303241;-0.0973858523894037;"Simulation_349.csv";"Gradual"
"279";0.253691275167785;0.634228187919462;0.0441379310344828;0.227586206896552;0.4;0.7437031984008;0.653691275167785;0.005183072425224;0.014921925990676;0.740239003586697;0.0703498687616232;0.999748609936074;0.7404769026972;0.0320825218892529;0.075974119410133;"Simulation_35.csv";"Abrupt"
"280";0.16510067114094;0.41275167785235;0.38551724137931;0.331034482758621;0.4;0.464123388305847;0.56510067114094;0.00790397322323673;0.034804649256993;0.928397400577698;0.214198843763401;0.41577731357753;1.39183714754294;0.000967858954894797;-0.103206768804393;"Simulation_350.csv";"Gradual"
"281";0.157046979865772;0.39261744966443;0.38551724137931;0.337931034482759;0.4;0.454865667166417;0.557046979865772;0.00793330862044118;0.035654398856352;0.926554826641339;0.219386609345372;0.394622620674584;1.41412445340653;-0.00581335432705214;-0.0993469073043734;"Simulation_351.csv";"Gradual"
"282";0.157046979865772;0.39261744966443;0.38551724137931;0.344827586206897;0.4;0.44793748125937;0.557046979865772;0.00713357515224825;0.0364258185824592;0.920605108949731;0.223567422939569;0.463246610342563;1.4553892898454;-0.000158963700939207;-0.130907191041598;"Simulation_352.csv";"Gradual"
"283";0.153020134228188;0.38255033557047;0.38551724137931;0.351724137931035;0.4;0.443305647176412;0.553020134228188;0.0077787102461432;0.0365346773018648;0.929473767489547;0.225253086137125;0.401049326630183;1.46051659379902;-0.00124684079420228;-0.142833005955769;"Simulation_353.csv";"Gradual"
"284";0.14496644295302;0.36241610738255;0.38551724137931;0.358620689655172;0.4;0.436470064967516;0.54496644295302;0.00751859152007722;0.0377570221445221;0.926909063089721;0.234730348034019;0.466568758654179;1.50950200943517;0.00827503881036445;-0.134553110949544;"Simulation_354.csv";"Gradual"
"285";0.140939597315436;0.35234899328859;0.38551724137931;0.36551724137931;0.4;0.430431984007996;0.540939597315436;0.00748445231875681;0.0378522144522145;0.92667992410191;0.235683950445556;0.402846658616779;1.50526330047614;-0.00972990971901572;-0.146489283524049;"Simulation_355.csv";"Gradual"
"286";0.136912751677852;0.34228187919463;0.38551724137931;0.372413793103448;0.4;0.421663018490755;0.536912751677852;0.00715777980131814;0.0383878596663753;0.922245833814553;0.240955252941279;0.386837879923524;1.46484053823009;-0.000900820948287982;-0.16069058718251;"Simulation_356.csv";"Gradual"
"287";0.132885906040269;0.332214765100672;0.38551724137931;0.379310344827586;0.4;0.413037031484258;0.532885906040269;0.00750670187122868;0.0390597792832168;0.932145480506452;0.244701188844335;0.3916177018433;1.54127261535287;-0.00706603812555616;-0.179374686948245;"Simulation_357.csv";"Gradual"
"288";0.124832214765101;0.312080536912752;0.38551724137931;0.386206896551724;0.4;0.402991054472764;0.524832214765101;0.0077720341569972;0.0401329927884615;0.935849737535433;0.256202880075131;0.523679010561441;1.50927120484472;0.0151318646100583;-0.176055604174012;"Simulation_358.csv";"Gradual"
"289";0.120805369127517;0.302013422818792;0.38551724137931;0.393103448275862;0.4;0.395271764117941;0.520805369127517;0.00919577442830846;0.0404246694711538;0.957636581795566;0.259479354695098;0.42765413682492;1.55289179974343;0.0067995145973526;-0.190031926553527;"Simulation_359.csv";"Gradual"
"290";0.249664429530201;0.624161073825502;0.0441379310344828;0.23448275862069;0.4;0.740025337331334;0.649664429530201;0.00518956671588782;0.0154473566797786;0.743293101810051;0.0741651899866598;0.9681715200514;0.787555066562376;0.0364422304509632;0.0765424300075514;"Simulation_36.csv";"Abrupt"
"291";0.116778523489933;0.291946308724832;0.38551724137931;0.4;0.4;0.387206646676662;0.516778523489933;0.00825802099776939;0.0404580984120047;0.946885063665945;0.263107360985096;0.415526317464386;1.55915467348438;0.00406728504901416;-0.198558201155354;"Simulation_360.csv";"Gradual"
"292";0.245637583892617;0.614093959731542;0.419655172413793;0.2;0.4;0.546914242878561;0.645637583892617;0.00620541151246076;0.0275237252331002;0.873663382055003;0.15227682810583;0.571218509002498;1.09652275110807;0.00367386809845158;-0.0133706570149528;"Simulation_361.csv";"Gradual"
"293";0.241610738255034;0.604026845637585;0.419655172413793;0.206896551724138;0.4;0.540972363818091;0.641610738255034;0.0060359507005583;0.0280716063884033;0.854464962870265;0.160265327701004;0.551279979635087;1.11367289927658;0.00383111627716686;-0.0179325100850591;"Simulation_362.csv";"Gradual"
"294";0.23758389261745;0.593959731543625;0.419655172413793;0.213793103448276;0.4;0.536977911044478;0.63758389261745;0.00632839567616335;0.0279743325684732;0.872969188839243;0.158730080539005;0.521742371326307;1.1116254098691;0.00394895266322809;-0.0222072533757583;"Simulation_363.csv";"Gradual"
"295";0.233557046979866;0.583892617449665;0.419655172413793;0.220689655172414;0.4;0.532466116941529;0.633557046979866;0.00650286255154742;0.0281372805579837;0.878749549767546;0.164102131481744;0.553443987510229;1.13849394853659;0.00352518286308892;-0.0262379587695591;"Simulation_364.csv";"Gradual"
"296";0.229530201342282;0.573825503355705;0.419655172413793;0.227586206896552;0.4;0.526156971514243;0.629530201342282;0.00593183467602463;0.0292069711538462;0.857210119918061;0.169294583648076;0.559577770894715;1.15230357975691;0.00277839864646867;-0.0292730149901703;"Simulation_365.csv";"Gradual"
"297";0.225503355704698;0.563758389261745;0.419655172413793;0.23448275862069;0.4;0.520805297351324;0.625503355704698;0.00624856959023727;0.0290638039044289;0.874344051875072;0.170363889229262;0.522829688982795;1.16828436215318;0.0032759732685513;-0.0361313938829182;"Simulation_366.csv";"Gradual"
"298";0.21744966442953;0.543624161073825;0.419655172413793;0.241379310344828;0.4;0.516949875062469;0.61744966442953;0.00617524341499044;0.0295888266681235;0.870247254128789;0.172974026035457;0.546388680254996;1.17922804491306;0.00504258532037517;-0.0320538785590987;"Simulation_367.csv";"Gradual"
"299";0.213422818791946;0.533557046979865;0.419655172413793;0.248275862068966;0.4;0.509277061469265;0.613422818791946;0.00625471730462054;0.0312203625801282;0.873570710134555;0.183336574381746;0.493127544962718;1.19403436194734;8.10224357187246e-05;-0.0386057795913811;"Simulation_368.csv";"Gradual"
"300";0.213422818791946;0.533557046979865;0.419655172413793;0.255172413793103;0.4;0.505103948025987;0.613422818791946;0.00698194094828203;0.030765034965035;0.900206191438883;0.184673251492351;0.531740734499663;1.18934529399707;0.000562240878416056;-0.0548586181140514;"Simulation_369.csv";"Gradual"
"301";0.245637583892617;0.614093959731542;0.0441379310344828;0.241379310344828;0.4;0.738818490754623;0.645637583892617;0.00575809585896583;0.0156719041375291;0.775353142546395;0.0766331431267249;0.91455379734969;0.811924647763631;0.031274789777833;0.0726209455626338;"Simulation_37.csv";"Abrupt"
"302";0.205369127516779;0.513422818791947;0.419655172413793;0.262068965517241;0.4;0.499776461769115;0.605369127516779;0.00619695575864978;0.0314359866695804;0.873274496572408;0.186126025642453;0.467835846027186;1.21719741385302;0.00340010890323776;-0.0491729898169466;"Simulation_370.csv";"Gradual"
"303";0.201342281879195;0.503355704697987;0.419655172413793;0.268965517241379;0.4;0.49214307846077;0.601342281879195;0.00707352764314531;0.0326358173076923;0.904883480673773;0.195010308857999;0.513822015309551;1.22954988178386;0.00513687631070059;-0.0557243519315534;"Simulation_371.csv";"Gradual"
"304";0.197315436241611;0.493288590604027;0.419655172413793;0.275862068965517;0.4;0.487376811594203;0.597315436241611;0.0064271449360494;0.0321709089087995;0.890587183578536;0.195532298640431;0.471689662105065;1.25696272815342;-2.19620935553763e-05;-0.0618602843798505;"Simulation_372.csv";"Gradual"
"305";0.189261744966443;0.473154362416107;0.419655172413793;0.282758620689655;0.4;0.481265717141429;0.589261744966443;0.00699239616282938;0.0328434149184149;0.902089013210235;0.196487450028871;0.477388903002103;1.24597007532888;0.00698945930732785;-0.0596263627591723;"Simulation_373.csv";"Gradual"
"306";0.189261744966443;0.473154362416107;0.419655172413793;0.289655172413793;0.4;0.474828685657171;0.589261744966443;0.00677362655611004;0.0336253897144522;0.905317995123678;0.200809499835472;0.439826746730424;1.27243099176711;0.00326252089930344;-0.0768298207602468;"Simulation_374.csv";"Gradual"
"307";0.189261744966443;0.473154362416107;0.419655172413793;0.296551724137931;0.4;0.46865652173913;0.589261744966443;0.00711573458580716;0.0343792786640443;0.912125568546326;0.207186267386899;0.420149852669702;1.2751890264918;-4.64626091824446e-05;-0.0976506749882399;"Simulation_375.csv";"Gradual"
"308";0.177181208053691;0.442953020134227;0.419655172413793;0.303448275862069;0.4;0.463071364317841;0.577181208053691;0.00661949730626927;0.0352630700029138;0.898355200577212;0.211445476829561;0.486851826093869;1.29739238730078;0.00165806629086413;-0.0830946844575626;"Simulation_376.csv";"Gradual"
"309";0.177181208053691;0.442953020134227;0.419655172413793;0.310344827586207;0.4;0.456305397301349;0.577181208053691;0.00627621708153667;0.0352453644012238;0.890363473730931;0.213440049865486;0.525558983847205;1.32489954559668;0.00374583272713436;-0.102500960921632;"Simulation_377.csv";"Gradual"
"310";0.169127516778524;0.42281879194631;0.419655172413793;0.317241379310345;0.4;0.450537431284358;0.569127516778524;0.00688279617585766;0.0353775540865385;0.90661273390627;0.218975063651005;0.390576767679568;1.32349385156584;-0.00483601010127893;-0.101061717757363;"Simulation_378.csv";"Gradual"
"311";0.16510067114094;0.41275167785235;0.419655172413793;0.324137931034483;0.4;0.444734732633683;0.56510067114094;0.00679162779022669;0.0371020323426573;0.907800441363187;0.227428775792821;0.463675626391401;1.33360690604991;0.00272482048203702;-0.111278622600998;"Simulation_379.csv";"Gradual"
"312";0.241610738255034;0.604026845637585;0.0441379310344828;0.248275862068966;0.4;0.735504747626187;0.641610738255034;0.00521389513212297;0.0157040146051865;0.752457591522405;0.0781237552227575;0.963719323230592;0.813744884839612;0.0301183793885008;0.0793734173954803;"Simulation_38.csv";"Abrupt"
"313";0.161073825503356;0.40268456375839;0.419655172413793;0.331034482758621;0.4;0.438244027986007;0.561073825503356;0.00670924478367099;0.0373944629589161;0.907707657441381;0.228724299745561;0.437208319229382;1.32815638101133;0.00205332183062391;-0.115650825259017;"Simulation_380.csv";"Gradual"
"314";0.161073825503356;0.40268456375839;0.419655172413793;0.337931034482759;0.4;0.431966016991504;0.561073825503356;0.00714404749268306;0.0372365675990676;0.921206434807514;0.232993631123443;0.418631926228033;1.34916913732863;0.00576196272441898;-0.13936485133922;"Simulation_381.csv";"Gradual"
"315";0.153020134228188;0.38255033557047;0.419655172413793;0.344827586206897;0.4;0.420443028485757;0.553020134228188;0.00844682618642577;0.0387713851252914;0.94226217699156;0.242198899309566;0.36733005033731;1.37457589226693;-0.00651952977619904;-0.144449824975144;"Simulation_382.csv";"Gradual"
"316";0.148993288590604;0.37248322147651;0.419655172413793;0.351724137931035;0.4;0.417334932533733;0.548993288590604;0.00641965918939207;0.0385327906468531;0.906714074344716;0.242180620336335;0.43914305477051;1.40668722687964;0.00421318299744218;-0.150959466061155;"Simulation_383.csv";"Gradual"
"317";0.14496644295302;0.36241610738255;0.419655172413793;0.358620689655172;0.4;0.410997301349325;0.54496644295302;0.00708280048523486;0.0385255763767482;0.927585576655117;0.242213815680273;0.364311418059688;1.40536736517905;-0.0109097693626308;-0.164572380132465;"Simulation_384.csv";"Gradual"
"318";0.14496644295302;0.36241610738255;0.419655172413793;0.36551724137931;0.4;0.40583688155922;0.54496644295302;0.00778377922801416;0.0387180297567016;0.935518102976299;0.243862784564063;0.391489603409201;1.40183367256381;0.000807724090912625;-0.194155082348031;"Simulation_385.csv";"Gradual"
"319";0.136912751677852;0.34228187919463;0.419655172413793;0.372413793103448;0.4;0.392824187906047;0.536912751677852;0.00901007683944336;0.0398174561115967;0.95468705407643;0.254483200534846;0.320772893365791;1.42350856673494;-0.0169238531254053;-0.181562726866254;"Simulation_386.csv";"Gradual"
"320";0.132885906040269;0.332214765100672;0.419655172413793;0.379310344827586;0.4;0.38765632183908;0.532885906040269;0.00757007075689308;0.040917310423951;0.935228513128909;0.260269053725155;0.362237985115644;1.43127063058849;-0.0168329065861965;-0.200579635680162;"Simulation_387.csv";"Gradual"
"321";0.128859060402685;0.322147651006713;0.419655172413793;0.386206896551724;0.4;0.377545077461269;0.528859060402685;0.00808246107361469;0.0408057018502331;0.943508251620897;0.265297419240359;0.400055357658013;1.48250891467815;-0.00345595585186108;-0.216228107725765;"Simulation_388.csv";"Gradual"
"322";0.120805369127517;0.302013422818792;0.419655172413793;0.393103448275862;0.4;0.373901849075462;0.520805369127517;0.00867093314350943;0.0416479539991259;0.949682088499373;0.271030866484599;0.42015220928505;1.43129182015614;0.000698018070835981;-0.20923876514618;"Simulation_389.csv";"Gradual"
"323";0.23758389261745;0.593959731543625;0.0441379310344828;0.255172413793103;0.4;0.732113143428286;0.63758389261745;0.00552377788872055;0.0163948590472028;0.774160461206195;0.080305128266827;0.924240891442637;0.857441983938042;0.0427230921886345;0.0739554889771566;"Simulation_39.csv";"Abrupt"
"324";0.120805369127517;0.302013422818792;0.419655172413793;0.4;0.4;0.363490654672664;0.520805369127517;0.00980462837751587;0.0417832513840326;0.964332641475626;0.276904509353036;0.325746976573565;1.50957168027127;-0.0121276325255773;-0.251267866892258;"Simulation_390.csv";"Gradual"
"325";0.241610738255034;0.604026845637585;0.453793103448276;0.2;0.4;0.525002148925537;0.641610738255034;0.0056250644778358;0.0281460973921911;0.838879676078809;0.164854875549993;0.553412677051318;1.06788008964277;0.00564037406788774;-0.0221504589140777;"Simulation_391.csv";"Gradual"
"326";0.241610738255034;0.604026845637585;0.453793103448276;0.206896551724138;0.4;0.51955752123938;0.641610738255034;0.00645371944328801;0.0289469250801282;0.881354124502455;0.167607183130708;0.543505734257482;1.07976423210554;0.00142684513396304;-0.0318700278706752;"Simulation_392.csv";"Gradual"
"327";0.23758389261745;0.593959731543625;0.453793103448276;0.213793103448276;0.4;0.514904547726137;0.63758389261745;0.00613948241367675;0.0288359520687646;0.869004974703847;0.167496208056198;0.507671632610269;1.11258764929948;0.00145646762159938;-0.0367394293621654;"Simulation_393.csv";"Gradual"
"328";0.229530201342282;0.573825503355705;0.453793103448276;0.220689655172414;0.4;0.510051224387806;0.629530201342282;0.00613679474564083;0.0296944320002914;0.864701556353359;0.173238388443676;0.539621983599353;1.10117774434349;0.00599401635583085;-0.0327873845990314;"Simulation_394.csv";"Gradual"
"329";0.229530201342282;0.573825503355705;0.453793103448276;0.227586206896552;0.4;0.504266166916542;0.629530201342282;0.00612737217329949;0.0306568136290793;0.876738301679568;0.178636094266642;0.505584668344503;1.11676644685798;0.000532724973199767;-0.0485396181451509;"Simulation_395.csv";"Gradual"
"330";0.225503355704698;0.563758389261745;0.453793103448276;0.23448275862069;0.4;0.497335082458771;0.625503355704698;0.00652039865389357;0.031421030011655;0.884555809579759;0.183082594236113;0.481895840179873;1.13457256287686;0.00253942010085485;-0.05111133204466;"Simulation_396.csv";"Gradual"
"331";0.21744966442953;0.543624161073825;0.453793103448276;0.241379310344828;0.4;0.494207646176912;0.61744966442953;0.00711427273210317;0.0313484238417832;0.905009194356931;0.181611011214297;0.497652016601815;1.1277585291754;0.00137560637662391;-0.049361593448617;"Simulation_397.csv";"Gradual"
"332";0.213422818791946;0.533557046979865;0.453793103448276;0.248275862068966;0.4;0.488486456771614;0.613422818791946;0.00661947969928569;0.0322638421474359;0.892419386127869;0.189158036839068;0.47540689767112;1.15524220273182;-0.000989357824093813;-0.0551653676477625;"Simulation_398.csv";"Gradual"
"333";0.209395973154362;0.523489932885905;0.453793103448276;0.255172413793103;0.4;0.481327186406797;0.609395973154362;0.006538029560176;0.0322163971445221;0.888258781325718;0.194441533115765;0.466354502982319;1.1668255502113;0.00208536549028224;-0.0616900748520009;"Simulation_399.csv";"Gradual"
"334";0.265771812080537;0.664429530201342;0.01;0.220689655172414;0.4;0.758996101949025;0.665771812080537;0.00468203959803857;0.0146372168196387;0.668369057779335;0.068101408915573;0.957088035246154;0.68181490435722;0.0305404514834557;0.0687305851303957;"Simulation_4.csv";"Abrupt"
"335";0.233557046979866;0.583892617449665;0.0441379310344828;0.262068965517241;0.4;0.730026786606697;0.633557046979866;0.00561971904270494;0.0160665455638112;0.773097466843319;0.0798243138081755;0.985096706350054;0.83736257490437;0.0493906484616672;0.0762343327676478;"Simulation_40.csv";"Abrupt"
"336";0.201342281879195;0.503355704697987;0.453793103448276;0.262068965517241;0.4;0.476470964517741;0.601342281879195;0.00637665127784485;0.0331321195731352;0.886699743526645;0.198649977495956;0.472224585505452;1.16926916756159;0.000965030223595668;-0.056816434129792;"Simulation_400.csv";"Gradual"
"337";0.205369127516779;0.513422818791947;0.453793103448276;0.268965517241379;0.4;0.470113643178411;0.605369127516779;0.0069648868454997;0.0338089361159674;0.905056244000752;0.201284790872587;0.484465347778442;1.18386035925974;0.00337115616040342;-0.0890979709023824;"Simulation_401.csv";"Gradual"
"338";0.197315436241611;0.493288590604027;0.453793103448276;0.275862068965517;0.4;0.463038380809595;0.597315436241611;0.00696846368842599;0.0341956821824009;0.906296734861851;0.210927066570559;0.484924040421377;1.18204487609433;-3.97826723834728e-05;-0.0825361479254436;"Simulation_402.csv";"Gradual"
"339";0.189261744966443;0.473154362416107;0.453793103448276;0.282758620689655;0.4;0.456424387806097;0.589261744966443;0.00634527500881808;0.0347976872086247;0.890758573090531;0.209377091558969;0.462745091960843;1.19659313072066;0.00258051432312422;-0.0809748865468697;"Simulation_403.csv";"Gradual"
"340";0.189261744966443;0.473154362416107;0.453793103448276;0.289655172413793;0.4;0.451031934032984;0.589261744966443;0.00715766964225412;0.0351182737835082;0.914284219842799;0.214188389963737;0.424106836776478;1.21961922799853;0.00077837728645741;-0.0975730362335576;"Simulation_404.csv";"Gradual"
"341";0.185234899328859;0.463087248322147;0.453793103448276;0.296551724137931;0.4;0.446688005997001;0.585234899328859;0.00682775922773819;0.0356032315340909;0.902462435404917;0.217848645320706;0.433044210951198;1.22271036895527;-0.0011056695606428;-0.105737998519718;"Simulation_405.csv";"Gradual"
"342";0.177181208053691;0.442953020134227;0.453793103448276;0.303448275862069;0.4;0.438514842578711;0.577181208053691;0.00808063082857435;0.0355364774548368;0.936214221821896;0.22581042836725;0.455863981926407;1.24889161512531;0.000480155230589715;-0.103186290827131;"Simulation_406.csv";"Gradual"
"343";0.173154362416107;0.432885906040268;0.453793103448276;0.310344827586207;0.4;0.434639630184908;0.573154362416107;0.00835507233141452;0.0368043578817016;0.939553853839785;0.227443090585098;0.463892245439624;1.2524839157167;0.00574348821319833;-0.11354744443834;"Simulation_407.csv";"Gradual"
"344";0.173154362416107;0.432885906040268;0.453793103448276;0.317241379310345;0.4;0.426677611194403;0.573154362416107;0.00820868006994758;0.0362912769522145;0.938930640531228;0.229383739522443;0.420592924508018;1.25107983928509;-0.00489463438799402;-0.134649157924039;"Simulation_408.csv";"Gradual"
"345";0.16510067114094;0.41275167785235;0.453793103448276;0.324137931034483;0.4;0.420460419790105;0.56510067114094;0.0074115803054199;0.0377956084280303;0.925338343612812;0.236447378234778;0.353443902302411;1.26319725983358;-0.00724413536662949;-0.128598381692912;"Simulation_409.csv";"Gradual"
"346";0.229530201342282;0.573825503355705;0.0441379310344828;0.268965517241379;0.4;0.727664767616192;0.629530201342282;0.00580211108636079;0.0161259578962704;0.78148759485191;0.0773262096535358;0.975902646928217;0.883918670489058;0.0419425545411357;0.0752926745270702;"Simulation_41.csv";"Abrupt"
"347";0.16510067114094;0.41275167785235;0.453793103448276;0.331034482758621;0.4;0.414949225387306;0.56510067114094;0.00707914618083813;0.0373612580128205;0.923053231550912;0.237431202634853;0.460301476867996;1.27371614382982;0.000193003822149733;-0.15582939761221;"Simulation_410.csv";"Gradual"
"348";0.153020134228188;0.38255033557047;0.453793103448276;0.337931034482759;0.4;0.405485557221389;0.553020134228188;0.00702221519905571;0.0391148883668415;0.923727557178966;0.246269741564918;0.463687555599333;1.30841124633735;0.00646002478105553;-0.141425418985615;"Simulation_411.csv";"Gradual"
"349";0.148993288590604;0.37248322147651;0.453793103448276;0.344827586206897;0.4;0.399637831084458;0.548993288590604;0.00713363253142838;0.038938090034965;0.921938633427134;0.247039086090173;0.459454601320678;1.29619863433822;0.0120633847502171;-0.147959575927678;"Simulation_412.csv";"Gradual"
"350";0.148993288590604;0.37248322147651;0.453793103448276;0.351724137931035;0.4;0.392744477761119;0.548993288590604;0.00730734635415827;0.0397964434003497;0.931284002853714;0.253310605715992;0.39951035195036;1.32318789419465;0.00358592412838988;-0.168071165922926;"Simulation_413.csv";"Gradual"
"351";0.14496644295302;0.36241610738255;0.453793103448276;0.358620689655172;0.4;0.384453623188406;0.54496644295302;0.00886650540607415;0.0404762665719697;0.954340141935318;0.256700308384103;0.392291499119548;1.34271313967295;-0.00682207829430136;-0.189759547495413;"Simulation_414.csv";"Gradual"
"352";0.140939597315436;0.35234899328859;0.453793103448276;0.36551724137931;0.4;0.37717896051974;0.540939597315436;0.00848605162127479;0.0410817335008741;0.949157843274012;0.265920384868678;0.332090185252943;1.32426452784868;-0.0117464303424768;-0.204368985832268;"Simulation_415.csv";"Gradual"
"353";0.136912751677852;0.34228187919463;0.453793103448276;0.372413793103448;0.4;0.368750624687656;0.536912751677852;0.0067151136147924;0.0409228766025641;0.922747441484962;0.271754908254595;0.401023945381889;1.36638580516501;-0.00745730188779153;-0.218831829772386;"Simulation_416.csv";"Gradual"
"354";0.132885906040269;0.332214765100672;0.453793103448276;0.379310344827586;0.4;0.362265967016492;0.532885906040269;0.00709770217583913;0.0421934558930653;0.931812753802971;0.274446037226416;0.382327403201443;1.37122614975435;-0.00523374321992579;-0.227698596009976;"Simulation_417.csv";"Gradual"
"355";0.124832214765101;0.312080536912752;0.453793103448276;0.386206896551724;0.4;0.355026086956522;0.524832214765101;0.00651358189711581;0.0416005827505828;0.919330247770283;0.279718146329012;0.464268760118306;1.40625236649739;0.00218401464579271;-0.231132344248798;"Simulation_418.csv";"Gradual"
"356";0.124832214765101;0.312080536912752;0.453793103448276;0.393103448275862;0.4;0.345344727636182;0.524832214765101;0.00726799445777725;0.0425985677083333;0.94051797066931;0.286396197877282;0.334003977505259;1.33999336166018;-0.0158772279725698;-0.263587245892025;"Simulation_419.csv";"Gradual"
"357";0.225503355704698;0.563758389261745;0.0441379310344828;0.275862068965517;0.4;0.72381904047976;0.625503355704698;0.00566778636496301;0.0168403063082751;0.785686166553659;0.0848768131918597;0.915623129364988;0.926587936407061;0.0408450288823854;0.0796570345594607;"Simulation_42.csv";"Abrupt"
"358";0.116778523489933;0.291946308724832;0.453793103448276;0.4;0.4;0.343720289855072;0.516778523489933;0.00746030013578154;0.0411449063956876;0.936973932132687;0.281504753208529;0.332841167969082;1.38579936364201;-0.0178183504345001;-0.258477427573402;"Simulation_420.csv";"Gradual"
"359";0.245637583892617;0.614093959731542;0.487931034482759;0.2;0.4;0.503264967516242;0.645637583892617;0.00580493988870206;0.0301515952797203;0.851442733321744;0.173659032727522;0.534454749932815;1.06041734716915;0.00286357164684869;-0.0400797629885487;"Simulation_421.csv";"Gradual"
"360";0.23758389261745;0.593959731543625;0.487931034482759;0.206896551724138;0.4;0.498293603198401;0.63758389261745;0.00593774107388237;0.0298331494026807;0.871377770802632;0.176541988326318;0.505814295790491;1.05207413224114;-0.000452172748471835;-0.040112145969078;"Simulation_422.csv";"Gradual"
"361";0.233557046979866;0.583892617449665;0.487931034482759;0.213793103448276;0.4;0.49287996001999;0.633557046979866;0.00634763209381268;0.0307568737252331;0.881842774761061;0.182057770735706;0.506715383407683;1.06324075405043;0.00353100295514792;-0.0427534368545453;"Simulation_423.csv";"Gradual"
"362";0.229530201342282;0.573825503355705;0.487931034482759;0.220689655172414;0.4;0.488018790604698;0.629530201342282;0.00621161707904083;0.031650581840035;0.879973457585618;0.186237935894368;0.503435872643659;1.0741470834417;0.00218702241101118;-0.0494500034770401;"Simulation_424.csv";"Gradual"
"363";0.229530201342282;0.573825503355705;0.487931034482759;0.227586206896552;0.4;0.482120989505247;0.629530201342282;0.00662159113962723;0.0313993826486014;0.89289032528513;0.191609999087193;0.507691458714246;1.08173120988043;0.00479474127171963;-0.0632318245563714;"Simulation_425.csv";"Gradual"
"364";0.221476510067114;0.553691275167785;0.487931034482759;0.23448275862069;0.4;0.476128885557221;0.621476510067114;0.00668722328080918;0.0315209416885198;0.889603864355102;0.191879829796925;0.500456187662865;1.11310528453003;0.00416549609783848;-0.0614891456094246;"Simulation_426.csv";"Gradual"
"365";0.21744966442953;0.543624161073825;0.487931034482759;0.241379310344828;0.4;0.470032933533233;0.61744966442953;0.00682491097671464;0.0322715544871795;0.906169413247026;0.19576319487623;0.468698604974449;1.08605601343937;0.00272569338293178;-0.0662406750634853;"Simulation_427.csv";"Gradual"
"366";0.213422818791946;0.533557046979865;0.487931034482759;0.248275862068966;0.4;0.465645227386307;0.613422818791946;0.00643577566892831;0.0337175498980186;0.88750067788606;0.202796872623553;0.465026992914399;1.09946828415103;0.00120449493892605;-0.0722697274642841;"Simulation_428.csv";"Gradual"
"367";0.209395973154362;0.523489932885905;0.487931034482759;0.255172413793103;0.4;0.459545927036482;0.609395973154362;0.00654605794754932;0.0338902280011655;0.899032782797128;0.205683993009655;0.443574330630545;1.1373126314706;0.000685656946427483;-0.0808367021474683;"Simulation_429.csv";"Gradual"
"368";0.21744966442953;0.543624161073825;0.0441379310344828;0.282758620689655;0.4;0.72094227886057;0.61744966442953;0.00578675570628292;0.016901473266317;0.809350442187111;0.0849565743240613;0.924321260595984;0.823535742296597;0.0281063708816944;0.0862724397839072;"Simulation_43.csv";"Abrupt"
"369";0.205369127516779;0.513422818791947;0.487931034482759;0.262068965517241;0.4;0.453371764117941;0.605369127516779;0.00705880778434516;0.03401197370338;0.910177355975574;0.208354030050813;0.468612395279231;1.12803910097557;0.00225549464830349;-0.0833262330141677;"Simulation_430.csv";"Gradual"
"370";0.201342281879195;0.503355704697987;0.487931034482759;0.268965517241379;0.4;0.44540099950025;0.601342281879195;0.00630239549699158;0.035012262347028;0.892625508330421;0.212406577869019;0.493492486280206;1.12613562085921;0.00624724115565442;-0.096551602611072;"Simulation_431.csv";"Gradual"
"371";0.197315436241611;0.493288590604027;0.487931034482759;0.275862068965517;0.4;0.439521139430285;0.597315436241611;0.00694941133485776;0.0361092129224942;0.912909970115477;0.223666223584026;0.421357957778241;1.13652275824472;-0.00195525181592202;-0.100273423748214;"Simulation_432.csv";"Gradual"
"372";0.189261744966443;0.473154362416107;0.487931034482759;0.282758620689655;0.4;0.433466916541729;0.589261744966443;0.00671822557953596;0.0360471927811772;0.904617315192852;0.22454706384078;0.395039241333959;1.15814926195128;-0.00412660070267507;-0.100367509808167;"Simulation_433.csv";"Gradual"
"373";0.189261744966443;0.473154362416107;0.487931034482759;0.289655172413793;0.4;0.430561419290355;0.589261744966443;0.00709629979528822;0.036606199009324;0.918425803798266;0.227128504305572;0.465360782349975;1.17014569826155;-3.7943729748901e-05;-0.121437679403547;"Simulation_434.csv";"Gradual"
"374";0.181208053691275;0.453020134228187;0.487931034482759;0.296551724137931;0.4;0.420561819090455;0.581208053691275;0.00690906227278748;0.0366120647581585;0.916227944727056;0.231568082468459;0.471054216140848;1.16118458127321;0.00259080854795892;-0.114624843419287;"Simulation_435.csv";"Gradual"
"375";0.177181208053691;0.442953020134227;0.487931034482759;0.303448275862069;0.4;0.417133933033483;0.577181208053691;0.006715589547725;0.0374677684294872;0.909243914344985;0.236162139224116;0.391665609867515;1.17951021807678;-0.00189769049528637;-0.124409611369927;"Simulation_436.csv";"Gradual"
"376";0.177181208053691;0.442953020134227;0.487931034482759;0.310344827586207;0.4;0.409726486756622;0.577181208053691;0.00683802808570932;0.0386414308347902;0.918592229868089;0.24140257645145;0.424795546914792;1.16339105816385;-0.0009627112242567;-0.143752050940506;"Simulation_437.csv";"Gradual"
"377";0.16510067114094;0.41275167785235;0.487931034482759;0.317241379310345;0.4;0.403648175912044;0.56510067114094;0.00669358259238201;0.03895377877331;0.915059990960444;0.244886786031797;0.41376023444482;1.18216614459416;-0.00196326174356602;-0.126885704321361;"Simulation_438.csv";"Gradual"
"378";0.16510067114094;0.41275167785235;0.487931034482759;0.324137931034483;0.4;0.397830684657671;0.56510067114094;0.0078298753490084;0.039378502877331;0.938061832613442;0.250044608278976;0.36379466488624;1.20710897109112;-0.00423272884446564;-0.152421150527941;"Simulation_439.csv";"Gradual"
"379";0.21744966442953;0.543624161073825;0.0441379310344828;0.289655172413793;0.4;0.718035032483758;0.61744966442953;0.00552133109960309;0.0173458196751166;0.78587824711968;0.0881961607400304;0.958012120666983;0.946876035950154;0.0378563397083232;0.0756148302937987;"Simulation_44.csv";"Abrupt"
"380";0.161073825503356;0.40268456375839;0.487931034482759;0.331034482758621;0.4;0.389291354322839;0.561073825503356;0.00809208565296318;0.0392330765588578;0.941144919775918;0.253705563006323;0.341798002772385;1.21514754588133;-0.00880225601780674;-0.163729125652094;"Simulation_440.csv";"Gradual"
"381";0.157046979865772;0.39261744966443;0.487931034482759;0.337931034482759;0.4;0.384841029485257;0.557046979865772;0.00714105179505304;0.038817034527972;0.922677322193495;0.253489302961652;0.380251505474625;1.18777793652093;0.00126005423528418;-0.169986308695852;"Simulation_441.csv";"Gradual"
"382";0.153020134228188;0.38255033557047;0.487931034482759;0.344827586206897;0.4;0.374572613693153;0.553020134228188;0.00741671150950287;0.040898666958042;0.933424431830807;0.264230047665044;0.365262448854121;1.2110914664915;-0.00559538335971912;-0.183287255342815;"Simulation_442.csv";"Gradual"
"383";0.148993288590604;0.37248322147651;0.487931034482759;0.351724137931035;0.4;0.367743628185907;0.548993288590604;0.00720126243305194;0.0415541857881702;0.929085742445209;0.272109466043925;0.36374014010082;1.22264746475775;-0.00668522166275217;-0.196131185085718;"Simulation_443.csv";"Gradual"
"384";0.14496644295302;0.36241610738255;0.487931034482759;0.358620689655172;0.4;0.359955422288856;0.54496644295302;0.00668520694025869;0.0424183739437646;0.923348599511556;0.27730322152211;0.351683174516371;1.26266980430551;-0.0128616666246022;-0.206612288282313;"Simulation_444.csv";"Gradual"
"385";0.136912751677852;0.34228187919463;0.487931034482759;0.36551724137931;0.4;0.353909395302349;0.536912751677852;0.00734892588642435;0.0407657288024476;0.938269499252665;0.272996767934796;0.406989642446846;1.25799214004789;0.00387373854208247;-0.207291641547961;"Simulation_445.csv";"Gradual"
"386";0.132885906040269;0.332214765100672;0.487931034482759;0.372413793103448;0.4;0.34733688155922;0.532885906040269;0.00612076131461314;0.0427720552884615;0.914806695700652;0.282611007598757;0.374366101862676;1.28884569537879;-0.00222561343653868;-0.219662615496274;"Simulation_446.csv";"Gradual"
"387";0.128859060402685;0.322147651006713;0.487931034482759;0.379310344827586;0.4;0.34069780109945;0.528859060402685;0.00887351763183118;0.0416893602491259;0.960550234279494;0.282925207499354;0.330455938314207;1.27445332980363;-0.012045247507869;-0.23812276263213;"Simulation_447.csv";"Gradual"
"388";0.128859060402685;0.322147651006713;0.487931034482759;0.386206896551724;0.4;0.330440429785107;0.528859060402685;0.00841947502016559;0.0423027707969114;0.954980998056303;0.289764480100325;0.410026132066144;1.26984789113439;-0.0130861573590829;-0.270231678550087;"Simulation_448.csv";"Gradual"
"389";0.120805369127517;0.302013422818792;0.487931034482759;0.393103448275862;0.4;0.326663818090955;0.520805369127517;0.00778754455620593;0.0419526551573427;0.946699247455331;0.289550486574621;0.39421038726902;1.24704998195084;-0.00460529279800044;-0.25473421952519;"Simulation_449.csv";"Gradual"
"390";0.209395973154362;0.523489932885905;0.0441379310344828;0.296551724137931;0.4;0.713987506246877;0.609395973154362;0.00588619094390302;0.0176500673805361;0.807460530764936;0.0938905732612521;0.930920393151465;0.883509032995621;0.0394867301024652;0.0908356071033823;"Simulation_45.csv";"Abrupt"
"391";0.116778523489933;0.291946308724832;0.487931034482759;0.4;0.4;0.318145927036482;0.516778523489933;0.00819045021062174;0.0425181062427156;0.955218940116331;0.297123524219254;0.285376847668471;1.2982076163284;-0.0211226200862195;-0.279549168454811;"Simulation_450.csv";"Gradual"
"392";0.245637583892617;0.614093959731542;0.522068965517241;0.2;0.4;0.483268565717141;0.645637583892617;0.00622098034009143;0.0307340972829254;0.87469472754834;0.183516812789522;0.503947534505956;1.01252641725874;0.0010648288745877;-0.0528208110316959;"Simulation_451.csv";"Gradual"
"393";0.23758389261745;0.593959731543625;0.522068965517241;0.206896551724138;0.4;0.477943528235882;0.63758389261745;0.00589906088672827;0.0312110895614802;0.870644358740176;0.1885399802958;0.518905447461317;1.01448231906432;0.00163218011711474;-0.055322932751493;"Simulation_452.csv";"Gradual"
"394";0.233557046979866;0.583892617449665;0.522068965517241;0.213793103448276;0.4;0.471829935032484;0.633557046979866;0.00580781787298613;0.0314969077797203;0.864664135436725;0.190573804784643;0.463775797871693;1.0273204061534;0.000883056813591779;-0.0593809171745619;"Simulation_453.csv";"Gradual"
"395";0.229530201342282;0.573825503355705;0.522068965517241;0.220689655172414;0.4;0.465205347326337;0.629530201342282;0.00669297963479675;0.0328575602782634;0.895151056696932;0.200275932518393;0.467836312036319;1.04199736322186;0.00287655972381491;-0.0650466969678673;"Simulation_454.csv";"Gradual"
"396";0.225503355704698;0.563758389261745;0.522068965517241;0.227586206896552;0.4;0.462187756121939;0.625503355704698;0.00651135431477153;0.0329000619172494;0.892652340335203;0.199343162749016;0.459786380468872;1.04995879046372;-0.00175140055203304;-0.0694651873698494;"Simulation_455.csv";"Gradual"
"397";0.225503355704698;0.563758389261745;0.522068965517241;0.23448275862069;0.4;0.455589355322339;0.625503355704698;0.00660270260076758;0.0335432136873543;0.899154423361306;0.202081491716412;0.467770018549546;1.07510031664686;0.000995399400602785;-0.0829111954884017;"Simulation_456.csv";"Gradual"
"398";0.21744966442953;0.543624161073825;0.522068965517241;0.241379310344828;0.4;0.451538330834583;0.61744966442953;0.00612015236840504;0.0332326731861888;0.884451593406856;0.204899386696024;0.413071005627062;1.06647404642409;-0.00208569654799523;-0.0816144825011155;"Simulation_457.csv";"Gradual"
"399";0.213422818791946;0.533557046979865;0.522068965517241;0.248275862068966;0.4;0.44272323838081;0.613422818791946;0.00641463363783515;0.0346129862325175;0.895774616824414;0.21363394611234;0.535275223972888;1.0718554866454;0.0034882565476864;-0.0884041158109445;"Simulation_458.csv";"Gradual"
"400";0.209395973154362;0.523489932885905;0.522068965517241;0.255172413793103;0.4;0.438815592203898;0.609395973154362;0.00665842900101962;0.0346459498834499;0.904172173474824;0.216002978441136;0.439080953065108;1.07178118209989;-0.0026161057994499;-0.0970082335048839;"Simulation_459.csv";"Gradual"
"401";0.209395973154362;0.523489932885905;0.0441379310344828;0.303448275862069;0.4;0.711950024987506;0.609395973154362;0.00568776329055414;0.0175774539262821;0.805859195840076;0.0911727437572769;0.921478162583512;1.01370678760252;0.0539742857609476;0.0724987469174069;"Simulation_46.csv";"Abrupt"
"402";0.201342281879195;0.503355704697987;0.522068965517241;0.262068965517241;0.4;0.430950824587706;0.601342281879195;0.00699454505809457;0.0353557783362471;0.917875782356566;0.220588616249993;0.455445666925014;1.08185800277017;0.00243766754032739;-0.0937530330967502;"Simulation_460.csv";"Gradual"
"403";0.197315436241611;0.493288590604027;0.522068965517241;0.268965517241379;0.4;0.424798300849575;0.597315436241611;0.00718954985457673;0.0364864464962121;0.923100176679973;0.226364196670077;0.419000485380842;1.09649197303964;-0.00187689115194752;-0.101977404831907;"Simulation_461.csv";"Gradual"
"404";0.193288590604027;0.483221476510068;0.522068965517241;0.275862068965517;0.4;0.420400899550225;0.593288590604027;0.00627965358840795;0.0365641289699883;0.896200787826237;0.228184905874594;0.433994595478871;1.10500703128629;-0.00218112449005377;-0.1083711158616;"Simulation_462.csv";"Gradual"
"405";0.193288590604027;0.483221476510068;0.522068965517241;0.282758620689655;0.4;0.415169015492254;0.593288590604027;0.00598611889960932;0.0372235376602564;0.885852733487981;0.231311242335139;0.465074397130859;1.11020188088717;-0.00135556571706246;-0.12420905936403;"Simulation_463.csv";"Gradual"
"406";0.189261744966443;0.473154362416107;0.522068965517241;0.289655172413793;0.4;0.408286656671664;0.589261744966443;0.00734199815217674;0.0375848849067599;0.928921351656063;0.238396420333651;0.379311044613936;1.12321086321689;-0.00569364563014972;-0.133841456714021;"Simulation_464.csv";"Gradual"
"407";0.181208053691275;0.453020134228187;0.522068965517241;0.296551724137931;0.4;0.401540529735132;0.581208053691275;0.00603099341064475;0.0375932856206294;0.89296929734182;0.24101383123866;0.414170647274153;1.12378816358146;0.00010244638256236;-0.130015659957492;"Simulation_465.csv";"Gradual"
"408";0.173154362416107;0.432885906040268;0.522068965517241;0.303448275862069;0.4;0.39587696151924;0.573154362416107;0.00730688538044894;0.0381798186188811;0.926034618794773;0.248333524156118;0.433922246343266;1.12654313494472;-0.000775183686389835;-0.132215410464397;"Simulation_466.csv";"Gradual"
"409";0.173154362416107;0.432885906040268;0.522068965517241;0.310344827586207;0.4;0.391721939030485;0.573154362416107;0.00695463754902302;0.0389446905958625;0.925936201570318;0.248520664824706;0.389978961361278;1.11872697636049;-0.00593645201784351;-0.146785796486585;"Simulation_467.csv";"Gradual"
"410";0.169127516778524;0.42281879194631;0.522068965517241;0.317241379310345;0.4;0.382101099450275;0.569127516778524;0.00575721884164609;0.0398833442599068;0.892384456382785;0.256090166522407;0.423704076808754;1.13845926254918;-0.00399371900602102;-0.161791981346729;"Simulation_468.csv";"Gradual"
"411";0.161073825503356;0.40268456375839;0.522068965517241;0.324137931034483;0.4;0.374828785607196;0.561073825503356;0.00710186320443535;0.0407024603001166;0.928476598453047;0.260240186938877;0.347376008182201;1.15354428797159;-0.00484171014578776;-0.156172213460976;"Simulation_469.csv";"Gradual"
"412";0.205369127516779;0.513422818791947;0.0441379310344828;0.310344827586207;0.4;0.708461419290355;0.605369127516779;0.0060532586913668;0.0175492752039627;0.817010425568149;0.0917840324679461;0.928725884953453;1.01635185140534;0.0521520322230785;0.0786291448391604;"Simulation_47.csv";"Abrupt"
"413";0.161073825503356;0.40268456375839;0.522068965517241;0.331034482758621;0.4;0.369626086956522;0.561073825503356;0.00734420854350112;0.0401821805798368;0.934125224923726;0.266165943338806;0.432240190904326;1.16083906751821;-0.00167749472820862;-0.18368135777803;"Simulation_470.csv";"Gradual"
"414";0.153020134228188;0.38255033557047;0.522068965517241;0.337931034482759;0.4;0.363677711144428;0.553020134228188;0.00737322066389721;0.040461871722028;0.935773967040904;0.26506936269192;0.371261448093927;1.15718911454477;-0.00159915102790308;-0.178410677790206;"Simulation_471.csv";"Gradual"
"415";0.148993288590604;0.37248322147651;0.522068965517241;0.344827586206897;0.4;0.352317391304348;0.548993288590604;0.00896041390736524;0.0420916557400932;0.957320310050384;0.276301253482118;0.320839263904453;1.16276489293235;-0.0051558153780438;-0.184693041751841;"Simulation_472.csv";"Gradual"
"416";0.14496644295302;0.36241610738255;0.522068965517241;0.351724137931035;0.4;0.348912843578211;0.54496644295302;0.0071390636612948;0.0419638157415501;0.934536929508322;0.277631012351413;0.403127093066534;1.17672646748682;-0.00379553049018406;-0.209711593168162;"Simulation_473.csv";"Gradual"
"417";0.136912751677852;0.34228187919463;0.522068965517241;0.358620689655172;0.4;0.343218490754623;0.536912751677852;0.00772379297502461;0.0411940914554196;0.94126759870583;0.277599807124953;0.359871931559995;1.21365855315019;-0.0042105698270776;-0.197477683215562;"Simulation_474.csv";"Gradual"
"418";0.140939597315436;0.35234899328859;0.522068965517241;0.36551724137931;0.4;0.330771114442779;0.540939597315436;0.00745539302836519;0.0431556162587413;0.940265134098199;0.292948293908913;0.381266368864512;1.12670309412681;-0.00440524639536869;-0.236180939529573;"Simulation_475.csv";"Gradual"
"419";0.128859060402685;0.322147651006713;0.522068965517241;0.372413793103448;0.4;0.326866316841579;0.528859060402685;0.00717240300579668;0.0420061498397436;0.938501654408201;0.291322912725203;0.306717759887109;1.19618604647679;-0.0112725821814863;-0.220982027613186;"Simulation_476.csv";"Gradual"
"420";0.124832214765101;0.312080536912752;0.522068965517241;0.379310344827586;0.4;0.319385857071464;0.524832214765101;0.00762035201795568;0.0431388667322261;0.948720320430572;0.296459690947631;0.405606679970664;1.13188719876566;0.0138284276028377;-0.235757833062982;"Simulation_477.csv";"Gradual"
"421";0.124832214765101;0.312080536912752;0.522068965517241;0.386206896551724;0.4;0.311086306846577;0.524832214765101;0.00842169059059985;0.04296393502331;0.955658907953396;0.302016746409244;0.282065369546928;1.23498468123134;-0.0158542868912809;-0.259046265958518;"Simulation_478.csv";"Gradual"
"422";0.120805369127517;0.302013422818792;0.522068965517241;0.393103448275862;0.4;0.306510594702649;0.520805369127517;0.00667192683534164;0.0429775267701049;0.935588502611216;0.303547440200885;0.360017422122992;1.22987867564251;-0.0147841722386704;-0.272195327526487;"Simulation_479.csv";"Gradual"
"423";0.197315436241611;0.493288590604027;0.0441379310344828;0.317241379310345;0.4;0.704848175912044;0.597315436241611;0.00595038300624754;0.018347995884324;0.819984021980209;0.0954990791958741;0.934232849513705;0.973635912712724;0.0527427710029907;0.096376514493618;"Simulation_48.csv";"Abrupt"
"424";0.116778523489933;0.291946308724832;0.522068965517241;0.4;0.4;0.295599900049975;0.516778523489933;0.00812176212345603;0.0440494108755827;0.958357040653368;0.312431714323026;0.311795671362645;1.21917360925806;-0.0171517463623143;-0.289343482243245;"Simulation_480.csv";"Gradual"
"425";0.241610738255034;0.604026845637585;0.556206896551724;0.2;0.4;0.461960569715142;0.641610738255034;0.00599599778813021;0.0330587112106643;0.870084938525731;0.19728776249627;0.491023690496393;0.982944825650821;0.00125699310765893;-0.0589886032221366;"Simulation_481.csv";"Gradual"
"426";0.23758389261745;0.593959731543625;0.556206896551724;0.206896551724138;0.4;0.45576211894053;0.63758389261745;0.00612848058721296;0.0327556535912005;0.881193703043259;0.202564600990408;0.444131319385799;0.983276967278786;-0.00177257423245847;-0.0638442854817929;"Simulation_482.csv";"Gradual"
"427";0.229530201342282;0.573825503355705;0.556206896551724;0.213793103448276;0.4;0.452995552223888;0.629530201342282;0.00658015616892155;0.032913875837704;0.894743565502297;0.202366437965235;0.512310580470256;0.999538699721419;0.0019751792914299;-0.06430821035525;"Simulation_483.csv";"Gradual"
"428";0.229530201342282;0.573825503355705;0.556206896551724;0.220689655172414;0.4;0.44651984007996;0.629530201342282;0.00582196111069224;0.033663888585373;0.874890046487844;0.206094932485079;0.494195013760164;0.993337446328784;0.00125370485623069;-0.0756270270635117;"Simulation_484.csv";"Gradual"
"429";0.225503355704698;0.563758389261745;0.556206896551724;0.227586206896552;0.4;0.440955222388806;0.625503355704698;0.00577506744229178;0.0337544043196387;0.877620797135601;0.207856692647564;0.471715412208375;1.02715212063167;-0.00131565774411841;-0.0839209870098338;"Simulation_485.csv";"Gradual"
"430";0.21744966442953;0.543624161073825;0.556206896551724;0.23448275862069;0.4;0.435135132433783;0.61744966442953;0.00637091909342385;0.0346731679778555;0.8959017820128;0.216288587606286;0.465814317563685;1.0139957501169;0.00199711376185152;-0.0815962127414928;"Simulation_486.csv";"Gradual"
"431";0.213422818791946;0.533557046979865;0.556206896551724;0.241379310344828;0.4;0.426874912543728;0.613422818791946;0.00637286986410735;0.0351883185824592;0.894059425533838;0.222834409476025;0.466612697406163;1.01975412458499;0.00220389746847655;-0.0903086183430622;"Simulation_487.csv";"Gradual"
"432";0.213422818791946;0.533557046979865;0.556206896551724;0.248275862068966;0.4;0.423560769615192;0.613422818791946;0.00574717193125421;0.0361324801500583;0.877113869386498;0.224210828633048;0.447720988346061;1.01213128730306;-0.00214646584639896;-0.10575677703259;"Simulation_488.csv";"Gradual"
"433";0.201342281879195;0.503355704697987;0.556206896551724;0.255172413793103;0.4;0.417544227886057;0.601342281879195;0.00620071269420234;0.0360865366404429;0.888710917676067;0.224919091758127;0.452000212410235;1.04890333449441;-0.000216947969692024;-0.0941198962171917;"Simulation_489.csv";"Gradual"
"434";0.193288590604027;0.483221476510068;0.0441379310344828;0.324137931034483;0.4;0.702022788605697;0.593288590604027;0.00611930881879564;0.0188634050844988;0.820864399876568;0.0998944309548059;0.919845092233291;1.01801599627557;0.0590729236975267;0.0938686397074217;"Simulation_49.csv";"Abrupt"
"435";0.205369127516779;0.513422818791947;0.556206896551724;0.262068965517241;0.4;0.411027286356822;0.605369127516779;0.0064579753082881;0.0372483910620629;0.901256836474836;0.234110314967189;0.429105920446172;1.02551608899658;-9.73893279782429e-05;-0.117428490213101;"Simulation_490.csv";"Gradual"
"436";0.197315436241611;0.493288590604027;0.556206896551724;0.268965517241379;0.4;0.407153973013493;0.597315436241611;0.00664860477523453;0.0371903736888112;0.91212668844254;0.234152207446482;0.434998925693038;1.05170896863823;-4.97717839341373e-05;-0.115799884581819;"Simulation_491.csv";"Gradual"
"437";0.193288590604027;0.483221476510068;0.556206896551724;0.275862068965517;0.4;0.400484657671164;0.593288590604027;0.00627824015909334;0.0384046975160256;0.897308278789073;0.241031348075511;0.422021580674861;1.04467034627262;0.000461245404952386;-0.122396512731595;"Simulation_492.csv";"Gradual"
"438";0.185234899328859;0.463087248322147;0.556206896551724;0.282758620689655;0.4;0.394118790604698;0.585234899328859;0.00780125033162196;0.0378174688592657;0.93771732362121;0.241338459851627;0.454114965892026;1.07299436070292;0.00223184878466488;-0.121564265829911;"Simulation_493.csv";"Gradual"
"439";0.185234899328859;0.463087248322147;0.556206896551724;0.289655172413793;0.4;0.387502248875562;0.585234899328859;0.00659518308616448;0.0386523391972611;0.91507484476509;0.248670968130777;0.426125345386217;1.05469421828814;5.38249270997221e-05;-0.137091039921436;"Simulation_494.csv";"Gradual"
"440";0.181208053691275;0.453020134228187;0.556206896551724;0.296551724137931;0.4;0.382212393803098;0.581208053691275;0.00714662132177448;0.0388452915574009;0.930817214140226;0.252001457784603;0.380684762671431;1.06349910759185;-0.00499484479568327;-0.141894739927075;"Simulation_495.csv";"Gradual"
"441";0.173154362416107;0.432885906040268;0.556206896551724;0.303448275862069;0.4;0.373907846076962;0.573154362416107;0.00678440811038781;0.0396397281104312;0.920777506314039;0.257721203596982;0.380554019789076;1.08660338593718;-0.00512783675441966;-0.147314727674729;"Simulation_496.csv";"Gradual"
"442";0.169127516778524;0.42281879194631;0.556206896551724;0.310344827586207;0.4;0.368346726636682;0.569127516778524;0.00732171568211544;0.0402746904137529;0.931942090805539;0.263617204768618;0.424445035160935;1.09165634622326;-0.000320983121981437;-0.159434319495911;"Simulation_497.csv";"Gradual"
"443";0.169127516778524;0.42281879194631;0.556206896551724;0.317241379310345;0.4;0.362951674162919;0.569127516778524;0.00633843895969482;0.0398396124708625;0.915065556168971;0.264380396943495;0.422709018521957;1.09260439327405;0.0022135653518909;-0.173453645896723;"Simulation_498.csv";"Gradual"
"444";0.161073825503356;0.40268456375839;0.556206896551724;0.324137931034483;0.4;0.356528135932034;0.561073825503356;0.00720515738714383;0.0405132885343823;0.935503308738912;0.269642511527554;0.391818908769547;1.09844028697396;-0.00132211448460737;-0.175703705084243;"Simulation_499.csv";"Gradual"
"445";0.261744966442953;0.654362416107382;0.01;0.227586206896552;0.4;0.756840829585207;0.661744966442953;0.00528221895716604;0.0147115156978438;0.730253954111851;0.0683736069950575;0.986975064238641;0.702974497551441;0.0355528502946233;0.0647098501745715;"Simulation_5.csv";"Abrupt"
"446";0.189261744966443;0.473154362416107;0.0441379310344828;0.331034482758621;0.4;0.698171514242879;0.589261744966443;0.00604027798664284;0.0186924442744755;0.820833137104387;0.0992847999043711;0.982670285872676;1.03003904237997;0.0514555703599071;0.0989920066401563;"Simulation_50.csv";"Abrupt"
"447";0.157046979865772;0.39261744966443;0.556206896551724;0.331034482758621;0.4;0.348753023488256;0.557046979865772;0.00749084588707764;0.041853023018648;0.94425767662112;0.277253656043713;0.383029089311903;1.07588483535564;-0.00365820721025408;-0.18130475746455;"Simulation_500.csv";"Gradual"
"448";0.157046979865772;0.39261744966443;0.556206896551724;0.337931034482759;0.4;0.343931684157921;0.557046979865772;0.00806100959013162;0.0403825056453963;0.947856393648885;0.274694532565035;0.386950475807552;1.12779958379721;-0.00142569457707449;-0.208300725715127;"Simulation_501.csv";"Gradual"
"449";0.14496644295302;0.36241610738255;0.556206896551724;0.344827586206897;0.4;0.334025437281359;0.54496644295302;0.0079220519829896;0.0404854275932401;0.946949221346758;0.281306978400699;0.309295181904019;1.10820696825125;-0.00872943880058666;-0.191818253682306;"Simulation_502.csv";"Gradual"
"450";0.14496644295302;0.36241610738255;0.556206896551724;0.351724137931035;0.4;0.328957421289355;0.54496644295302;0.00621821808454211;0.0422094751602564;0.924654291191633;0.290067636773449;0.400168979569836;1.09725522982889;0.00179702501741697;-0.212951434349718;"Simulation_503.csv";"Gradual"
"451";0.140939597315436;0.35234899328859;0.556206896551724;0.358620689655172;0.4;0.319910394802599;0.540939597315436;0.00765230696548779;0.0430135516826923;0.947193214833857;0.293992394460034;0.346997721406928;1.10197432417635;-0.00885085254266651;-0.227761027541301;"Simulation_504.csv";"Gradual"
"452";0.132885906040269;0.332214765100672;0.556206896551724;0.36551724137931;0.4;0.309596051974013;0.532885906040269;0.0067448164841823;0.0429676974067599;0.931846385946681;0.302862400905508;0.367559108301624;1.08548235611659;0.00216296534816793;-0.225939644445999;"Simulation_505.csv";"Gradual"
"453";0.132885906040269;0.332214765100672;0.556206896551724;0.372413793103448;0.4;0.306688105947027;0.532885906040269;0.00669173359158668;0.042879521780303;0.934613060928035;0.304983495366864;0.301885740640251;1.10950686186261;-0.0134063777801062;-0.244240377078497;"Simulation_506.csv";"Gradual"
"454";0.124832214765101;0.312080536912752;0.556206896551724;0.379310344827586;0.4;0.296690254872564;0.524832214765101;0.00708487261600429;0.0432351098120629;0.941710409223858;0.310875437292331;0.372309335191031;1.17081716662579;-0.00940772288526621;-0.240148680222344;"Simulation_507.csv";"Gradual"
"455";0.124832214765101;0.312080536912752;0.556206896551724;0.386206896551724;0.4;0.294019940029985;0.524832214765101;0.00714887523995221;0.0429676209207459;0.944795270717247;0.310145220177566;0.368504588175824;1.11296576992334;-0.0100424713920216;-0.283083322428511;"Simulation_508.csv";"Gradual"
"456";0.116778523489933;0.291946308724832;0.556206896551724;0.393103448275862;0.4;0.287944477761119;0.516778523489933;0.00786700583065948;0.0430599704982517;0.954645296892817;0.313464677898543;0.337843539498831;1.18174589357472;-0.00875935146450027;-0.276092674915521;"Simulation_509.csv";"Gradual"
"457";0.185234899328859;0.463087248322147;0.0441379310344828;0.337931034482759;0.4;0.696031634182909;0.585234899328859;0.00634419055342058;0.0185987935241841;0.840168325751788;0.10091964944104;0.902025748777903;1.04066381445202;0.0569141110743843;0.0916896820092819;"Simulation_51.csv";"Abrupt"
"458";0.116778523489933;0.291946308724832;0.556206896551724;0.4;0.4;0.275467366316842;0.516778523489933;0.00771654712356795;0.0441590836247086;0.956848701913187;0.327097635065483;0.257202640797087;1.11886051263988;-0.0222824115743913;-0.300593380372293;"Simulation_510.csv";"Gradual"
"459";0.241610738255034;0.604026845637585;0.590344827586207;0.2;0.4;0.442884357821089;0.641610738255034;0.00540897219440995;0.0328542404210373;0.843406115685539;0.201179654603058;0.479262253960734;0.942253365532376;-0.00127245260021674;-0.07086271057834;"Simulation_511.csv";"Gradual"
"460";0.233557046979866;0.583892617449665;0.590344827586207;0.206896551724138;0.4;0.438071364317841;0.633557046979866;0.00558305244357476;0.0340040947333916;0.862402954580168;0.205740264455247;0.468438052547716;0.941052390749136;-0.00163939101518313;-0.0706731278993844;"Simulation_512.csv";"Gradual"
"461";0.225503355704698;0.563758389261745;0.590344827586207;0.213793103448276;0.4;0.431398300849575;0.625503355704698;0.00569855570398713;0.0346903709571678;0.871431907640465;0.212789802024895;0.470702106914901;0.953195929875174;0.00617455418450619;-0.0702484423293224;"Simulation_513.csv";"Gradual"
"462";0.225503355704698;0.563758389261745;0.590344827586207;0.220689655172414;0.4;0.424985407296352;0.625503355704698;0.00641453092178428;0.0353349668560606;0.898139260978544;0.219111121752125;0.433778390259585;0.979833203848153;-0.000429876081693374;-0.0812613587214438;"Simulation_514.csv";"Gradual"
"463";0.221476510067114;0.553691275167785;0.590344827586207;0.227586206896552;0.4;0.42073708145927;0.621476510067114;0.00634297124996331;0.0354685915646853;0.900826829494608;0.2213729554875;0.476291691370719;0.976238221221329;-0.000965116155951098;-0.0859430380642832;"Simulation_515.csv";"Gradual"
"464";0.21744966442953;0.543624161073825;0.590344827586207;0.23448275862069;0.4;0.414208395802099;0.61744966442953;0.00573942936843571;0.0359350050990676;0.881228521965173;0.226097669965424;0.422264774531343;0.990957189096517;-0.00108538603514971;-0.0928970995598511;"Simulation_516.csv";"Gradual"
"465";0.209395973154362;0.523489932885905;0.590344827586207;0.241379310344828;0.4;0.410563418290855;0.609395973154362;0.00594314320115587;0.0364478392701049;0.88773729848149;0.231069275007251;0.452436256884695;0.958485106993168;0.000504166526280463;-0.093860627305938;"Simulation_517.csv";"Gradual"
"466";0.209395973154362;0.523489932885905;0.590344827586207;0.248275862068966;0.4;0.403601049475262;0.609395973154362;0.00669102936012472;0.0363075329618298;0.907461114970337;0.233455400789257;0.413439665793752;0.985686905850697;-0.0034004466972604;-0.105537535658007;"Simulation_518.csv";"Gradual"
"467";0.205369127516779;0.513422818791947;0.590344827586207;0.255172413793103;0.4;0.396349325337331;0.605369127516779;0.00688884611488765;0.037610360212704;0.92183512773766;0.239198336974789;0.430767124446593;0.97471208019436;-0.00206438748064494;-0.113157667816564;"Simulation_519.csv";"Gradual"
"468";0.181208053691275;0.453020134228187;0.0441379310344828;0.344827586206897;0.4;0.692758570714643;0.581208053691275;0.00596923343119717;0.019418397618007;0.809016014142951;0.104404842901553;1.00939139118178;1.0703002150254;0.065355381753517;0.0909135486607295;"Simulation_52.csv";"Abrupt"
"469";0.201342281879195;0.503355704697987;0.590344827586207;0.262068965517241;0.4;0.392157871064468;0.601342281879195;0.00567632445032587;0.0377139322916667;0.882581654957311;0.243538385124618;0.440532144463984;0.986917770639086;-0.000154229678327794;-0.118654007143089;"Simulation_520.csv";"Gradual"
"470";0.193288590604027;0.483221476510068;0.590344827586207;0.268965517241379;0.4;0.385763568215892;0.593288590604027;0.00621805412178676;0.0377333906978438;0.905339984588172;0.243318213946679;0.381477372957248;1.00703375260237;-0.00254225804623122;-0.11759944544233;"Simulation_521.csv";"Gradual"
"471";0.193288590604027;0.483221476510068;0.590344827586207;0.275862068965517;0.4;0.379572413793103;0.593288590604027;0.00638275008289449;0.0389202687937063;0.912568421876636;0.249157315091844;0.391153440982353;0.996806387618737;-0.00339639988541252;-0.134364444430508;"Simulation_522.csv";"Gradual"
"472";0.193288590604027;0.483221476510068;0.590344827586207;0.282758620689655;0.4;0.374642828585707;0.593288590604027;0.00573443631014439;0.0389800717511655;0.885839561343588;0.254575987260998;0.416881910745977;0.970294005205949;-0.00475133089886753;-0.151568026388294;"Simulation_523.csv";"Gradual"
"473";0.181208053691275;0.453020134228187;0.590344827586207;0.289655172413793;0.4;0.368821139430285;0.581208053691275;0.00561478119796751;0.0401450739364802;0.885564780981837;0.260824987903276;0.419131311720614;1.01926894229928;0.000528310687553265;-0.145067448568342;"Simulation_524.csv";"Gradual"
"474";0.173154362416107;0.432885906040268;0.590344827586207;0.296551724137931;0.4;0.361788605697151;0.573154362416107;0.00682537399011567;0.0400933420745921;0.929720663806748;0.263827595199564;0.37564673234767;1.03352514942148;0.00131440855305684;-0.14166935063011;"Simulation_525.csv";"Gradual"
"475";0.177181208053691;0.442953020134227;0.590344827586207;0.303448275862069;0.4;0.351962818590705;0.577181208053691;0.00583035392163925;0.0412479184877622;0.899584177878317;0.272317111635954;0.38772435848984;0.990510690164588;-0.00410733770292272;-0.164576544974455;"Simulation_526.csv";"Gradual"
"476";0.169127516778524;0.42281879194631;0.590344827586207;0.310344827586207;0.4;0.350825387306347;0.569127516778524;0.00622032275387851;0.0399819074155012;0.908479837727968;0.268198284811929;0.352567271969474;1.05106725967067;-0.00625615208234686;-0.164584019081556;"Simulation_527.csv";"Gradual"
"477";0.16510067114094;0.41275167785235;0.590344827586207;0.317241379310345;0.4;0.342557071464268;0.56510067114094;0.00650861361730671;0.0411616377112471;0.919068155312884;0.27961297895022;0.385947544392707;1.03480408458403;-0.00367730958806197;-0.17669499975919;"Simulation_528.csv";"Gradual"
"478";0.161073825503356;0.40268456375839;0.590344827586207;0.324137931034483;0.4;0.337500149925037;0.561073825503356;0.00597677128368748;0.0414008641098485;0.905654089135483;0.281859704412675;0.417932698598101;1.01850866214441;-0.00196504898764948;-0.187690445326238;"Simulation_529.csv";"Gradual"
"479";0.177181208053691;0.442953020134227;0.0441379310344828;0.351724137931035;0.4;0.688308445777111;0.577181208053691;0.00618777857014805;0.0193065987398019;0.828963752860104;0.103792271787433;0.957635358574915;1.09779698352788;0.0549893791660498;0.0997114619061438;"Simulation_53.csv";"Abrupt"
"480";0.153020134228188;0.38255033557047;0.590344827586207;0.331034482758621;0.4;0.331609895052474;0.553020134228188;0.00601800149875193;0.0417605732808858;0.912991013711851;0.285497510618439;0.369052746721208;1.03333990377692;-0.00212334379637215;-0.181051242401288;"Simulation_530.csv";"Gradual"
"481";0.153020134228188;0.38255033557047;0.590344827586207;0.337931034482759;0.4;0.324634632683658;0.553020134228188;0.00708829422199102;0.0416790883595571;0.936366067065353;0.28805760708445;0.379749836993429;1.02945278591619;-0.00453177979697982;-0.201864278626381;"Simulation_531.csv";"Gradual"
"482";0.148993288590604;0.37248322147651;0.590344827586207;0.344827586206897;0.4;0.316712143928036;0.548993288590604;0.00751914805355463;0.0423763467001748;0.943879417160683;0.294784956726732;0.325156771311842;0.992637110933552;-0.0116335085942015;-0.219193358227558;"Simulation_532.csv";"Gradual"
"483";0.140939597315436;0.35234899328859;0.590344827586207;0.351724137931035;0.4;0.308329685157421;0.540939597315436;0.00576662972201481;0.0428030658143939;0.91509824275243;0.298917003708348;0.439280141955669;1.05214541537679;-0.000615843002988703;-0.218269564102572;"Simulation_533.csv";"Gradual"
"484";0.140939597315436;0.35234899328859;0.590344827586207;0.358620689655172;0.4;0.303863368315842;0.540939597315436;0.00721381954645219;0.0428983009178322;0.944950078061752;0.302830072159328;0.28342612569599;1.06293603936746;-0.0139895201991128;-0.234884323412254;"Simulation_534.csv";"Gradual"
"485";0.132885906040269;0.332214765100672;0.590344827586207;0.36551724137931;0.4;0.298338730634683;0.532885906040269;0.00735337774005294;0.042431742606352;0.948419742270139;0.305770225426612;0.335960672513419;1.09070627493803;-0.0067859563225385;-0.234325292631787;"Simulation_535.csv";"Gradual"
"486";0.132885906040269;0.332214765100672;0.590344827586207;0.372413793103448;0.4;0.285647176411794;0.532885906040269;0.00713029124744307;0.0438570785984848;0.946659773065234;0.315121176729939;0.390242797008002;1.03847063016761;-0.000507867292991191;-0.2595021199048;"Simulation_536.csv";"Gradual"
"487";0.120805369127517;0.302013422818792;0.590344827586207;0.379310344827586;0.4;0.282549275362319;0.520805369127517;0.00712445511773621;0.0425011108682984;0.94760024340283;0.314687885825277;0.34198936985614;1.03145555074952;-0.00158039635649057;-0.239407926803732;"Simulation_537.csv";"Gradual"
"488";0.120805369127517;0.302013422818792;0.590344827586207;0.386206896551724;0.4;0.275006196901549;0.520805369127517;0.00771783010821114;0.0429823654210373;0.956457718059143;0.317416472013345;0.271501256734249;1.11365287155889;-0.0138935365055811;-0.265271931540245;"Simulation_538.csv";"Gradual"
"489";0.120805369127517;0.302013422818792;0.590344827586207;0.393103448275862;0.4;0.264214742628686;0.520805369127517;0.00673230551492034;0.0440514687135781;0.942184719432826;0.330256406686778;0.285499693095089;0.997572083041922;-0.0161705158794797;-0.286439265981118;"Simulation_539.csv";"Gradual"
"490";0.173154362416107;0.432885906040268;0.0441379310344828;0.358620689655172;0.4;0.685493903048476;0.573154362416107;0.00584911726746829;0.019670868844697;0.8026498172276;0.106498264545781;0.977977065153283;1.14554366834346;0.0753399039730834;0.09806074459627;"Simulation_54.csv";"Abrupt"
"491";0.116778523489933;0.291946308724832;0.590344827586207;0.4;0.4;0.259633533233383;0.516778523489933;0.0056916025827547;0.0433595124927156;0.923363440181285;0.33218834380508;0.370568223003925;1.05154867446401;-0.0098879609623621;-0.303307292478294;"Simulation_540.csv";"Gradual"
"492";0.23758389261745;0.593959731543625;0.62448275862069;0.2;0.4;0.424785557221389;0.63758389261745;0.00530093730408586;0.0340505572552448;0.857029424669733;0.211795212834679;0.509834472431872;0.922195989105903;0.00230510824343861;-0.0740574667130902;"Simulation_541.csv";"Gradual"
"493";0.233557046979866;0.583892617449665;0.62448275862069;0.206896551724138;0.4;0.417885657171414;0.633557046979866;0.00582876566525107;0.0352188802083333;0.883063516694219;0.220330547540395;0.428420334979597;0.917860435960694;0.000427622258088773;-0.0815212842091722;"Simulation_542.csv";"Gradual"
"494";0.229530201342282;0.573825503355705;0.62448275862069;0.213793103448276;0.4;0.413199950024987;0.629530201342282;0.00569903983119097;0.0351291220498252;0.876987658646211;0.221472967814009;0.449080398886219;0.920885589473758;-0.00233114270110194;-0.0888720749042415;"Simulation_543.csv";"Gradual"
"495";0.229530201342282;0.573825503355705;0.62448275862069;0.220689655172414;0.4;0.408008845577211;0.629530201342282;0.00580815777305005;0.0360129179414336;0.879430324804956;0.225736422063015;0.42116109978556;0.927244030442533;-0.00312371553525194;-0.0984024761128772;"Simulation_544.csv";"Gradual"
"496";0.221476510067114;0.553691275167785;0.62448275862069;0.227586206896552;0.4;0.402129535232384;0.621476510067114;0.00613186042191789;0.0364755863927739;0.897661859082236;0.232025446081828;0.423742804531068;0.922026032457809;-0.00180960073624892;-0.0992750435395467;"Simulation_545.csv";"Gradual"
"497";0.21744966442953;0.543624161073825;0.62448275862069;0.23448275862069;0.4;0.396642578710645;0.61744966442953;0.00529299028403855;0.0366849796037296;0.862941095855307;0.233802622550584;0.465715612130661;0.930022805443585;9.08149411920539e-05;-0.105833802855065;"Simulation_546.csv";"Gradual"
"498";0.213422818791946;0.533557046979865;0.62448275862069;0.241379310344828;0.4;0.392079510244878;0.613422818791946;0.00518980538748998;0.0368590617715618;0.848499203563126;0.236216164763959;0.425836666057907;0.92476891208968;-0.00318356677361762;-0.112294604853278;"Simulation_547.csv";"Gradual"
"499";0.209395973154362;0.523489932885905;0.62448275862069;0.248275862068966;0.4;0.385944627686157;0.609395973154362;0.00592869651557685;0.038446632794289;0.893648015874938;0.24574494847817;0.438321899453389;0.920563877984881;-0.00103978833554667;-0.118566615707194;"Simulation_548.csv";"Gradual"
"500";0.205369127516779;0.513422818791947;0.62448275862069;0.255172413793103;0.4;0.379822938530735;0.605369127516779;0.00563455131849197;0.0380118817380536;0.888310203053513;0.245761449613251;0.467073285130338;0.939783830800773;0.00335861569771136;-0.122496527054813;"Simulation_549.csv";"Gradual"
"501";0.169127516778524;0.42281879194631;0.0441379310344828;0.36551724137931;0.4;0.681117741129435;0.569127516778524;0.00579183736779207;0.0198615466564685;0.796865530762392;0.108480671406192;0.923115062893531;1.16246669717769;0.0611108904436192;0.100660693660427;"Simulation_55.csv";"Abrupt"
"502";0.201342281879195;0.503355704697987;0.62448275862069;0.262068965517241;0.4;0.372772763618191;0.601342281879195;0.00590817423647913;0.038203604858683;0.895713435984618;0.250790499422526;0.424479887509313;0.941390111674529;-0.00244775001864918;-0.130289821694005;"Simulation_550.csv";"Gradual"
"503";0.193288590604027;0.483221476510068;0.62448275862069;0.268965517241379;0.4;0.370192953523238;0.593288590604027;0.00571237300273177;0.0391076904865967;0.89268128879103;0.254627601068796;0.392420728164973;0.964554781890627;-0.00152953534967297;-0.132344367958276;"Simulation_551.csv";"Gradual"
"504";0.189261744966443;0.473154362416107;0.62448275862069;0.275862068965517;0.4;0.362539930034983;0.589261744966443;0.00608507598926278;0.0393097856570513;0.905209338081687;0.259300790789932;0.416970541148468;0.950176993572371;0.00242587570942835;-0.137344335877502;"Simulation_552.csv";"Gradual"
"505";0.193288590604027;0.483221476510068;0.62448275862069;0.282758620689655;0.4;0.356105197401299;0.593288590604027;0.00608326499287293;0.0395779838650932;0.908102771389814;0.264253390687569;0.433825708314136;0.960878903310921;-0.00266080905238742;-0.161056112783546;"Simulation_553.csv";"Gradual"
"506";0.177181208053691;0.442953020134227;0.62448275862069;0.289655172413793;0.4;0.34916031984008;0.577181208053691;0.00608671378476524;0.0400316032925408;0.909281281807082;0.270416544073721;0.403691656691642;0.934766824316427;-0.00375553536855087;-0.144929245076948;"Simulation_554.csv";"Gradual"
"507";0.177181208053691;0.442953020134227;0.62448275862069;0.296551724137931;0.4;0.345758570714643;0.577181208053691;0.0060192323228234;0.0404078024839744;0.906403044213688;0.270517813146839;0.433346199721765;0.967223460251998;-0.00168705676876165;-0.15807278907181;"Simulation_555.csv";"Gradual"
"508";0.177181208053691;0.442953020134227;0.62448275862069;0.303448275862069;0.4;0.340567216391804;0.577181208053691;0.00568128635941291;0.040528439138986;0.898221439486365;0.274269107360043;0.380287954070447;0.951812129327533;-0.0064889258233281;-0.174307271214132;"Simulation_556.csv";"Gradual"
"509";0.16510067114094;0.41275167785235;0.62448275862069;0.310344827586207;0.4;0.330674962518741;0.56510067114094;0.00568906827266948;0.0416755299388112;0.908806155053537;0.283128980580541;0.361379197307388;0.96652189763235;-0.00380792491549566;-0.169316045859574;"Simulation_557.csv";"Gradual"
"510";0.161073825503356;0.40268456375839;0.62448275862069;0.317241379310345;0.4;0.32594007996002;0.561073825503356;0.00604743935840643;0.0415387219551282;0.914418446699544;0.28472359602794;0.371190627551026;0.98482307620808;0.000988732704236354;-0.17714783410769;"Simulation_558.csv";"Gradual"
"511";0.161073825503356;0.40268456375839;0.62448275862069;0.324137931034483;0.4;0.316945627186407;0.561073825503356;0.00586106578353635;0.0417613927738928;0.917650630343572;0.292842599790373;0.363074788318091;0.955330020368024;-0.00599707477198616;-0.194930309762382;"Simulation_559.csv";"Gradual"
"512";0.16510067114094;0.41275167785235;0.0441379310344828;0.372413793103448;0.4;0.678271714142929;0.56510067114094;0.00623084902001684;0.0203346973339161;0.831178940168498;0.111459543938205;0.882273697835703;1.2296242617676;0.0634604054446364;0.089047193444185;"Simulation_56.csv";"Abrupt"
"513";0.157046979865772;0.39261744966443;0.62448275862069;0.331034482758621;0.4;0.315636381809095;0.557046979865772;0.00705578668201845;0.0413671173878205;0.940715811420323;0.288827779628295;0.359372088101155;0.979774666679815;-0.00503073186319005;-0.202180781933167;"Simulation_560.csv";"Gradual"
"514";0.148993288590604;0.37248322147651;0.62448275862069;0.337931034482759;0.4;0.305660419790105;0.548993288590604;0.00560914722784918;0.0431796911421911;0.911760850331687;0.304318951922358;0.328159639601155;0.971876203661399;-0.00681808933931402;-0.202209019264055;"Simulation_561.csv";"Gradual"
"515";0.14496644295302;0.36241610738255;0.62448275862069;0.344827586206897;0.4;0.301894402798601;0.54496644295302;0.0072596025136141;0.0424390187937063;0.944404141114325;0.301507653916385;0.308376663197629;0.987313435160548;-0.0120597316067552;-0.21158776999109;"Simulation_562.csv";"Gradual"
"516";0.136912751677852;0.34228187919463;0.62448275862069;0.351724137931035;0.4;0.293626736631684;0.536912751677852;0.00562383408317693;0.0430160593312937;0.908154787122467;0.308178176988872;0.379850466794423;0.979697722721957;-0.0050923754772329;-0.224163278155328;"Simulation_563.csv";"Gradual"
"517";0.140939597315436;0.35234899328859;0.62448275862069;0.358620689655172;0.4;0.285864567716142;0.540939597315436;0.00615234743212192;0.0429566925262238;0.929337493578611;0.313851290981018;0.385128486031474;0.965306123562887;-0.00367565259314274;-0.240745403924506;"Simulation_564.csv";"Gradual"
"518";0.136912751677852;0.34228187919463;0.62448275862069;0.36551724137931;0.4;0.281220889555222;0.536912751677852;0.00687896237875276;0.0429328097683566;0.942080903028517;0.314368743171045;0.307916346816567;0.997721545120991;-0.0106528461015137;-0.251712297799304;"Simulation_565.csv";"Gradual"
"519";0.132885906040269;0.332214765100672;0.62448275862069;0.372413793103448;0.4;0.271579110444778;0.532885906040269;0.00765381626434133;0.0427852008668415;0.956662062202642;0.319896848969494;0.29165109016258;0.977063581914718;-0.0162419980164986;-0.26997732893615;"Simulation_566.csv";"Gradual"
"520";0.124832214765101;0.312080536912752;0.62448275862069;0.379310344827586;0.4;0.267431434282859;0.524832214765101;0.00616485331470296;0.0429401551573427;0.930078732963366;0.321848545852999;0.361146296852068;0.983127836447345;-0.00955296259053266;-0.266262980348503;"Simulation_567.csv";"Gradual"
"521";0.120805369127517;0.302013422818792;0.62448275862069;0.386206896551724;0.4;0.261970164917541;0.520805369127517;0.00746611776111177;0.042696662842366;0.951530540674017;0.327603912957575;0.36504106516034;0.987585575674936;0.00196033597555754;-0.27567390902301;"Simulation_568.csv";"Gradual"
"522";0.112751677852349;0.281879194630872;0.62448275862069;0.393103448275862;0.4;0.251786356821589;0.512751677852349;0.00689904984549428;0.0437346791229604;0.949492481077484;0.336249950016173;0.334283821530301;1.00488320499478;-0.00935384970410001;-0.278354764677522;"Simulation_569.csv";"Gradual"
"523";0.16510067114094;0.41275167785235;0.0441379310344828;0.379310344827586;0.4;0.673434682658671;0.56510067114094;0.00712396073204675;0.0207416976252914;0.879161702271584;0.112136246814663;0.898543171544;1.33971381111907;0.072483285043791;0.0787823867199066;"Simulation_57.csv";"Abrupt"
"524";0.108724832214765;0.271812080536913;0.62448275862069;0.4;0.4;0.246802148925537;0.508724832214765;0.00803698826550158;0.0429711329035548;0.962602013391221;0.34090413795798;0.315343166222551;1.02604907577319;-0.00129549639986073;-0.292483772997669;"Simulation_570.csv";"Gradual"
"525";0.23758389261745;0.593959731543625;0.658620689655173;0.2;0.4;0.406058420789605;0.63758389261745;0.0055827359157359;0.034953188738345;0.870210157890033;0.221404550044739;0.494627441766948;0.878208034876368;0.0023657947193554;-0.0865650988009537;"Simulation_571.csv";"Gradual"
"526";0.23758389261745;0.593959731543625;0.658620689655173;0.206896551724138;0.4;0.402392953523238;0.63758389261745;0.00543952712304469;0.034935886509324;0.870707653196173;0.221827166760407;0.454296204007772;0.883902565277913;-0.00116924420414974;-0.0964537226934925;"Simulation_572.csv";"Gradual"
"527";0.229530201342282;0.573825503355705;0.658620689655173;0.213793103448276;0.4;0.396109245377311;0.629530201342282;0.00533972934522527;0.0365896452505828;0.857711306690043;0.233387861793074;0.488953993625333;0.879187650676612;0.000845180266722352;-0.0964224048038633;"Simulation_573.csv";"Gradual"
"528";0.221476510067114;0.553691275167785;0.658620689655173;0.220689655172414;0.4;0.389702698650675;0.621476510067114;0.00642253397917389;0.0370447798295455;0.899379932553485;0.237534572683692;0.419170590176393;0.895241241994804;-0.000584637097246198;-0.0947180292925588;"Simulation_574.csv";"Gradual"
"529";0.21744966442953;0.543624161073825;0.658620689655173;0.227586206896552;0.4;0.383889855072464;0.61744966442953;0.00559259975583677;0.0370428813374126;0.88993648289187;0.236953694587286;0.452723283043241;0.899481522435085;-0.00112920934135409;-0.104888346424571;"Simulation_575.csv";"Gradual"
"530";0.21744966442953;0.543624161073825;0.658620689655173;0.23448275862069;0.4;0.379487606196902;0.61744966442953;0.00647840847097816;0.0374527653336247;0.907756615367567;0.241337037264139;0.424811278429961;0.889388381666504;-0.00150903841270931;-0.116218241013204;"Simulation_576.csv";"Gradual"
"531";0.213422818791946;0.533557046979865;0.658620689655173;0.241379310344828;0.4;0.374028135932034;0.613422818791946;0.00604824379249987;0.0376354312354312;0.899233796292113;0.243955162955821;0.417538326160292;0.898816300159875;-0.000499468192272901;-0.119939117205811;"Simulation_577.csv";"Gradual"
"532";0.205369127516779;0.513422818791947;0.658620689655173;0.248275862068966;0.4;0.370378610694653;0.605369127516779;0.00622328147112643;0.0385704955201049;0.906881315868695;0.249064156830384;0.389798571930365;0.893479510722403;-0.00532349273818943;-0.120449133524681;"Simulation_578.csv";"Gradual"
"533";0.201342281879195;0.503355704697987;0.658620689655173;0.255172413793103;0.4;0.36342283858071;0.601342281879195;0.0058786412663498;0.0393695248761655;0.90171291311655;0.257159422835778;0.420494726310854;0.911802764043238;-0.00124428703057414;-0.126273595583593;"Simulation_579.csv";"Gradual"
"534";0.157046979865772;0.39261744966443;0.0441379310344828;0.386206896551724;0.4;0.670727486256872;0.557046979865772;0.00659590207082671;0.0209343048878205;0.848073434937436;0.116104686874509;0.947207695471826;1.29208008190067;0.0920308343664888;0.0894906541813766;"Simulation_58.csv";"Abrupt"
"535";0.197315436241611;0.493288590604027;0.658620689655173;0.262068965517241;0.4;0.357426386806597;0.597315436241611;0.00644817752456505;0.0396743935751748;0.919460567076326;0.2598262631097;0.388271997281343;0.930441009636807;-0.00179450768633395;-0.133163506875507;"Simulation_580.csv";"Gradual"
"536";0.197315436241611;0.493288590604027;0.658620689655173;0.268965517241379;0.4;0.352168715642179;0.597315436241611;0.00573719799201668;0.0392632976398601;0.895297282359649;0.26405551615497;0.438508951964996;0.933770177284381;-0.0028318087538744;-0.146567789133792;"Simulation_581.csv";"Gradual"
"537";0.185234899328859;0.463087248322147;0.658620689655173;0.275862068965517;0.4;0.344659870064968;0.585234899328859;0.0057285289370927;0.0398923686990093;0.904114107611996;0.271056798256972;0.399666912667501;0.875344156356255;0.00239568197792271;-0.141445254873212;"Simulation_582.csv";"Gradual"
"538";0.181208053691275;0.453020134228187;0.658620689655173;0.282758620689655;0.4;0.340067866066967;0.581208053691275;0.00630408295424901;0.0403334690049534;0.915759974819181;0.276899981245215;0.402809901047479;0.907413379910734;-0.00294142282615326;-0.145868561259888;"Simulation_583.csv";"Gradual"
"539";0.181208053691275;0.453020134228187;0.658620689655173;0.289655172413793;0.4;0.334082458770615;0.581208053691275;0.00585979924156317;0.0407426008886946;0.904766819850708;0.275162095642603;0.408991754909421;0.930960131003341;-0.00404102107898036;-0.156549677586438;"Simulation_584.csv";"Gradual"
"540";0.177181208053691;0.442953020134227;0.658620689655173;0.296551724137931;0.4;0.326985757121439;0.577181208053691;0.00664511866252067;0.0411562144886364;0.927886890853316;0.284624816011453;0.399904492912452;0.925595476558434;-0.00395410344793022;-0.170614374950654;"Simulation_585.csv";"Gradual"
"541";0.173154362416107;0.432885906040268;0.658620689655173;0.303448275862069;0.4;0.321040529735132;0.573154362416107;0.00692293373644732;0.0411133249562937;0.934294043393327;0.28522769181348;0.333978371647528;0.894831166222984;-0.00554562640388055;-0.17565171725366;"Simulation_586.csv";"Gradual"
"542";0.169127516778524;0.42281879194631;0.658620689655173;0.310344827586207;0.4;0.319600449775112;0.569127516778524;0.00645620126681326;0.0409051218312937;0.923002474245816;0.285502640077847;0.398316963432682;0.943487144004617;-0.00347052451245359;-0.183547061081115;"Simulation_587.csv";"Gradual"
"543";0.16510067114094;0.41275167785235;0.658620689655173;0.317241379310345;0.4;0.307927136431784;0.56510067114094;0.00570466635710425;0.0416936817089161;0.909560483932926;0.29589614392715;0.376580187442049;0.925088810943719;-0.00255489369699418;-0.192443282552711;"Simulation_588.csv";"Gradual"
"544";0.161073825503356;0.40268456375839;0.658620689655173;0.324137931034483;0.4;0.306149375312344;0.561073825503356;0.00731913661981864;0.0419960609702797;0.948115568948041;0.297714137802426;0.323270465127441;0.896763081326689;-0.0096867678062619;-0.201290065859943;"Simulation_589.csv";"Gradual"
"545";0.157046979865772;0.39261744966443;0.0441379310344828;0.393103448275862;0.4;0.665769965017491;0.557046979865772;0.00659858867097924;0.0210288388694639;0.866144770977493;0.118197964520773;0.952653455548826;1.37759841473983;0.0871621030372761;0.0859381550887353;"Simulation_59.csv";"Abrupt"
"546";0.153020134228188;0.38255033557047;0.658620689655173;0.331034482758621;0.4;0.296111494252874;0.553020134228188;0.00606659936175877;0.0423376557036713;0.926874198593927;0.304497416794577;0.362751874116368;0.914653903274372;-0.00349778175086885;-0.203172840419042;"Simulation_590.csv";"Gradual"
"547";0.157046979865772;0.39261744966443;0.658620689655173;0.337931034482759;0.4;0.289724687656172;0.557046979865772;0.00749574147198878;0.042291508231352;0.949624257916399;0.308895183490271;0.304678052407483;0.869315189923758;-0.00973987724670649;-0.227095924489759;"Simulation_591.csv";"Gradual"
"548";0.148993288590604;0.37248322147651;0.658620689655173;0.344827586206897;0.4;0.283272363818091;0.548993288590604;0.00606168300553322;0.0423891608391608;0.927432195420853;0.31184877659275;0.348500887556092;0.919889343607647;-0.00847889169469556;-0.230295704157499;"Simulation_592.csv";"Gradual"
"549";0.140939597315436;0.35234899328859;0.658620689655173;0.351724137931035;0.4;0.276548825587206;0.540939597315436;0.00805880759604453;0.0425059649985431;0.958879965205179;0.316814219430302;0.336208450775586;0.934174311205373;-0.00237426232788427;-0.227593306949557;"Simulation_593.csv";"Gradual"
"550";0.136912751677852;0.34228187919463;0.658620689655173;0.358620689655172;0.4;0.272144577711144;0.536912751677852;0.00707924161433151;0.0423226134542541;0.947922107689539;0.319936214933882;0.343013456795988;0.908612078584718;-0.00195386709281777;-0.236167602728919;"Simulation_594.csv";"Gradual"
"551";0.132885906040269;0.332214765100672;0.658620689655173;0.36551724137931;0.4;0.26411664167916;0.532885906040269;0.00757640600258737;0.0429188401442308;0.957324515091712;0.326498078233386;0.284429701757986;0.927698036040216;-0.0104740093987301;-0.25041848984349;"Simulation_595.csv";"Gradual"
"552";0.128859060402685;0.322147651006713;0.658620689655173;0.372413793103448;0.4;0.258629285357321;0.528859060402685;0.00747430611756238;0.0431284782925408;0.954542762927105;0.329288766846347;0.296162720549396;0.927819578516808;-0.0112935872847518;-0.255068080941235;"Simulation_596.csv";"Gradual"
"553";0.124832214765101;0.312080536912752;0.658620689655173;0.379310344827586;0.4;0.248131334332834;0.524832214765101;0.00813324674829589;0.0427203489219114;0.962893548772207;0.333088658135931;0.261237500576219;0.932916904087046;-0.0123223033720091;-0.272361259156346;"Simulation_597.csv";"Gradual"
"554";0.124832214765101;0.312080536912752;0.658620689655173;0.386206896551724;0.4;0.246510894552724;0.524832214765101;0.0077491316448603;0.0425962703962704;0.959419535646435;0.335204661560894;0.290816940813741;0.909038679256187;-0.0173219089045034;-0.286903096921216;"Simulation_598.csv";"Gradual"
"555";0.116778523489933;0.291946308724832;0.658620689655173;0.393103448275862;0.4;0.239962968515742;0.516778523489933;0.00650874742047256;0.042456742606352;0.945519659736829;0.342410833186017;0.246212090962609;0.931807281086068;-0.0208788453151726;-0.290281250567869;"Simulation_599.csv";"Gradual"
"556";0.257718120805369;0.644295302013423;0.01;0.23448275862069;0.4;0.754687406296852;0.657718120805369;0.00528912387067464;0.0143185779064685;0.73718480667275;0.0673892558789449;0.958328920325673;0.710963632614417;0.0322118981672771;0.063203653091251;"Simulation_6.csv";"Abrupt"
"557";0.153020134228188;0.38255033557047;0.0441379310344828;0.4;0.4;0.662648025987006;0.553020134228188;0.00628189281596911;0.0214361523892774;0.839766037312042;0.120369321316525;0.905108097471364;1.39111200777626;0.0590271374922084;0.0765176146814661;"Simulation_60.csv";"Abrupt"
"558";0.108724832214765;0.271812080536913;0.658620689655173;0.4;0.4;0.232349825087456;0.508724832214765;0.00810550561158219;0.0420289044289044;0.968591697236661;0.346631965785739;0.266061445555985;1.00425397007978;-0.00993710470345548;-0.283365452168444;"Simulation_600.csv";"Gradual"
"559";0.23758389261745;0.593959731543625;0.692758620689655;0.2;0.4;0.38971924037981;0.63758389261745;0.00579985212076038;0.0357432182400932;0.885248476363191;0.23125989649984;0.442245521557163;0.859529015067785;-0.00203578956679977;-0.09320137841624;"Simulation_601.csv";"Gradual"
"560";0.233557046979866;0.583892617449665;0.692758620689655;0.206896551724138;0.4;0.38514127936032;0.633557046979866;0.00545866697669118;0.0361546538097319;0.875438760831711;0.234378484832431;0.424455489070836;0.849629932405567;-0.00299088321194523;-0.0974566155660439;"Simulation_602.csv";"Gradual"
"561";0.225503355704698;0.563758389261745;0.692758620689655;0.213793103448276;0.4;0.380283058470765;0.625503355704698;0.00583078706874805;0.0371218221882284;0.88952067977571;0.239787430327142;0.462216023089186;0.847976443312501;0.00106159984345943;-0.0995561503577549;"Simulation_603.csv";"Gradual"
"562";0.225503355704698;0.563758389261745;0.692758620689655;0.220689655172414;0.4;0.37466071964018;0.625503355704698;0.00521229280469345;0.0379821013621795;0.870483710178198;0.243518342626109;0.435560649552657;0.854158155098389;-0.00111193712453444;-0.11094141344247;"Simulation_604.csv";"Gradual"
"563";0.221476510067114;0.553691275167785;0.692758620689655;0.227586206896552;0.4;0.368423338330835;0.621476510067114;0.00629896182318761;0.0380093522363054;0.907459707092971;0.24951297227885;0.385999697107838;0.861826776250917;-0.00328261132165666;-0.114405764458588;"Simulation_605.csv";"Gradual"
"564";0.21744966442953;0.543624161073825;0.692758620689655;0.23448275862069;0.4;0.364948575712144;0.61744966442953;0.0056911940065675;0.0374911130536131;0.88830877594236;0.247103999691609;0.420048732922067;0.86852730196212;-0.00257213559455103;-0.12192246945883;"Simulation_606.csv";"Gradual"
"565";0.213422818791946;0.533557046979865;0.692758620689655;0.241379310344828;0.4;0.3582972013993;0.613422818791946;0.0061816981618256;0.0381385607881702;0.912448192801227;0.254530809691252;0.421305522922935;0.846553678196657;-0.00079477301655327;-0.127858636354508;"Simulation_607.csv";"Gradual"
"566";0.205369127516779;0.513422818791947;0.692758620689655;0.248275862068966;0.4;0.350064217891054;0.605369127516779;0.00570547360001777;0.03961940377331;0.894548808347528;0.265568820738072;0.406765557011374;0.873422034560339;-0.00352848365396743;-0.128248598031085;"Simulation_608.csv";"Gradual"
"567";0.201342281879195;0.503355704697987;0.692758620689655;0.255172413793103;0.4;0.347672713643178;0.601342281879195;0.00532119583199667;0.0389421656468531;0.883507605229062;0.263776592433044;0.423811452044152;0.858771782182298;-0.000724965047566815;-0.135049840961361;"Simulation_609.csv";"Gradual"
"568";0.265771812080537;0.664429530201342;0.0782758620689655;0.2;0.4;0.739490054972514;0.665771812080537;0.00539731007511858;0.0151787432619464;0.766506448644636;0.0695106594916388;0.910055683276281;0.787319919936257;0.0294443668575876;0.0703559344593271;"Simulation_61.csv";"Abrupt"
"569";0.197315436241611;0.493288590604027;0.692758620689655;0.262068965517241;0.4;0.341315792103948;0.597315436241611;0.0054669278836251;0.0404866258741259;0.893670808689031;0.270076460281966;0.391706938289876;0.885563620798126;-0.00337388730223144;-0.140970558118061;"Simulation_610.csv";"Gradual"
"570";0.189261744966443;0.473154362416107;0.692758620689655;0.268965517241379;0.4;0.335906146926537;0.589261744966443;0.00631985025110578;0.0401887347027972;0.917401923737481;0.273343288494592;0.393286722310797;0.886881239377581;0.00047436049793843;-0.140235537337757;"Simulation_611.csv";"Gradual"
"571";0.189261744966443;0.473154362416107;0.692758620689655;0.275862068965517;0.4;0.330928935532234;0.589261744966443;0.00601522213358258;0.0397906914699883;0.912471586151667;0.275496794440334;0.337351276357632;0.865770747616011;-0.00691552408899583;-0.152952165605738;"Simulation_612.csv";"Gradual"
"572";0.181208053691275;0.453020134228187;0.692758620689655;0.282758620689655;0.4;0.32318175912044;0.581208053691275;0.00608439989678095;0.0407819401952214;0.913597807182226;0.282429120814785;0.395740581897344;0.872779165544579;-0.00317601408844369;-0.153505470775405;"Simulation_613.csv";"Gradual"
"573";0.185234899328859;0.463087248322147;0.692758620689655;0.289655172413793;0.4;0.319285407296352;0.585234899328859;0.00641977390151139;0.0407138184731935;0.925224610753444;0.284622383113082;0.369564487213688;0.843305419083473;-0.00303061806268693;-0.173081255351609;"Simulation_614.csv";"Gradual"
"574";0.177181208053691;0.442953020134227;0.692758620689655;0.296551724137931;0.4;0.313206546726637;0.577181208053691;0.00651069751401035;0.0413314685314685;0.929027185032506;0.28911367597556;0.335731260229884;0.877148498293194;-0.00333173857214767;-0.173828321080287;"Simulation_615.csv";"Gradual"
"575";0.16510067114094;0.41275167785235;0.692758620689655;0.303448275862069;0.4;0.305026136931534;0.56510067114094;0.00687421861153981;0.0417970124927156;0.934737990482088;0.297116271351642;0.409510545288156;0.883627380716152;-0.00184832025972723;-0.170250179391785;"Simulation_616.csv";"Gradual"
"576";0.16510067114094;0.41275167785235;0.692758620689655;0.310344827586207;0.4;0.301203648175912;0.56510067114094;0.00732336819258447;0.0422510270979021;0.944468054050877;0.297741563630834;0.330879375991801;0.876679754696496;-0.006050040878905;-0.183369075500162;"Simulation_617.csv";"Gradual"
"577";0.161073825503356;0.40268456375839;0.692758620689655;0.317241379310345;0.4;0.295614892553723;0.561073825503356;0.00681562969218175;0.0418857535693473;0.936087751728694;0.302322968472716;0.372516790863344;0.87535386322406;-0.000869874151133695;-0.196951152291349;"Simulation_618.csv";"Gradual"
"578";0.161073825503356;0.40268456375839;0.692758620689655;0.324137931034483;0.4;0.290186906546727;0.561073825503356;0.00664211852316429;0.0416169316360723;0.93484198107475;0.301693667758701;0.359183442204614;0.85361691036749;-0.00365748768053728;-0.208520694422976;"Simulation_619.csv";"Gradual"
"579";0.261744966442953;0.654362416107382;0.0782758620689655;0.206896551724138;0.4;0.736877511244378;0.661744966442953;0.00528076547509909;0.0156874836101399;0.739733599893177;0.0748379413910674;0.956475662730877;0.814549971455009;0.0294475709331267;0.0728348757270584;"Simulation_62.csv";"Abrupt"
"580";0.157046979865772;0.39261744966443;0.692758620689655;0.331034482758621;0.4;0.279724087956022;0.557046979865772;0.00611071595480103;0.0433026897581585;0.925108625261393;0.315246909986149;0.277203142181711;0.842256391538004;-0.0118113746915277;-0.218444756586518;"Simulation_620.csv";"Gradual"
"581";0.148993288590604;0.37248322147651;0.692758620689655;0.337931034482759;0.4;0.277529085457271;0.548993288590604;0.00802215766569029;0.0432217320439977;0.957983418656182;0.315464878370469;0.308280492723053;0.876677471906355;-0.0106785034603836;-0.218383173922079;"Simulation_621.csv";"Gradual"
"582";0.14496644295302;0.36241610738255;0.692758620689655;0.344827586206897;0.4;0.271455422288856;0.54496644295302;0.00584007977977039;0.0418702924679487;0.9222133975283;0.31648338784014;0.365214873836632;0.921123867365584;-0.0041800314190663;-0.226617687672015;"Simulation_622.csv";"Gradual"
"583";0.140939597315436;0.35234899328859;0.692758620689655;0.351724137931035;0.4;0.264222588705647;0.540939597315436;0.00823619508603654;0.0421708169434732;0.964475933597195;0.319497773028898;0.342608282635546;0.894313539052235;-0.0107309895491418;-0.229653894761122;"Simulation_623.csv";"Gradual"
"584";0.136912751677852;0.34228187919463;0.692758620689655;0.358620689655172;0.4;0.256675862068966;0.536912751677852;0.00552994322475064;0.0417609356789044;0.919755750523054;0.323555863233334;0.369687728553434;0.934021619742754;-0.00380005549046944;-0.244437341108136;"Simulation_624.csv";"Gradual"
"585";0.128859060402685;0.322147651006713;0.692758620689655;0.36551724137931;0.4;0.25046031984008;0.528859060402685;0.0063651366597781;0.0428500236742424;0.938753001176936;0.332613560561528;0.434940609200281;0.880789675894905;-0.000605724202017271;-0.248011463599822;"Simulation_625.csv";"Gradual"
"586";0.128859060402685;0.322147651006713;0.692758620689655;0.372413793103448;0.4;0.245927086456772;0.528859060402685;0.0074713630588415;0.0430473302738928;0.956625624540447;0.339901915122805;0.33495763363276;0.856693695146531;-0.00732112514716397;-0.264302096435646;"Simulation_626.csv";"Gradual"
"587";0.120805369127517;0.302013422818792;0.692758620689655;0.379310344827586;0.4;0.23935692153923;0.520805369127517;0.00650628952002144;0.0422112525495338;0.944267628945225;0.33943583312375;0.304952500476766;0.863212381491494;-0.00507770742384669;-0.267155513797639;"Simulation_627.csv";"Gradual"
"588";0.120805369127517;0.302013422818792;0.692758620689655;0.386206896551724;0.4;0.233644227886057;0.520805369127517;0.0069643512200378;0.0415476425917832;0.953072519074136;0.339699475419127;0.310341170838949;0.878330704676397;-0.011894896247953;-0.278550974436053;"Simulation_628.csv";"Gradual"
"589";0.112751677852349;0.281879194630872;0.692758620689655;0.393103448275862;0.4;0.22189740129935;0.512751677852349;0.0073394974789408;0.0430369117861305;0.962690169171723;0.354331825640513;0.28311818655825;0.893546060116501;-0.0156364006984348;-0.287844501381342;"Simulation_629.csv";"Gradual"
"590";0.257718120805369;0.644295302013423;0.0782758620689655;0.213793103448276;0.4;0.733592003998001;0.657718120805369;0.00540411473157112;0.0158923049606643;0.760843816309771;0.0766761131885066;0.941718921412901;0.835089866764394;0.0309753103288797;0.0719545377418185;"Simulation_63.csv";"Abrupt"
"591";0.108724832214765;0.271812080536913;0.692758620689655;0.4;0.4;0.217287406296852;0.508724832214765;0.00830979249556451;0.0424085591491841;0.968182623870738;0.359038184613558;0.320668230770746;0.879478315153051;-0.00317557002614956;-0.29871244055133;"Simulation_630.csv";"Gradual"
"592";0.23758389261745;0.593959731543625;0.726896551724138;0.2;0.4;0.3736968015992;0.63758389261745;0.00602977609576985;0.0367520314321096;0.899405503123398;0.240769419006714;0.430837934726342;0.819858278553313;-0.00208917348332125;-0.101066422895095;"Simulation_631.csv";"Gradual"
"593";0.225503355704698;0.563758389261745;0.726896551724138;0.206896551724138;0.4;0.368838130934533;0.625503355704698;0.00608801694354143;0.0375288780230187;0.908642555755367;0.242939638293174;0.452146075743055;0.820943634402132;-0.000444291076171165;-0.0953216648311744;"Simulation_632.csv";"Gradual"
"594";0.229530201342282;0.573825503355705;0.726896551724138;0.213793103448276;0.4;0.363161669165417;0.629530201342282;0.0052933982480533;0.0374677511290793;0.869533401704075;0.249289214336822;0.421605675324998;0.822851354245714;-0.00196800645031845;-0.112627262193779;"Simulation_633.csv";"Gradual"
"595";0.221476510067114;0.553691275167785;0.726896551724138;0.220689655172414;0.4;0.358478410794603;0.621476510067114;0.00560786266532655;0.0383602090617716;0.886484980055685;0.252387375357072;0.423918957466146;0.822630780822911;-0.00220932574830712;-0.112373091343092;"Simulation_634.csv";"Gradual"
"596";0.213422818791946;0.533557046979865;0.726896551724138;0.227586206896552;0.4;0.353413493253373;0.613422818791946;0.00554532666675999;0.0383922175480769;0.891171360672038;0.257048212224899;0.419534070468573;0.820615510863924;-0.00135568443174351;-0.113309279566019;"Simulation_635.csv";"Gradual"
"597";0.213422818791946;0.533557046979865;0.726896551724138;0.23448275862069;0.4;0.348005847076462;0.613422818791946;0.00584457447506683;0.0377920918924825;0.900991774509871;0.255846163671649;0.408242394457359;0.82110218802805;-0.00293639932429357;-0.123842722614663;"Simulation_636.csv";"Gradual"
"598";0.209395973154362;0.523489932885905;0.726896551724138;0.241379310344828;0.4;0.342667566216892;0.609395973154362;0.00500756652714052;0.0389424415428322;0.872130644591996;0.262035660712151;0.409451478801089;0.817813925107858;-0.000572084365851266;-0.12978560947806;"Simulation_637.csv";"Gradual"
"599";0.205369127516779;0.513422818791947;0.726896551724138;0.248275862068966;0.4;0.337195902048976;0.605369127516779;0.00601980757154253;0.0391393220061189;0.913788739504208;0.268070982170027;0.394049570990971;0.831563835263432;-0.00255274688160534;-0.134716770287039;"Simulation_638.csv";"Gradual"
"600";0.201342281879195;0.503355704697987;0.726896551724138;0.255172413793103;0.4;0.332379410294853;0.601342281879195;0.00614015031184693;0.0392717639131702;0.913939404396795;0.269814150742955;0.391909582863806;0.823244966113882;-0.00307820080779164;-0.14368184346497;"Simulation_639.csv";"Gradual"
"601";0.253691275167785;0.634228187919462;0.0782758620689655;0.220689655172414;0.4;0.731386856571714;0.653691275167785;0.00504485303689989;0.0158009141899767;0.728823415865832;0.0767158741152597;0.910281372751177;0.84933108881745;0.03132009425837;0.0739126323795354;"Simulation_64.csv";"Abrupt"
"602";0.193288590604027;0.483221476510068;0.726896551724138;0.262068965517241;0.4;0.326410894552724;0.593288590604027;0.00644026173764509;0.0401236569420163;0.925388534050499;0.276388055411531;0.328347205230596;0.849329005047274;-0.0069654502512601;-0.140248783182963;"Simulation_640.csv";"Gradual"
"603";0.189261744966443;0.473154362416107;0.726896551724138;0.268965517241379;0.4;0.319753673163418;0.589261744966443;0.00607743842018366;0.0399062645687646;0.915791662095631;0.281079353841068;0.362466275971078;0.823305567216489;-0.00405236549685919;-0.147589232581536;"Simulation_641.csv";"Gradual"
"604";0.189261744966443;0.473154362416107;0.726896551724138;0.275862068965517;0.4;0.313254872563718;0.589261744966443;0.00574533441117677;0.0409120183202214;0.906324213234933;0.286514264307972;0.409805438159077;0.84322034744444;-0.00120056454699284;-0.160634301819335;"Simulation_642.csv";"Gradual"
"605";0.177181208053691;0.442953020134227;0.726896551724138;0.282758620689655;0.4;0.310697051474263;0.577181208053691;0.00616784211064527;0.0402294170673077;0.919175590001926;0.286577500370905;0.353057698180091;0.849692313579634;-0.00563325283412945;-0.157051747994819;"Simulation_643.csv";"Gradual"
"606";0.177181208053691;0.442953020134227;0.726896551724138;0.289655172413793;0.4;0.304023988005997;0.577181208053691;0.00593947761068733;0.0422647017045455;0.917049891507389;0.296121960245402;0.390690440324386;0.842502459425331;-0.00330159824623023;-0.169875539036092;"Simulation_644.csv";"Gradual"
"607";0.16510067114094;0.41275167785235;0.726896551724138;0.296551724137931;0.4;0.296875812093953;0.56510067114094;0.00658544035374049;0.0413988099140443;0.934462966964618;0.299384265581276;0.326709713953791;0.823037407108395;-0.00566729225067755;-0.163273394497565;"Simulation_645.csv";"Gradual"
"608";0.169127516778524;0.42281879194631;0.726896551724138;0.303448275862069;0.4;0.293228535732134;0.569127516778524;0.00619331900557751;0.0412275932400932;0.926473416125776;0.298616942469401;0.364909904532345;0.797911498247549;-0.000946070469815463;-0.183580499873949;"Simulation_646.csv";"Gradual"
"609";0.161073825503356;0.40268456375839;0.726896551724138;0.310344827586207;0.4;0.287269965017491;0.561073825503356;0.00632977191127576;0.0410952860941142;0.931736053214641;0.303705792845733;0.360476142080373;0.846138041561578;-0.00139386523637924;-0.182820028219526;"Simulation_647.csv";"Gradual"
"610";0.161073825503356;0.40268456375839;0.726896551724138;0.317241379310345;0.4;0.282736381809095;0.561073825503356;0.0067398913716876;0.0416914417613636;0.938943334215308;0.306722640929941;0.342560837213216;0.825532503986747;-0.003987191006684;-0.196101201697555;"Simulation_648.csv";"Gradual"
"611";0.148993288590604;0.37248322147651;0.726896551724138;0.324137931034483;0.4;0.276951074462769;0.548993288590604;0.00571907598261752;0.042840625;0.922790519033864;0.315952627837509;0.319136323993641;0.854130852833874;-0.00726815780425727;-0.194424167182083;"Simulation_649.csv";"Gradual"
"612";0.245637583892617;0.614093959731542;0.0782758620689655;0.227586206896552;0.4;0.728941029485257;0.645637583892617;0.00533909737124453;0.0160895250582751;0.782786129323918;0.07868613459671;0.902690604398391;0.830419761965857;0.0241788354293948;0.0810960502826456;"Simulation_65.csv";"Abrupt"
"613";0.148993288590604;0.37248322147651;0.726896551724138;0.331034482758621;0.4;0.267096001999001;0.548993288590604;0.00623543535031805;0.0421267628205128;0.93440987877759;0.31809213094584;0.352660518790218;0.846682522230576;-0.0029722073843472;-0.205366410035431;"Simulation_650.csv";"Gradual"
"614";0.14496644295302;0.36241610738255;0.726896551724138;0.337931034482759;0.4;0.263958020989505;0.54496644295302;0.00611265056105444;0.0417603074009324;0.934983783465631;0.320330927137952;0.315153013614381;0.814517757446721;-0.00526010971955366;-0.214264189203437;"Simulation_651.csv";"Gradual"
"615";0.140939597315436;0.35234899328859;0.726896551724138;0.344827586206897;0.4;0.256548925537231;0.540939597315436;0.00679718104032492;0.041892085518648;0.942361350389658;0.323557314198748;0.371172171082546;0.843826417885854;-0.00262411139276516;-0.222699889367273;"Simulation_652.csv";"Gradual"
"616";0.140939597315436;0.35234899328859;0.726896551724138;0.351724137931035;0.4;0.251628935532234;0.540939597315436;0.00668363952621188;0.0426987434440559;0.945125325953887;0.332723327445801;0.325713725691116;0.82708843920667;-0.00872202614551756;-0.235788584363389;"Simulation_653.csv";"Gradual"
"617";0.132885906040269;0.332214765100672;0.726896551724138;0.358620689655172;0.4;0.242743778110945;0.532885906040269;0.00756928150611012;0.0415210054268648;0.959736208071534;0.333728231868019;0.261066786205898;0.879421754182214;-0.0153439023849756;-0.235686714878954;"Simulation_654.csv";"Gradual"
"618";0.132885906040269;0.332214765100672;0.726896551724138;0.36551724137931;0.4;0.240632383808096;0.532885906040269;0.00838887839729589;0.0421875136582168;0.967861090923888;0.335895485820817;0.300357788101957;0.814257309113289;-0.008812653793317;-0.250439194915026;"Simulation_655.csv";"Gradual"
"619";0.124832214765101;0.312080536912752;0.726896551724138;0.372413793103448;0.4;0.229895002498751;0.524832214765101;0.00793702746703662;0.0421009779283217;0.964745960413529;0.343267977769418;0.236516538552499;0.803697461841618;-0.0146939791069798;-0.25700055497131;"Simulation_656.csv";"Gradual"
"620";0.120805369127517;0.302013422818792;0.726896551724138;0.379310344827586;0.4;0.228237531234383;0.520805369127517;0.00799447344746037;0.0407303130463287;0.965812557109787;0.345862833100504;0.256033132165829;0.865466921250499;-0.00929731045329761;-0.267062887372607;"Simulation_657.csv";"Gradual"
"621";0.116778523489933;0.291946308724832;0.726896551724138;0.386206896551724;0.4;0.220935482258871;0.516778523489933;0.00590958038948707;0.0413631319201632;0.940902328392482;0.347831463124429;0.297959846801883;0.804517672160077;-0.0126185947121117;-0.282005666625843;"Simulation_658.csv";"Gradual"
"622";0.112751677852349;0.281879194630872;0.726896551724138;0.393103448275862;0.4;0.215109945027486;0.512751677852349;0.0060193908368685;0.0419325766681235;0.945311085090775;0.354368738022283;0.333669413458233;0.864972434848997;0.00167069538911932;-0.282787236147474;"Simulation_659.csv";"Gradual"
"623";0.241610738255034;0.604026845637585;0.0782758620689655;0.23448275862069;0.4;0.725426386806597;0.641610738255034;0.00543864444400494;0.0167226826558858;0.761913243247819;0.0830044411897643;0.923202964888642;0.835097685602548;0.0269522408976403;0.0830216741564798;"Simulation_66.csv";"Abrupt"
"624";0.104697986577181;0.261744966442952;0.726896551724138;0.4;0.4;0.207355722138931;0.504697986577181;0.00888978731414619;0.0408634205638112;0.973691101064289;0.359593272890022;0.307438195429739;0.855105458606785;-0.00712973872448068;-0.289794596570964;"Simulation_660.csv";"Gradual"
"625";0.229530201342282;0.573825503355705;0.761034482758621;0.2;0.4;0.358720339830085;0.629530201342282;0.00485568646892051;0.0374790146051865;0.85103453785818;0.246373698494293;0.468445065108903;0.783129874526947;-0.000378170349957933;-0.0975624192737632;"Simulation_661.csv";"Gradual"
"626";0.229530201342282;0.573825503355705;0.761034482758621;0.206896551724138;0.4;0.355576661669165;0.629530201342282;0.00595174512642931;0.0375055479676573;0.899531610774144;0.249674234961656;0.413505860413959;0.793992440172853;-0.0023633643254534;-0.10742426382128;"Simulation_662.csv";"Gradual"
"627";0.225503355704698;0.563758389261745;0.761034482758621;0.213793103448276;0.4;0.348877411294353;0.625503355704698;0.00534964573549056;0.0379906923805361;0.884564919522889;0.254902701703928;0.381669942328467;0.790049572243078;-0.00276669740984003;-0.114882074381054;"Simulation_663.csv";"Gradual"
"628";0.225503355704698;0.563758389261745;0.761034482758621;0.220689655172414;0.4;0.34293748125937;0.625503355704698;0.00587554716199041;0.0391337257794289;0.903887547374943;0.262636171705851;0.407743476704012;0.779838313590809;-0.00194381464616738;-0.12332085691586;"Simulation_664.csv";"Gradual"
"629";0.21744966442953;0.543624161073825;0.761034482758621;0.227586206896552;0.4;0.337604597701149;0.61744966442953;0.00644456428710077;0.0389796829472611;0.920120533119758;0.262183892357528;0.379327072832376;0.787638119263568;-0.00181543016977113;-0.125007455003676;"Simulation_665.csv";"Gradual"
"630";0.213422818791946;0.533557046979865;0.761034482758621;0.23448275862069;0.4;0.332701099450275;0.613422818791946;0.00542739521230992;0.0391132521124709;0.886882656931392;0.267951386600472;0.380199146829185;0.781158468701925;-0.0038724073836569;-0.129058125333816;"Simulation_666.csv";"Gradual"
"631";0.201342281879195;0.503355704697987;0.761034482758621;0.241379310344828;0.4;0.328153323338331;0.601342281879195;0.00556592132534229;0.0393535493152681;0.899280489432856;0.270233780137552;0.413421529541502;0.809419671576231;-0.00022507798734436;-0.127043830300289;"Simulation_667.csv";"Gradual"
"632";0.205369127516779;0.513422818791947;0.761034482758621;0.248275862068966;0.4;0.322943928035982;0.605369127516779;0.00606332123203271;0.039736769740676;0.915525095642649;0.276028736928322;0.376216687456346;0.7906865460657;-0.00379520719731824;-0.142834604529782;"Simulation_668.csv";"Gradual"
"633";0.197315436241611;0.493288590604027;0.761034482758621;0.255172413793103;0.4;0.317944177911044;0.597315436241611;0.00540379841744044;0.0401283535474942;0.896464323871878;0.277379121375767;0.381406187147794;0.801523164371255;-0.00406139541111265;-0.140283991130179;"Simulation_669.csv";"Gradual"
"634";0.241610738255034;0.604026845637585;0.0782758620689655;0.241379310344828;0.4;0.721694402798601;0.641610738255034;0.00537796975220874;0.0168610622450466;0.758178213275223;0.0872355373166356;0.905335953155775;0.916195976556751;0.0371045268019953;0.0701255738667629;"Simulation_67.csv";"Abrupt"
"635";0.197315436241611;0.493288590604027;0.761034482758621;0.262068965517241;0.4;0.310292953523238;0.597315436241611;0.00570834961458554;0.0408464006046037;0.907862015802259;0.285158494747366;0.368426902568929;0.795731080174898;-0.00442439071857026;-0.153748918439753;"Simulation_670.csv";"Gradual"
"636";0.185234899328859;0.463087248322147;0.761034482758621;0.268965517241379;0.4;0.304686856571714;0.585234899328859;0.00626074932926707;0.0404742487980769;0.926639574425741;0.290082611973884;0.398341201750901;0.799621211884434;-0.00239265683630106;-0.149311462850484;"Simulation_671.csv";"Gradual"
"637";0.185234899328859;0.463087248322147;0.761034482758621;0.275862068965517;0.4;0.303013343328336;0.585234899328859;0.00607216986476554;0.0405502467584499;0.92433546480582;0.289844326289843;0.354606248680318;0.816665967795595;-0.00569962214583214;-0.161744456417916;"Simulation_672.csv";"Gradual"
"638";0.181208053691275;0.453020134228187;0.761034482758621;0.282758620689655;0.4;0.294522938530735;0.581208053691275;0.00632568799109786;0.0406031386582168;0.927326377332576;0.296054294482674;0.353029894568385;0.79982063770095;-0.00280372393305093;-0.169101322342811;"Simulation_673.csv";"Gradual"
"639";0.173154362416107;0.432885906040268;0.761034482758621;0.289655172413793;0.4;0.290874412793603;0.573154362416107;0.00563376117416387;0.0394884314903846;0.911447313074333;0.293003777020078;0.466960908649808;0.80985830329908;0.00159327049598274;-0.167693070120042;"Simulation_674.csv";"Gradual"
"640";0.177181208053691;0.442953020134227;0.761034482758621;0.296551724137931;0.4;0.282936181909045;0.577181208053691;0.00624338531686877;0.0412396352345571;0.929307363913957;0.305420939144392;0.321972236654975;0.775927573902648;-0.00775674282283475;-0.188930488686078;"Simulation_675.csv";"Gradual"
"641";0.169127516778524;0.42281879194631;0.761034482758621;0.303448275862069;0.4;0.28131924037981;0.569127516778524;0.00574772516937689;0.041102076048951;0.912461048892066;0.307703239689386;0.357585848178085;0.78786564108046;-0.00224242193716382;-0.182592150151361;"Simulation_676.csv";"Gradual"
"642";0.161073825503356;0.40268456375839;0.761034482758621;0.310344827586207;0.4;0.274999250374813;0.561073825503356;0.00666356844624418;0.0420395541958042;0.940390284980893;0.310870820961823;0.350501897893047;0.787888040318359;-0.00641072651493413;-0.191486690575103;"Simulation_677.csv";"Gradual"
"643";0.157046979865772;0.39261744966443;0.761034482758621;0.317241379310345;0.4;0.267567616191904;0.557046979865772;0.00677294771606999;0.0421846162951632;0.941596437675121;0.316816021776199;0.272835548495711;0.779305919986604;-0.01060933785526;-0.195837727890209;"Simulation_678.csv";"Gradual"
"644";0.153020134228188;0.38255033557047;0.761034482758621;0.324137931034483;0.4;0.261518540729635;0.553020134228188;0.00620482079269541;0.0420497969478438;0.933865988249572;0.323161715982631;0.326720931273663;0.798449948373972;-0.00725142545562428;-0.203375543477526;"Simulation_679.csv";"Gradual"
"645";0.23758389261745;0.593959731543625;0.0782758620689655;0.248275862068966;0.4;0.721012043978011;0.63758389261745;0.00534824829921583;0.0171129853219697;0.77345677681805;0.0840732642918164;0.9285912740162;0.940559984883059;0.0431905624284728;0.0769321260173459;"Simulation_68.csv";"Abrupt"
"646";0.148993288590604;0.37248322147651;0.761034482758621;0.331034482758621;0.4;0.254971764117941;0.548993288590604;0.00553736104442647;0.0421901032561189;0.922540626873207;0.326085942840201;0.38166734072523;0.812691836055459;0.00251388079112584;-0.207350548715783;"Simulation_680.csv";"Gradual"
"647";0.14496644295302;0.36241610738255;0.761034482758621;0.337931034482759;0.4;0.251141179410295;0.54496644295302;0.00609098706354691;0.0412083679341492;0.931347287562538;0.324410070738474;0.358985890775695;0.808417033471619;-0.00360760930935088;-0.221113007036887;"Simulation_681.csv";"Gradual"
"648";0.14496644295302;0.36241610738255;0.761034482758621;0.344827586206897;0.4;0.245239130434783;0.54496644295302;0.00681708171019523;0.0414644075976107;0.946416094029584;0.331327529282246;0.33988022674598;0.789253601647686;-0.00672255050099287;-0.229089208804104;"Simulation_682.csv";"Gradual"
"649";0.136912751677852;0.34228187919463;0.761034482758621;0.351724137931035;0.4;0.235363468265867;0.536912751677852;0.00735628641130275;0.0434006510416667;0.958859049587067;0.345757480468139;0.308886369174219;0.799137676154341;-0.00807251585929286;-0.238160913162613;"Simulation_683.csv";"Gradual"
"650";0.132885906040269;0.332214765100672;0.761034482758621;0.358620689655172;0.4;0.230199750124938;0.532885906040269;0.00757584945319871;0.041886430106352;0.958201591673867;0.34276328865429;0.326178743339534;0.767982169663866;-0.00735644446321523;-0.235811917535079;"Simulation_684.csv";"Gradual"
"651";0.132885906040269;0.332214765100672;0.761034482758621;0.36551724137931;0.4;0.227505347326337;0.532885906040269;0.00758123383043975;0.0407986268939394;0.961410519331075;0.34131201171774;0.325362000916842;0.767409559099647;-0.0100478514002963;-0.257038364570107;"Simulation_685.csv";"Gradual"
"652";0.120805369127517;0.302013422818792;0.761034482758621;0.372413793103448;0.4;0.221808595702149;0.520805369127517;0.00645485368362146;0.0412292340472028;0.948711375219108;0.348815743275462;0.334869564435254;0.788695816400253;-0.00573465555787749;-0.24671345011378;"Simulation_686.csv";"Gradual"
"653";0.120805369127517;0.302013422818792;0.761034482758621;0.379310344827586;0.4;0.211729735132434;0.520805369127517;0.00661822637719579;0.041743083479021;0.953811632477964;0.359233589781498;0.312645376877396;0.804740103285313;-0.00719899798143585;-0.264628947079624;"Simulation_687.csv";"Gradual"
"654";0.112751677852349;0.281879194630872;0.761034482758621;0.386206896551724;0.4;0.209016491754123;0.512751677852349;0.00710452587341738;0.0404388913170163;0.959846825839404;0.352145441766479;0.317498430956456;0.785566163144775;-0.0039349292105385;-0.272420595395535;"Simulation_688.csv";"Gradual"
"655";0.112751677852349;0.281879194630872;0.761034482758621;0.393103448275862;0.4;0.203639730134933;0.512751677852349;0.006051453191353;0.0406437700320513;0.948012766809071;0.359873738422462;0.312073841189746;0.796215149051247;-0.00820544297411968;-0.280673791213426;"Simulation_689.csv";"Gradual"
"656";0.229530201342282;0.573825503355705;0.0782758620689655;0.255172413793103;0.4;0.716689655172414;0.629530201342282;0.00556984361818485;0.0171584307619464;0.788898698398671;0.0873906285363883;0.93738865443067;0.90230511646207;0.0340552623871008;0.0855846098511751;"Simulation_69.csv";"Abrupt"
"657";0.108724832214765;0.271812080536913;0.761034482758621;0.4;0.4;0.193016591704148;0.508724832214765;0.00652186434830648;0.0409820640297203;0.958318890211006;0.371950873137069;0.268230029517411;0.765591628079232;-0.0143415661637524;-0.282468423768969;"Simulation_690.csv";"Gradual"
"658";0.233557046979866;0.583892617449665;0.795172413793104;0.2;0.4;0.346095052473763;0.633557046979866;0.00532813011381527;0.0381726316652098;0.882459912378325;0.255386140496535;0.394780585883778;0.753096110161065;-0.00194946120342967;-0.109399758715392;"Simulation_691.csv";"Gradual"
"659";0.229530201342282;0.573825503355705;0.795172413793104;0.206896551724138;0.4;0.340162968515742;0.629530201342282;0.00566229661740784;0.0389526496940559;0.897601076250695;0.259850819169256;0.379951290915902;0.751624621183216;-0.00400711639716428;-0.114574876230538;"Simulation_692.csv";"Gradual"
"660";0.225503355704698;0.563758389261745;0.795172413793104;0.213793103448276;0.4;0.337040529735132;0.625503355704698;0.00538919674155995;0.0379703370847902;0.892571325338345;0.257898974782923;0.436144671407249;0.764027711862835;0.00271724253849383;-0.11713088747088;"Simulation_693.csv";"Gradual"
"661";0.221476510067114;0.553691275167785;0.795172413793104;0.220689655172414;0.4;0.32944147926037;0.621476510067114;0.00573047193612312;0.0385740612252331;0.902998753832633;0.266354617936514;0.348241756605035;0.749200168597579;-0.00533903656962643;-0.124607335028263;"Simulation_694.csv";"Gradual"
"662";0.213422818791946;0.533557046979865;0.795172413793104;0.227586206896552;0.4;0.326977711144428;0.613422818791946;0.00589516182632171;0.0386193682619464;0.904842517704429;0.269146402935316;0.416755649430129;0.758281429323977;0.00106632316968547;-0.126890402189865;"Simulation_695.csv";"Gradual"
"663";0.213422818791946;0.533557046979865;0.795172413793104;0.23448275862069;0.4;0.319981259370315;0.613422818791946;0.00580284616487404;0.0388926382211538;0.91170062283856;0.273467819916427;0.429487416224521;0.759551710016741;0.000742956535724839;-0.135192852697703;"Simulation_696.csv";"Gradual"
"664";0.205369127516779;0.513422818791947;0.795172413793104;0.241379310344828;0.4;0.31390219890055;0.605369127516779;0.00481667677578834;0.0399321168414918;0.8682625765877;0.279406304033885;0.469490789062087;0.785485579499018;-0.00155783484764589;-0.134973538731437;"Simulation_697.csv";"Gradual"
"665";0.201342281879195;0.503355704697987;0.795172413793104;0.248275862068966;0.4;0.310150624687656;0.601342281879195;0.0056534326616287;0.0400644767992424;0.905138215591544;0.282769878074714;0.394220370961977;0.740739985147983;-0.000505984150541254;-0.143631796496223;"Simulation_698.csv";"Gradual"
"666";0.197315436241611;0.493288590604027;0.795172413793104;0.255172413793103;0.4;0.305056471764118;0.597315436241611;0.00648542668953457;0.0405773246284965;0.930978075925283;0.28688200611815;0.367107357220945;0.771821302571784;-0.00391934875987793;-0.147947891006344;"Simulation_699.csv";"Gradual"
"667";0.253691275167785;0.634228187919462;0.01;0.241379310344828;0.4;0.751784057971014;0.653691275167785;0.00515954074745395;0.0148271671037296;0.744217433311839;0.0679529405981008;0.9690328309777;0.726668138723171;0.0378351520032523;0.0669679411730973;"Simulation_7.csv";"Abrupt"
"668";0.225503355704698;0.563758389261745;0.0782758620689655;0.262068965517241;0.4;0.714055422288856;0.625503355704698;0.00564079266008625;0.0170452788097319;0.792188413669749;0.0864396014539388;0.935835956260359;0.937386957170175;0.0353846874238899;0.0866785027795363;"Simulation_70.csv";"Abrupt"
"669";0.189261744966443;0.473154362416107;0.795172413793104;0.262068965517241;0.4;0.298622938530735;0.589261744966443;0.00611249609903513;0.0404940058639277;0.928249277635791;0.289593336038739;0.354229028187383;0.787205963553682;-0.00300151214390004;-0.149437360535716;"Simulation_700.csv";"Gradual"
"670";0.189261744966443;0.473154362416107;0.795172413793104;0.268965517241379;0.4;0.29274327836082;0.589261744966443;0.00621600885190622;0.0406358428030303;0.929063864610111;0.295770862489353;0.372200052685681;0.776695779481576;-0.00174865389907201;-0.156533845944851;"Simulation_701.csv";"Gradual"
"671";0.185234899328859;0.463087248322147;0.795172413793104;0.275862068965517;0.4;0.289014742628686;0.585234899328859;0.00611540902525963;0.0407819028627622;0.925347575200158;0.299179629506271;0.382260455015545;0.780986388715291;-0.00376242155242684;-0.16563207489312;"Simulation_702.csv";"Gradual"
"672";0.177181208053691;0.442953020134227;0.795172413793104;0.282758620689655;0.4;0.2830007996002;0.577181208053691;0.00583300603122608;0.0407078097683566;0.917542705383336;0.302194253152248;0.342288785365399;0.78304892191057;-0.00295144586644358;-0.165885113450055;"Simulation_703.csv";"Gradual"
"673";0.173154362416107;0.432885906040268;0.795172413793104;0.289655172413793;0.4;0.277506596701649;0.573154362416107;0.00683004659294277;0.0420265178831585;0.941536866128207;0.306860098047312;0.334029223603898;0.7646473188547;-0.00616121044377497;-0.176610017121528;"Simulation_704.csv";"Gradual"
"674";0.169127516778524;0.42281879194631;0.795172413793104;0.296551724137931;0.4;0.271033533233383;0.569127516778524;0.00526662225340113;0.0416144176136364;0.902197599328164;0.314023015118516;0.379400283771599;0.765649154078467;6.23247865108266e-05;-0.178497045716343;"Simulation_705.csv";"Gradual"
"675";0.16510067114094;0.41275167785235;0.795172413793104;0.303448275862069;0.4;0.26543708145927;0.56510067114094;0.005769249888665;0.0420717484338578;0.919922298363775;0.316864777957332;0.366073085957753;0.789913064262577;-0.00252428026684411;-0.184047186428346;"Simulation_706.csv";"Gradual"
"676";0.16510067114094;0.41275167785235;0.795172413793104;0.310344827586207;0.4;0.261971564217891;0.56510067114094;0.00669451088594223;0.0407621676500583;0.94054862827918;0.315916822288928;0.320924165029678;0.76698743867386;-0.00811319145461807;-0.195551894615093;"Simulation_707.csv";"Gradual"
"677";0.157046979865772;0.39261744966443;0.795172413793104;0.317241379310345;0.4;0.253877511244378;0.557046979865772;0.00597660472199714;0.041506466710373;0.931081174904279;0.324309101439479;0.390013711399487;0.746966146142784;-0.000510350248918647;-0.197104506342845;"Simulation_708.csv";"Gradual"
"678";0.148993288590604;0.37248322147651;0.795172413793104;0.324137931034483;0.4;0.250733283358321;0.548993288590604;0.00591858780995669;0.0421395596590909;0.935789290982323;0.327229800560331;0.337365226546119;0.742164391242117;-0.00403651821824117;-0.199066416461739;"Simulation_709.csv";"Gradual"
"679";0.221476510067114;0.553691275167785;0.0782758620689655;0.268965517241379;0.4;0.711228935532234;0.621476510067114;0.00601622700006755;0.0178752531322844;0.816514101775528;0.0918733245685447;0.918873363060581;0.963668515006011;0.0442035309364075;0.0864250722051532;"Simulation_71.csv";"Abrupt"
"680";0.148993288590604;0.37248322147651;0.795172413793104;0.331034482758621;0.4;0.244771514242879;0.548993288590604;0.0057470094967663;0.0422297075320513;0.932604996813642;0.33283665020957;0.312140585841668;0.759876130404853;-0.00870847515006193;-0.211854766559141;"Simulation_710.csv";"Gradual"
"681";0.14496644295302;0.36241610738255;0.795172413793104;0.337931034482759;0.4;0.239664067966017;0.54496644295302;0.00603778297418666;0.0409827533143939;0.936284288011434;0.330487967833778;0.282484650727572;0.764162261241754;-0.0100408071151323;-0.22096998476835;"Simulation_711.csv";"Gradual"
"682";0.14496644295302;0.36241610738255;0.795172413793104;0.344827586206897;0.4;0.234272763618191;0.54496644295302;0.00537654934029213;0.041662640224359;0.925333266561327;0.337564425993389;0.316273322798326;0.805105261383753;-0.00657193324051275;-0.230987592071319;"Simulation_712.csv";"Gradual"
"683";0.140939597315436;0.35234899328859;0.795172413793104;0.351724137931035;0.4;0.229577511244378;0.540939597315436;0.00644640008089775;0.0408233828671329;0.946855260810204;0.339184166776455;0.303017295147741;0.767727326525417;-0.00930032985656037;-0.235772764127061;"Simulation_713.csv";"Gradual"
"684";0.136912751677852;0.34228187919463;0.795172413793104;0.358620689655172;0.4;0.221927836081959;0.536912751677852;0.00552825558066172;0.041184298513986;0.927690150996364;0.3453361710563;0.337845683084067;0.728853712720134;-0.0123205380418588;-0.247906212914519;"Simulation_714.csv";"Gradual"
"685";0.132885906040269;0.332214765100672;0.795172413793104;0.36551724137931;0.4;0.217898650674663;0.532885906040269;0.00759892447510901;0.0420214525058275;0.963970786057373;0.349616608500204;0.246142133125371;0.743435100301021;-0.0187006055908623;-0.251348194285661;"Simulation_715.csv";"Gradual"
"686";0.124832214765101;0.312080536912752;0.795172413793104;0.372413793103448;0.4;0.207788855572214;0.524832214765101;0.00627699456265737;0.041261489291958;0.948193642531488;0.358555557475486;0.331337944369461;0.720882630611425;-0.00486256892962747;-0.262149154279901;"Simulation_716.csv";"Gradual"
"687";0.116778523489933;0.291946308724832;0.795172413793104;0.379310344827586;0.4;0.204792003998001;0.516778523489933;0.00468277866570523;0.0409273027753497;0.910458511453189;0.358221760082402;0.36065788308228;0.747891509849635;-0.00936832653830956;-0.259788411873938;"Simulation_717.csv";"Gradual"
"688";0.116778523489933;0.291946308724832;0.795172413793104;0.386206896551724;0.4;0.199436431784108;0.516778523489933;0.00625618230724371;0.0410192881337413;0.950731731501638;0.365377967494811;0.388919956439507;0.743296012553352;-0.0022051985519466;-0.273722177359597;"Simulation_718.csv";"Gradual"
"689";0.112751677852349;0.281879194630872;0.795172413793104;0.393103448275862;0.4;0.191685107446277;0.512751677852349;0.00558711089033944;0.0403248142482517;0.938521455586832;0.37034629774506;0.314484472025538;0.731848329102385;-0.00968572701934996;-0.283491313821924;"Simulation_719.csv";"Gradual"
"690";0.21744966442953;0.543624161073825;0.0782758620689655;0.275862068965517;0.4;0.707696851574213;0.61744966442953;0.00565163649595927;0.0181156778117716;0.797626290776298;0.0953398335465425;0.886766702127217;0.992189056158281;0.0352880437783622;0.0830988309297852;"Simulation_72.csv";"Abrupt"
"691";0.108724832214765;0.271812080536913;0.795172413793104;0.4;0.4;0.184244177911044;0.508724832214765;0.00643412832762386;0.0392283225888695;0.956128381849603;0.373375967765607;0.334848709059899;0.750467147180147;-0.0094616612905326;-0.289281933717806;"Simulation_720.csv";"Gradual"
"692";0.233557046979866;0.583892617449665;0.829310344827586;0.2;0.4;0.33198015992004;0.633557046979866;0.00549049188820208;0.03810872122669;0.888295321226623;0.263706072168767;0.421734808916495;0.733723994182724;-0.00278284326099798;-0.11244429310601;"Simulation_721.csv";"Gradual"
"693";0.229530201342282;0.573825503355705;0.829310344827586;0.206896551724138;0.4;0.325901449275362;0.629530201342282;0.00548077119560293;0.0386807564831002;0.889630598424037;0.266611822784573;0.431343164551049;0.727915200571757;-0.00169979183999007;-0.118908522093782;"Simulation_722.csv";"Gradual"
"694";0.221476510067114;0.553691275167785;0.829310344827586;0.213793103448276;0.4;0.324177461269365;0.621476510067114;0.00554316486780108;0.0382252813592657;0.8959302245473;0.266174941198482;0.424420419003199;0.730035503764282;-0.00207403878949191;-0.118918258321571;"Simulation_723.csv";"Gradual"
"695";0.221476510067114;0.553691275167785;0.829310344827586;0.220689655172414;0.4;0.316302848575712;0.621476510067114;0.00512448015720221;0.0395791666666667;0.887883631027816;0.277134893549435;0.405604503496812;0.720533251990095;-0.00256666132141178;-0.128879745618062;"Simulation_724.csv";"Gradual"
"696";0.21744966442953;0.543624161073825;0.829310344827586;0.227586206896552;0.4;0.313747126436782;0.61744966442953;0.00561393204345277;0.0385427192599068;0.899640147272395;0.271524837310256;0.415300867857129;0.723739675130111;-0.00236725496408356;-0.13508279873875;"Simulation_725.csv";"Gradual"
"697";0.213422818791946;0.533557046979865;0.829310344827586;0.23448275862069;0.4;0.306098150924538;0.613422818791946;0.00560957231696057;0.0397162104822261;0.903900382631231;0.283468996672389;0.405738856243835;0.732929085186124;-0.00108470723516851;-0.136785631259659;"Simulation_726.csv";"Gradual"
"698";0.205369127516779;0.513422818791947;0.829310344827586;0.241379310344828;0.4;0.300264867566217;0.605369127516779;0.00529295853894139;0.0406904319638695;0.895406051924753;0.289387791853487;0.395217282918485;0.705349433186013;-0.00124475225020017;-0.14215140867587;"Simulation_727.csv";"Gradual"
"699";0.201342281879195;0.503355704697987;0.829310344827586;0.248275862068966;0.4;0.297519090454773;0.601342281879195;0.0059936145498617;0.0397610057910839;0.915643561929598;0.285675441771523;0.37019491336432;0.730170889159454;-0.00371332958894431;-0.143714549595272;"Simulation_728.csv";"Gradual"
"700";0.197315436241611;0.493288590604027;0.829310344827586;0.255172413793103;0.4;0.292555372313843;0.597315436241611;0.00527408592779954;0.0403098867278555;0.895027300215774;0.293883230666881;0.401064000323693;0.725270790443285;-0.00237495701260147;-0.152580652595173;"Simulation_729.csv";"Gradual"
"701";0.213422818791946;0.533557046979865;0.0782758620689655;0.282758620689655;0.4;0.703802948525737;0.613422818791946;0.00566967162204735;0.0177355505171911;0.787579112359243;0.0915987767297466;0.894636747648921;0.994725156772097;0.0365744276569505;0.0879493413946148;"Simulation_73.csv";"Abrupt"
"702";0.193288590604027;0.483221476510068;0.829310344827586;0.262068965517241;0.4;0.286770564717641;0.593288590604027;0.00525989050560319;0.0391946960591492;0.90555207496248;0.291146813466925;0.344243366019296;0.746611007591842;-0.00347245563593371;-0.156621747857487;"Simulation_730.csv";"Gradual"
"703";0.193288590604027;0.483221476510068;0.829310344827586;0.268965517241379;0.4;0.280290154922539;0.593288590604027;0.00555529189386003;0.0410929195804196;0.91301203140067;0.303994845646595;0.342067753749948;0.750672380602541;-0.00494286830438939;-0.165734453676594;"Simulation_731.csv";"Gradual"
"704";0.185234899328859;0.463087248322147;0.829310344827586;0.275862068965517;0.4;0.276319890054973;0.585234899328859;0.00593150100631417;0.0415589470425408;0.91622988265666;0.306377760824647;0.356631169601915;0.74052322297987;-0.00288888145291778;-0.169398060288628;"Simulation_732.csv";"Gradual"
"705";0.181208053691275;0.453020134228187;0.829310344827586;0.282758620689655;0.4;0.273086306846577;0.581208053691275;0.00638036303072154;0.0411112252331002;0.932459352955607;0.308011859398112;0.364288538469169;0.715984875035282;-0.00110837151119913;-0.174553235369361;"Simulation_733.csv";"Gradual"
"706";0.181208053691275;0.453020134228187;0.829310344827586;0.289655172413793;0.4;0.267737131434283;0.581208053691275;0.00532005879358644;0.0412492606351981;0.909327856199699;0.311693792861827;0.319074289390834;0.686259419319763;-0.00372647138302186;-0.18768190064587;"Simulation_734.csv";"Gradual"
"707";0.169127516778524;0.42281879194631;0.829310344827586;0.296551724137931;0.4;0.260941979010495;0.569127516778524;0.00634199549681007;0.0415170928030303;0.937272967950943;0.31764227594245;0.358429043997978;0.746188425121559;-0.00211003823668979;-0.182767541506;"Simulation_735.csv";"Gradual"
"708";0.16510067114094;0.41275167785235;0.829310344827586;0.303448275862069;0.4;0.257945527236382;0.56510067114094;0.00647292215574873;0.0413374799679487;0.939559876463224;0.317670862566842;0.329622811705718;0.738033486057081;-0.00617316951471726;-0.18910892785483;"Simulation_736.csv";"Gradual"
"709";0.161073825503356;0.40268456375839;0.829310344827586;0.310344827586207;0.4;0.25077996001999;0.561073825503356;0.00612953286950978;0.0416161877185315;0.934429860311943;0.324867275782316;0.315251226658589;0.717809286625723;-0.00890395739876959;-0.194086775167742;"Simulation_737.csv";"Gradual"
"710";0.157046979865772;0.39261744966443;0.829310344827586;0.317241379310345;0.4;0.244457471264368;0.557046979865772;0.0055183245104197;0.0412482872596154;0.923309270650602;0.329759935419858;0.362220161598945;0.733063139903681;-0.00383137598597146;-0.199226343111227;"Simulation_738.csv";"Gradual"
"711";0.153020134228188;0.38255033557047;0.829310344827586;0.324137931034483;0.4;0.24206111944028;0.553020134228188;0.00619240401994467;0.0403370483682984;0.938411039799145;0.324195800777111;0.312518537190207;0.712492084774635;-0.00572418004087356;-0.20517572191325;"Simulation_739.csv";"Gradual"
"712";0.209395973154362;0.523489932885905;0.0782758620689655;0.289655172413793;0.4;0.701384307846077;0.609395973154362;0.0059044528648456;0.018485873761655;0.801276768386154;0.0964902863969098;0.938256050669817;1.04539869895716;0.0485778280945008;0.0839683533843169;"Simulation_74.csv";"Abrupt"
"713";0.14496644295302;0.36241610738255;0.829310344827586;0.331034482758621;0.4;0.234314242878561;0.54496644295302;0.00688239072117971;0.0403479157561189;0.951153543753593;0.331054804886862;0.32253739190172;0.740783950282626;-0.00600645523837596;-0.212562338618465;"Simulation_740.csv";"Gradual"
"714";0.140939597315436;0.35234899328859;0.829310344827586;0.337931034482759;0.4;0.2282019990005;0.540939597315436;0.00575569074933661;0.040428125;0.93294711413495;0.337528687101687;0.357539604099164;0.723444584092768;-0.00244782134526174;-0.216645970854175;"Simulation_741.csv";"Gradual"
"715";0.136912751677852;0.34228187919463;0.829310344827586;0.344827586206897;0.4;0.223840379810095;0.536912751677852;0.00623565944032162;0.0418795199592075;0.945433361636195;0.348424106803797;0.304550901494413;0.741830468928649;-0.00684822322976803;-0.225580256560484;"Simulation_742.csv";"Gradual"
"716";0.132885906040269;0.332214765100672;0.829310344827586;0.351724137931035;0.4;0.216925487256372;0.532885906040269;0.0053791086691907;0.0409538516171329;0.921728323391561;0.348498257258081;0.348815733941617;0.714423956634359;-0.00263262665221293;-0.232449216659937;"Simulation_743.csv";"Gradual"
"717";0.128859060402685;0.322147651006713;0.829310344827586;0.358620689655172;0.4;0.213007846076962;0.528859060402685;0.00683090282527104;0.0407551482371795;0.955817258147872;0.351887493800062;0.322224122145184;0.732419551262087;-0.00716254192485227;-0.231750822112252;"Simulation_744.csv";"Gradual"
"718";0.128859060402685;0.322147651006713;0.829310344827586;0.36551724137931;0.4;0.205854722638681;0.528859060402685;0.00619073654224861;0.0415437946168415;0.947206266368999;0.3614002390855;0.267498342643226;0.693453007049878;-0.00887844213681759;-0.251644007441562;"Simulation_745.csv";"Gradual"
"719";0.124832214765101;0.312080536912752;0.829310344827586;0.372413793103448;0.4;0.201065767116442;0.524832214765101;0.00570820309061776;0.0399666575611888;0.942032725249844;0.35587190855286;0.261092438249716;0.703268597847483;-0.0121301382293696;-0.25363007174449;"Simulation_746.csv";"Gradual"
"720";0.120805369127517;0.302013422818792;0.829310344827586;0.379310344827586;0.4;0.195631434282859;0.520805369127517;0.00847570506753297;0.0394379552738928;0.974135559017288;0.360892644179385;0.244238466450439;0.731966069858792;-0.0153085786896427;-0.254995866347422;"Simulation_747.csv";"Gradual"
"721";0.112751677852349;0.281879194630872;0.829310344827586;0.386206896551724;0.4;0.191433783108446;0.512751677852349;0.00734460741843528;0.0398221208479021;0.964175601678326;0.366693273908263;0.241695766290162;0.763756320061854;-0.0192464522682372;-0.261726521324999;"Simulation_748.csv";"Gradual"
"722";0.104697986577181;0.261744966442952;0.829310344827586;0.393103448275862;0.4;0.184721189405297;0.504697986577181;0.00638929344956136;0.0393928613053613;0.957085904713629;0.371410046616881;0.290027530452753;0.753229752482371;-0.00637448310819759;-0.271179078123214;"Simulation_749.csv";"Gradual"
"723";0.205369127516779;0.513422818791947;0.0782758620689655;0.296551724137931;0.4;0.69770339830085;0.605369127516779;0.00590417127510518;0.0182315814393939;0.817719795611525;0.0967778654539817;0.889043526773918;1.05659384792006;0.0279433151503215;0.085766968508995;"Simulation_75.csv";"Abrupt"
"724";0.104697986577181;0.261744966442952;0.829310344827586;0.4;0.4;0.178686406796602;0.504697986577181;0.00539227179697331;0.0388518092584499;0.945158557287816;0.374264676900015;0.27382451425205;0.717347100628639;-0.00893732145697094;-0.282611162535567;"Simulation_750.csv";"Gradual"
"725";0.233557046979866;0.583892617449665;0.863448275862069;0.2;0.4;0.318540179910045;0.633557046979866;0.00549157762101349;0.038689831002331;0.900817205155022;0.272570388389887;0.390443135368574;0.692811150482644;-0.0028747622255708;-0.118226547522793;"Simulation_751.csv";"Gradual"
"726";0.229530201342282;0.573825503355705;0.863448275862069;0.206896551724138;0.4;0.313996651674163;0.629530201342282;0.00563068501899267;0.0389711538461538;0.899581602408648;0.274135344290989;0.414102420586051;0.70108809304422;-0.00154308469884874;-0.12349549141933;"Simulation_752.csv";"Gradual"
"727";0.225503355704698;0.563758389261745;0.863448275862069;0.213793103448276;0.4;0.308393953023488;0.625503355704698;0.00581644207534057;0.0400117988782051;0.908077622343122;0.277821735586707;0.385143317797632;0.701404864986204;-0.00367173123238862;-0.128730411758432;"Simulation_753.csv";"Gradual"
"728";0.221476510067114;0.553691275167785;0.863448275862069;0.220689655172414;0.4;0.303993403298351;0.621476510067114;0.00536451269564805;0.0397817881337413;0.89101641148739;0.281708285096696;0.437558850585548;0.685791232567765;-0.000971134178490347;-0.134186476059711;"Simulation_754.csv";"Gradual"
"729";0.213422818791946;0.533557046979865;0.863448275862069;0.227586206896552;0.4;0.299327486256872;0.613422818791946;0.00564769015863442;0.038729547275641;0.911198135955902;0.281048240549436;0.417716812600213;0.694771902632914;0.000952096644154795;-0.132689153744975;"Simulation_755.csv";"Gradual"
"730";0.209395973154362;0.523489932885905;0.863448275862069;0.23448275862069;0.4;0.295224937531234;0.609395973154362;0.00563037323883557;0.0398764741768648;0.910825771583639;0.288481951173559;0.407655196844059;0.704640811070885;-0.000651890839526211;-0.138873247114017;"Simulation_756.csv";"Gradual"
"731";0.209395973154362;0.523489932885905;0.863448275862069;0.241379310344828;0.4;0.290155972013993;0.609395973154362;0.00650730632191358;0.0400184185606061;0.933086030934641;0.291268714305585;0.377185237692524;0.688301691902608;-0.00221253073379605;-0.148529434548915;"Simulation_757.csv";"Gradual"
"732";0.201342281879195;0.503355704697987;0.863448275862069;0.248275862068966;0.4;0.283600149925037;0.601342281879195;0.00476835243847508;0.0403522454108392;0.87501375422564;0.297919906982165;0.34432038013183;0.706935720645594;-0.00712403722288333;-0.14834504099786;"Simulation_758.csv";"Gradual"
"733";0.197315436241611;0.493288590604027;0.863448275862069;0.255172413793103;0.4;0.280224787606197;0.597315436241611;0.00520877099394534;0.0419756519522144;0.897621730736864;0.306084426521773;0.379330786931485;0.681753749675066;-0.00370185639839024;-0.152574059877375;"Simulation_759.csv";"Gradual"
"734";0.201342281879195;0.503355704697987;0.0782758620689655;0.303448275862069;0.4;0.694991404297851;0.601342281879195;0.0058713138288599;0.0186604339670746;0.811800614942757;0.0981259652920267;0.855355843662219;1.08164699046679;0.0501935534183635;0.0940611100725647;"Simulation_76.csv";"Abrupt"
"735";0.193288590604027;0.483221476510068;0.863448275862069;0.262068965517241;0.4;0.273761219390305;0.593288590604027;0.00604746106331772;0.0405504489000583;0.928299063285632;0.300903394785597;0.357230269417829;0.698402051143083;-0.0025974464755383;-0.15811856803291;"Simulation_760.csv";"Gradual"
"736";0.185234899328859;0.463087248322147;0.863448275862069;0.268965517241379;0.4;0.270082908545727;0.585234899328859;0.00540962177385184;0.0410397982226107;0.909690338942913;0.310933723730344;0.361524188833295;0.702727093139775;-0.00377736298147436;-0.16048865683587;"Simulation_761.csv";"Gradual"
"737";0.185234899328859;0.463087248322147;0.863448275862069;0.275862068965517;0.4;0.26623748125937;0.585234899328859;0.00526904872370465;0.0407240311771562;0.905975831352798;0.310886475446528;0.381493674704918;0.719779255096314;-0.00125460537902277;-0.169765720155473;"Simulation_762.csv";"Gradual"
"738";0.181208053691275;0.453020134228187;0.863448275862069;0.282758620689655;0.4;0.260517791104448;0.581208053691275;0.00532699946671115;0.0408626502403846;0.908895716434645;0.312181665227808;0.404267344053084;0.727230264188719;-0.000303790134317484;-0.176509650098396;"Simulation_763.csv";"Gradual"
"739";0.173154362416107;0.432885906040268;0.863448275862069;0.289655172413793;0.4;0.253802098950525;0.573154362416107;0.00565117559382151;0.0412149575684732;0.923326867542523;0.320090904961155;0.338671004198732;0.668514887732006;-0.00469792818409199;-0.179307562748635;"Simulation_764.csv";"Gradual"
"740";0.169127516778524;0.42281879194631;0.863448275862069;0.296551724137931;0.4;0.250469315342329;0.569127516778524;0.00614030764546936;0.041131500400641;0.935019176094487;0.323289915876411;0.344392351995774;0.677865671837461;-0.00167146981859291;-0.184428687345576;"Simulation_765.csv";"Gradual"
"741";0.161073825503356;0.40268456375839;0.863448275862069;0.303448275862069;0.4;0.245741229385307;0.561073825503356;0.00550893041232652;0.0408626165501165;0.921072879366378;0.324687588900916;0.316971957777109;0.752665853648754;-0.00588304787980435;-0.184746738437926;"Simulation_766.csv";"Gradual"
"742";0.161073825503356;0.40268456375839;0.863448275862069;0.310344827586207;0.4;0.238675612193903;0.561073825503356;0.00527163209428837;0.0418443737252331;0.920494791097463;0.333036351656899;0.38202387862963;0.68379737360937;-0.00381600204804131;-0.196705386657666;"Simulation_767.csv";"Gradual"
"743";0.16510067114094;0.41275167785235;0.863448275862069;0.317241379310345;0.4;0.234732533733133;0.56510067114094;0.00528942303346844;0.0401539863782051;0.922113749880925;0.328472757546822;0.341067172374268;0.700391847981072;-0.00646281911954851;-0.206157513080885;"Simulation_768.csv";"Gradual"
"744";0.153020134228188;0.38255033557047;0.863448275862069;0.324137931034483;0.4;0.227234082958521;0.553020134228188;0.005425855487489;0.0425951058056527;0.929438834772633;0.346715082040333;0.414829437935308;0.69918387499272;0.00144664659996668;-0.21124989885516;"Simulation_769.csv";"Gradual"
"745";0.197315436241611;0.493288590604027;0.0782758620689655;0.310344827586207;0.4;0.689754972513743;0.597315436241611;0.00619954889582654;0.0192148209863054;0.823973775087842;0.104336549391132;0.846528846471823;1.114172307709;0.0458715428596153;0.0832646482911345;"Simulation_77.csv";"Abrupt"
"746";0.14496644295302;0.36241610738255;0.863448275862069;0.331034482758621;0.4;0.222304647676162;0.54496644295302;0.00547401620278072;0.0416924142263986;0.927700436247177;0.34564367804652;0.301355173859316;0.708478442768663;-0.00727394904884625;-0.204621466045603;"Simulation_770.csv";"Gradual"
"747";0.14496644295302;0.36241610738255;0.863448275862069;0.337931034482759;0.4;0.215853973013493;0.54496644295302;0.00630787566913548;0.0412708014641608;0.948767860275672;0.352195838320338;0.27399406521806;0.701775800378399;-0.00969025502172702;-0.218468062536062;"Simulation_771.csv";"Gradual"
"748";0.14496644295302;0.36241610738255;0.863448275862069;0.344827586206897;0.4;0.215250174912544;0.54496644295302;0.00545394913978764;0.0409114583333333;0.929090724722281;0.344954136352266;0.341747563522207;0.704145943916557;-0.00552662477456633;-0.234179991340456;"Simulation_772.csv";"Gradual"
"749";0.132885906040269;0.332214765100672;0.863448275862069;0.351724137931035;0.4;0.206495902048975;0.532885906040269;0.00619632094055826;0.0414437208624709;0.947144984756092;0.359983038383473;0.240111978314076;0.690527783150296;-0.0132191452560855;-0.230904699636463;"Simulation_773.csv";"Gradual"
"750";0.132885906040269;0.332214765100672;0.863448275862069;0.358620689655172;0.4;0.204515892053973;0.532885906040269;0.00641285328978777;0.0394149803321678;0.952179574006706;0.350475599639211;0.274839748157085;0.680327187961513;-0.0124204388523906;-0.238572373816255;"Simulation_774.csv";"Gradual"
"751";0.128859060402685;0.322147651006713;0.863448275862069;0.36551724137931;0.4;0.196696701649175;0.528859060402685;0.0057964660885269;0.0413419352782634;0.942151381849856;0.367816675905064;0.329852742372679;0.684391965131306;-0.00482958919671099;-0.250085575988386;"Simulation_775.csv";"Gradual"
"752";0.120805369127517;0.302013422818792;0.863448275862069;0.372413793103448;0.4;0.191989405297351;0.520805369127517;0.00616602365355112;0.039775326886655;0.952262069965599;0.364605624389886;0.297891567489804;0.697832087817841;-0.00818387674142274;-0.246823280575534;"Simulation_776.csv";"Gradual"
"753";0.120805369127517;0.302013422818792;0.863448275862069;0.379310344827586;0.4;0.188471264367816;0.520805369127517;0.00617449016928319;0.0386671601835664;0.949897816050932;0.363579003257641;0.305207058117139;0.6580031506211;-0.00843512958364415;-0.259534552603325;"Simulation_777.csv";"Gradual"
"754";0.108724832214765;0.271812080536913;0.863448275862069;0.386206896551724;0.4;0.180979260369815;0.508724832214765;0.00526190789093402;0.0392782497450466;0.935675280280507;0.374020611790514;0.281228273988063;0.688207301077603;-0.0145990236663974;-0.266192034540016;"Simulation_778.csv";"Gradual"
"755";0.104697986577181;0.261744966442952;0.863448275862069;0.393103448275862;0.4;0.178085757121439;0.504697986577181;0.0064434596327579;0.03873698189831;0.958255430820728;0.376492945720484;0.295986499572862;0.7780855025078;-0.0129584813970723;-0.268791633371636;"Simulation_779.csv";"Gradual"
"756";0.193288590604027;0.483221476510068;0.0782758620689655;0.317241379310345;0.4;0.687810944527736;0.593288590604027;0.00590161547014216;0.0192322934877622;0.817072670062267;0.103787324395649;0.878190299813668;1.13773993838414;0.0524207251198346;0.0828183843628778;"Simulation_78.csv";"Abrupt"
"757";0.104697986577181;0.261744966442952;0.863448275862069;0.4;0.4;0.171495202398801;0.504697986577181;0.00602914396672647;0.0361302320075758;0.95438707101759;0.369659532405634;0.20526420265614;0.655954644905956;-0.0166797685719383;-0.282698145189331;"Simulation_780.csv";"Gradual"
"758";0.233557046979866;0.583892617449665;0.897586206896552;0.2;0.4;0.308210944527736;0.633557046979866;0.00508596550887059;0.0389979995265151;0.881433579781401;0.272670128566182;0.403750139644625;0.675641045774541;-0.00317244091104418;-0.11995129567065;"Simulation_781.csv";"Gradual"
"759";0.229530201342282;0.573825503355705;0.897586206896552;0.206896551724138;0.4;0.301451724137931;0.629530201342282;0.0057777675858295;0.0385701941287879;0.912018099463959;0.276425653248593;0.378578672722256;0.658409972381709;-0.00371628098510961;-0.127510519882949;"Simulation_782.csv";"Gradual"
"760";0.221476510067114;0.553691275167785;0.897586206896552;0.213793103448276;0.4;0.29833848075962;0.621476510067114;0.00560860753581088;0.0385370128569347;0.900177476742995;0.281885490357866;0.40597847810416;0.675454684568772;-0.00240491363803253;-0.129686053470158;"Simulation_783.csv";"Gradual"
"761";0.21744966442953;0.543624161073825;0.897586206896552;0.220689655172414;0.4;0.293558620689655;0.61744966442953;0.0055609411880141;0.0402984329472611;0.907511473735563;0.28836480801553;0.428902219862;0.677699283075075;-0.000545362156541501;-0.133311587173108;"Simulation_784.csv";"Gradual"
"762";0.209395973154362;0.523489932885905;0.897586206896552;0.227586206896552;0.4;0.289480409795102;0.609395973154362;0.00542028468182106;0.0399584507939977;0.905812962891834;0.290236288174029;0.403626490030196;0.689265135731606;-0.000910026370264217;-0.133175385653501;"Simulation_785.csv";"Gradual"
"763";0.205369127516779;0.513422818791947;0.897586206896552;0.23448275862069;0.4;0.284163068465767;0.605369127516779;0.00555858438631727;0.0401984138257576;0.909960513871293;0.295368026867997;0.370383311835444;0.679754454910499;-0.00347914321175218;-0.138698438696832;"Simulation_786.csv";"Gradual"
"764";0.201342281879195;0.503355704697987;0.897586206896552;0.241379310344828;0.4;0.278837231384308;0.601342281879195;0.00498533931953829;0.0406007921765734;0.887980568948132;0.30125675664324;0.362824435911396;0.664760064158255;-0.00414142249234666;-0.144373890524716;"Simulation_787.csv";"Gradual"
"765";0.197315436241611;0.493288590604027;0.897586206896552;0.248275862068966;0.4;0.275874262868566;0.597315436241611;0.00545626266494435;0.0399907515661422;0.903404399514215;0.299671891950285;0.386466427202883;0.690711830155162;-0.00110958153911672;-0.148250082617692;"Simulation_788.csv";"Gradual"
"766";0.193288590604027;0.483221476510068;0.897586206896552;0.255172413793103;0.4;0.269805947026487;0.593288590604027;0.00548358729438972;0.0406500081949301;0.913710862954629;0.307203817888935;0.364090611995342;0.688695456081102;-0.00441645988833958;-0.152043799740841;"Simulation_789.csv";"Gradual"
"767";0.189261744966443;0.473154362416107;0.0782758620689655;0.324137931034483;0.4;0.685226786606697;0.589261744966443;0.00601167215664166;0.0192349477345571;0.820411842221575;0.10286573505152;0.872082307749491;1.14727788981212;0.0534333574730773;0.0896003193409136;"Simulation_79.csv";"Abrupt"
"768";0.189261744966443;0.473154362416107;0.897586206896552;0.262068965517241;0.4;0.264931084457771;0.589261744966443;0.00548314811703672;0.0391699109484266;0.915749429001271;0.30573592330499;0.355918854298454;0.700537485749579;-0.0034059185867632;-0.156706973285608;"Simulation_790.csv";"Gradual"
"769";0.185234899328859;0.463087248322147;0.897586206896552;0.268965517241379;0.4;0.258329935032484;0.585234899328859;0.00532040303414855;0.0411715754297786;0.914431364320081;0.31590773704129;0.400087578514754;0.684778518516442;-0.00125729007722659;-0.16368555644586;"Simulation_791.csv";"Gradual"
"770";0.181208053691275;0.453020134228187;0.897586206896552;0.275862068965517;0.4;0.255908295852074;0.581208053691275;0.00536735979271259;0.0401186088650932;0.914011099458323;0.316463633659019;0.342654321231032;0.68353559023004;-0.00557000899179065;-0.168751302280998;"Simulation_792.csv";"Gradual"
"771";0.177181208053691;0.442953020134227;0.897586206896552;0.282758620689655;0.4;0.249702498750625;0.577181208053691;0.00490622092379903;0.0403062108464452;0.898126371233902;0.319396134243494;0.368941474165721;0.666815279653629;-0.00339114636682624;-0.169971407957367;"Simulation_793.csv";"Gradual"
"772";0.169127516778524;0.42281879194631;0.897586206896552;0.289655172413793;0.4;0.242653723138431;0.569127516778524;0.00586917433556964;0.0419389450393357;0.931750702852656;0.332290813555404;0.355743377588431;0.666009895839872;-0.000590288550032974;-0.175194994383956;"Simulation_794.csv";"Gradual"
"773";0.16510067114094;0.41275167785235;0.897586206896552;0.296551724137931;0.4;0.241471014492754;0.56510067114094;0.00602479455419767;0.0410138813009907;0.932910575863753;0.330122559268179;0.334074796978505;0.684222495453365;-0.00374019305187079;-0.179000837352636;"Simulation_795.csv";"Gradual"
"774";0.161073825503356;0.40268456375839;0.897586206896552;0.303448275862069;0.4;0.238082108945527;0.561073825503356;0.00601568614125811;0.0401442881337413;0.939701061381067;0.325545786953119;0.298562852630815;0.670243918303395;-0.00763619452441278;-0.185377517399183;"Simulation_796.csv";"Gradual"
"775";0.157046979865772;0.39261744966443;0.897586206896552;0.310344827586207;0.4;0.230315792103948;0.557046979865772;0.00596490154862238;0.0416090690559441;0.939662725000007;0.333956004549743;0.364906381445954;0.644818572766455;0.00201209091866786;-0.194574420730455;"Simulation_797.csv";"Gradual"
"776";0.153020134228188;0.38255033557047;0.897586206896552;0.317241379310345;0.4;0.224296751624188;0.553020134228188;0.00554734300749274;0.0413021106497669;0.930720313024943;0.342390359016151;0.330891534734326;0.687728103982452;-0.00472391802455985;-0.198821400561288;"Simulation_798.csv";"Gradual"
"777";0.153020134228188;0.38255033557047;0.897586206896552;0.324137931034483;0.4;0.220589505247376;0.553020134228188;0.00648256043590011;0.0393286804341492;0.947917116127522;0.337994274020492;0.339443686650397;0.658578167643412;-0.00391070092166892;-0.202114936659052;"Simulation_799.csv";"Gradual"
"778";0.249664429530201;0.624161073825502;0.01;0.248275862068966;0.4;0.749450174912544;0.649664429530201;0.00502244076315394;0.0153718467730186;0.724966206816628;0.0703767943013513;0.963793271418148;0.745541436286025;0.0372258100882131;0.0667771339210845;"Simulation_8.csv";"Abrupt"
"779";0.181208053691275;0.453020134228187;0.0782758620689655;0.331034482758621;0.4;0.680700049975013;0.581208053691275;0.00653925874985088;0.0197098903700466;0.842746592258855;0.105425071564484;0.869298844825447;1.1136299086622;0.0398293040691072;0.101207401998965;"Simulation_80.csv";"Abrupt"
"780";0.148993288590604;0.37248322147651;0.897586206896552;0.331034482758621;0.4;0.215765567216392;0.548993288590604;0.00558815343298703;0.0405281668851981;0.934132466587998;0.344897304046981;0.362330087371268;0.65576641013842;-0.00454225277443325;-0.21425269843528;"Simulation_800.csv";"Gradual"
"781";0.140939597315436;0.35234899328859;0.897586206896552;0.337931034482759;0.4;0.211427386306847;0.540939597315436;0.00617780702314279;0.0412775122013403;0.945231347447792;0.354272402812906;0.305798644514927;0.691862705527179;-0.00410301489746322;-0.21729126099048;"Simulation_801.csv";"Gradual"
"782";0.140939597315436;0.35234899328859;0.897586206896552;0.344827586206897;0.4;0.205025987006497;0.540939597315436;0.00510065430487414;0.0391150631920163;0.923215623379436;0.349292511179988;0.299425140823755;0.675337614722568;-0.0105138563807783;-0.229846164728001;"Simulation_802.csv";"Gradual"
"783";0.136912751677852;0.34228187919463;0.897586206896552;0.351724137931035;0.4;0.200902248875562;0.536912751677852;0.00637322131578921;0.0403671337776807;0.952689541915383;0.357310511984961;0.25140169464222;0.636965563622709;-0.0114622852637829;-0.2316230297272;"Simulation_803.csv";"Gradual"
"784";0.128859060402685;0.322147651006713;0.897586206896552;0.358620689655172;0.4;0.197173113443278;0.528859060402685;0.0054007690889006;0.0397492925043706;0.93540849944372;0.361780061316728;0.357544938066128;0.681617862948614;-0.00328826235033401;-0.237967327030695;"Simulation_804.csv";"Gradual"
"785";0.124832214765101;0.312080536912752;0.897586206896552;0.36551724137931;0.4;0.188061969015492;0.524832214765101;0.00770019271973367;0.0395899958114802;0.969045674622445;0.365752659721645;0.268921609425925;0.713996642267213;-0.00991816771585062;-0.242403376978078;"Simulation_805.csv";"Gradual"
"786";0.120805369127517;0.302013422818792;0.897586206896552;0.372413793103448;0.4;0.185091204397801;0.520805369127517;0.00586945590312259;0.0381987662077506;0.948474404277071;0.364111356119114;0.266524641484075;0.644462254736618;-0.0143873495693523;-0.248829628690118;"Simulation_806.csv";"Gradual"
"787";0.112751677852349;0.281879194630872;0.897586206896552;0.379310344827586;0.4;0.180383308345827;0.512751677852349;0.00635733680477724;0.0385975570002914;0.954644308453937;0.370454011146455;0.292735287148741;0.672855254201973;-0.00997228819183535;-0.250110676222873;"Simulation_807.csv";"Gradual"
"788";0.112751677852349;0.281879194630872;0.897586206896552;0.386206896551724;0.4;0.17495672163918;0.512751677852349;0.00590304210106759;0.0370211401879371;0.951620823215806;0.371352258264911;0.303078723020814;0.658104038656143;-0.00751861278738923;-0.260287556711129;"Simulation_808.csv";"Gradual"
"789";0.108724832214765;0.271812080536913;0.897586206896552;0.393103448275862;0.4;0.165095802098951;0.508724832214765;0.00594267299864426;0.0373969469332751;0.95411201521916;0.384534534103131;0.339428915681145;0.611907298196033;0.00238280972436976;-0.267332760952048;"Simulation_809.csv";"Gradual"
"790";0.181208053691275;0.453020134228187;0.0782758620689655;0.337931034482759;0.4;0.676604447776112;0.581208053691275;0.00608667439636755;0.020175806745338;0.829098583084106;0.111581490865719;0.916868421236199;1.20933558762227;0.0693344038854006;0.0810014089106454;"Simulation_81.csv";"Abrupt"
"791";0.100671140939597;0.251677852348992;0.897586206896552;0.4;0.4;0.162326236881559;0.500671140939597;0.0059398801571967;0.0379050152972028;0.956980203865028;0.386663706323373;0.230224667955463;0.642114270199646;-0.0165425594687595;-0.275031895096387;"Simulation_810.csv";"Gradual"
"792";0.233557046979866;0.583892617449665;0.931724137931035;0.2;0.4;0.295396101949025;0.633557046979866;0.00465901328583652;0.0393409227491259;0.864430347624854;0.283880276644996;0.396542783126486;0.66101732673677;-0.00231578385679119;-0.125265854859567;"Simulation_811.csv";"Gradual"
"793";0.225503355704698;0.563758389261745;0.931724137931035;0.206896551724138;0.4;0.290766466766617;0.625503355704698;0.00530647717040411;0.0391236232517483;0.895463161794811;0.283897325634484;0.412966529644791;0.669108579726391;-0.0018735568149824;-0.124776822575497;"Simulation_812.csv";"Gradual"
"794";0.21744966442953;0.543624161073825;0.931724137931035;0.213793103448276;0.4;0.287874862568716;0.61744966442953;0.00570301085336537;0.0403347510562354;0.912192657367956;0.291579498417094;0.381511968674072;0.641206033243911;-0.00271927164099455;-0.127428443866805;"Simulation_813.csv";"Gradual"
"795";0.21744966442953;0.543624161073825;0.931724137931035;0.220689655172414;0.4;0.282797501249375;0.61744966442953;0.00525626804426139;0.0395565222537879;0.896287306032462;0.290465278533591;0.417705800973099;0.647276651195853;-0.00143989938431483;-0.133741947095895;"Simulation_814.csv";"Gradual"
"796";0.213422818791946;0.533557046979865;0.931724137931035;0.227586206896552;0.4;0.279386906546727;0.613422818791946;0.0053937295515962;0.0390513385052448;0.905791854940473;0.293512540552921;0.366328698583244;0.665518741150757;-0.00347751323373298;-0.138141783458867;"Simulation_815.csv";"Gradual"
"797";0.205369127516779;0.513422818791947;0.931724137931035;0.23448275862069;0.4;0.274071914042979;0.605369127516779;0.00486874324488442;0.0396161777025058;0.891968234656418;0.298037146741387;0.365437946978808;0.65225064292103;-0.00273430772786156;-0.140853755151295;"Simulation_816.csv";"Gradual"
"798";0.205369127516779;0.513422818791947;0.931724137931035;0.241379310344828;0.4;0.269043178410795;0.605369127516779;0.00514610869421291;0.0406007056745338;0.903238489976166;0.305233498522944;0.374767077593126;0.657596509830042;-0.00367941575836231;-0.149430431612262;"Simulation_817.csv";"Gradual"
"799";0.197315436241611;0.493288590604027;0.931724137931035;0.248275862068966;0.4;0.265219890054973;0.597315436241611;0.00495527236263619;0.0404842884979604;0.891436640630407;0.307646745484621;0.354644996225773;0.662141029976989;-0.00429932573040481;-0.147872055836904;"Simulation_818.csv";"Gradual"
"800";0.189261744966443;0.473154362416107;0.931724137931035;0.255172413793103;0.4;0.259478260869565;0.589261744966443;0.00633031848913726;0.0399051819274476;0.937326337905395;0.307727936322578;0.381472837260371;0.693596393980463;-0.00247155647621782;-0.15126893418109;"Simulation_819.csv";"Gradual"
"801";0.177181208053691;0.442953020134227;0.0782758620689655;0.344827586206897;0.4;0.673397851074463;0.577181208053691;0.0058703305170842;0.0205828971809441;0.813389030685947;0.110852580357583;0.956535465425123;1.27351129108167;0.076587083510577;0.0865522847809341;"Simulation_82.csv";"Abrupt"
"802";0.189261744966443;0.473154362416107;0.931724137931035;0.262068965517241;0.4;0.255509995002499;0.589261744966443;0.00540386158686314;0.0399323517628205;0.915018429078618;0.311868753904358;0.380403283402536;0.657516485976469;-0.00128030324190751;-0.16003726242411;"Simulation_820.csv";"Gradual"
"803";0.189261744966443;0.473154362416107;0.931724137931035;0.268965517241379;0.4;0.250493503248376;0.589261744966443;0.00535110435060974;0.0402198126092657;0.917928405948151;0.316968487622951;0.348288186182916;0.665777225185168;-0.00389403838407175;-0.168063305735288;"Simulation_821.csv";"Gradual"
"804";0.181208053691275;0.453020134228187;0.931724137931035;0.275862068965517;0.4;0.247169465267366;0.581208053691275;0.00603784830580547;0.0400649521051865;0.932814916021079;0.318872478418344;0.371253412630026;0.671648238600213;-0.0030569352637932;-0.170409593678687;"Simulation_822.csv";"Gradual"
"805";0.177181208053691;0.442953020134227;0.931724137931035;0.282758620689655;0.4;0.240328135932034;0.577181208053691;0.00526056774250777;0.0404303440049534;0.917917856321229;0.324781373019523;0.329247332424965;0.674957667143981;-0.00592726519926718;-0.173410760358467;"Simulation_823.csv";"Gradual"
"806";0.173154362416107;0.432885906040268;0.931724137931035;0.289655172413793;0.4;0.234810394802599;0.573154362416107;0.00522862715194466;0.0413885626092657;0.916767427674514;0.333897996816853;0.366368922994913;0.654180531108153;-0.00245625470547953;-0.179469238398624;"Simulation_824.csv";"Gradual"
"807";0.16510067114094;0.41275167785235;0.931724137931035;0.296551724137931;0.4;0.228330534732634;0.56510067114094;0.00562276997252404;0.0417183256847319;0.929249907733406;0.34084326724373;0.391407483358492;0.650674461297226;0.000355599529307924;-0.182186733207132;"Simulation_825.csv";"Gradual"
"808";0.157046979865772;0.39261744966443;0.931724137931035;0.303448275862069;0.4;0.227251224387806;0.557046979865772;0.00613304326987222;0.0413065823499417;0.942118858237786;0.340458969684883;0.436164283429723;0.63154588298032;0.00189253420315822;-0.184460573846063;"Simulation_826.csv";"Gradual"
"809";0.157046979865772;0.39261744966443;0.931724137931035;0.310344827586207;0.4;0.220537131434283;0.557046979865772;0.00536350403814674;0.0397266162223193;0.923176771181547;0.340990837960903;0.354333144261233;0.665973867450403;-0.00412948401416222;-0.191930920431528;"Simulation_827.csv";"Gradual"
"810";0.157046979865772;0.39261744966443;0.931724137931035;0.317241379310345;0.4;0.218409245377311;0.557046979865772;0.00601279714278304;0.0398629142992424;0.942371758742756;0.339160635283328;0.271227257898532;0.628644392876254;-0.00957622264760104;-0.20256779763834;"Simulation_828.csv";"Gradual"
"811";0.148993288590604;0.37248322147651;0.931724137931035;0.324137931034483;0.4;0.211363818090955;0.548993288590604;0.00481909329800664;0.0396235194493007;0.914945068167695;0.345441328545225;0.371878269430303;0.667426334592689;-0.000129409866618939;-0.201611916226716;"Simulation_829.csv";"Gradual"
"812";0.173154362416107;0.432885906040268;0.0782758620689655;0.351724137931035;0.4;0.668951924037981;0.573154362416107;0.00600626569061233;0.0210118116258741;0.832653115700354;0.116827305392907;0.916243345543624;1.2893113686061;0.0502632085505918;0.0816217387386737;"Simulation_83.csv";"Abrupt"
"813";0.14496644295302;0.36241610738255;0.931724137931035;0.331034482758621;0.4;0.206551874062969;0.54496644295302;0.00562316438814765;0.039171369645979;0.937444724679062;0.349617548994115;0.282758161378148;0.6135060672281;-0.0063670871929872;-0.206794309226156;"Simulation_830.csv";"Gradual"
"814";0.136912751677852;0.34228187919463;0.931724137931035;0.337931034482759;0.4;0.201204747626187;0.536912751677852;0.00590402087130251;0.0404618935751748;0.943015058139726;0.357113496127319;0.279317888612084;0.652864015792323;-0.00961974155528468;-0.215221246235297;"Simulation_831.csv";"Gradual"
"815";0.132885906040269;0.332214765100672;0.931724137931035;0.344827586206897;0.4;0.19737916041979;0.532885906040269;0.00525225004114928;0.0398528199664918;0.932346777041124;0.358896464500121;0.336488874108082;0.662751009909359;-0.00305391572492063;-0.221339170994075;"Simulation_832.csv";"Gradual"
"816";0.132885906040269;0.332214765100672;0.931724137931035;0.351724137931035;0.4;0.191947876061969;0.532885906040269;0.00603177890316212;0.0389382056745338;0.946879986431885;0.360451625635816;0.279612702171305;0.65196687577046;-0.00948336860253806;-0.229159064309362;"Simulation_833.csv";"Gradual"
"817";0.128859060402685;0.322147651006713;0.931724137931035;0.358620689655172;0.4;0.184628635682159;0.528859060402685;0.00570378598719361;0.0388669698790793;0.945762261993543;0.369821486216692;0.255193383541422;0.693994012223815;-0.0121421646852005;-0.23189737225039;"Simulation_834.csv";"Gradual"
"818";0.124832214765101;0.312080536912752;0.931724137931035;0.36551724137931;0.4;0.182964167916042;0.524832214765101;0.00543447793442849;0.0397331166229604;0.940173185984709;0.371173762176143;0.319797218090073;0.616336065627213;-0.00634954983118252;-0.24415720060371;"Simulation_835.csv";"Gradual"
"819";0.120805369127517;0.302013422818792;0.931724137931035;0.372413793103448;0.4;0.176451774112944;0.520805369127517;0.00558458844508255;0.0383667531687063;0.945530035309191;0.376325207508522;0.327887797066783;0.605175837265748;-0.00506105375916001;-0.24786451886496;"Simulation_836.csv";"Gradual"
"820";0.116778523489933;0.291946308724832;0.931724137931035;0.379310344827586;0.4;0.171971764117941;0.516778523489933;0.006925159733633;0.0374315960081585;0.965772254897481;0.375199685621459;0.307703068728769;0.670175788631683;-0.00177071163310493;-0.246687117237042;"Simulation_837.csv";"Gradual"
"821";0.104697986577181;0.261744966442952;0.931724137931035;0.386206896551724;0.4;0.165500949525237;0.504697986577181;0.00650318184413991;0.0372036066797786;0.962053069136287;0.382154521861644;0.240737545255281;0.649372353006735;-0.0150808914261835;-0.257605572490188;"Simulation_838.csv";"Gradual"
"822";0.100671140939597;0.251677852348992;0.931724137931035;0.393103448275862;0.4;0.160734682658671;0.500671140939597;0.0070769100963446;0.0365414381191725;0.969761816007143;0.384207630038679;0.272279991196663;0.666449913498876;-0.00410775711048552;-0.253289030852888;"Simulation_839.csv";"Gradual"
"823";0.169127516778524;0.42281879194631;0.0782758620689655;0.358620689655172;0.4;0.665555122438781;0.569127516778524;0.006573920063212;0.0207543515078671;0.86469405947336;0.113889043413668;0.846031229265574;1.34636177563504;0.0643735453685925;0.0810494994475072;"Simulation_84.csv";"Abrupt"
"824";0.100671140939597;0.251677852348992;0.931724137931035;0.4;0.4;0.156999850074963;0.500671140939597;0.00464790866707934;0.0361491531905594;0.929539839770897;0.389447968850743;0.280179102380108;0.635596404943246;-0.0150405435760467;-0.26690783001728;"Simulation_840.csv";"Gradual"
"825";0.229530201342282;0.573825503355705;0.965862068965517;0.2;0.4;0.285974262868566;0.629530201342282;0.00474283905154556;0.0390589060678904;0.870743618209192;0.283944601792876;0.401193236957597;0.628925412474944;-0.00221323701050321;-0.122752401358899;"Simulation_841.csv";"Gradual"
"826";0.221476510067114;0.553691275167785;0.965862068965517;0.206896551724138;0.4;0.283267566216892;0.621476510067114;0.00494780178703009;0.0390254616477273;0.885315465728287;0.287912657893397;0.421072888287798;0.629420585454701;-6.80167404619917e-05;-0.126132576694471;"Simulation_842.csv";"Gradual"
"827";0.21744966442953;0.543624161073825;0.965862068965517;0.213793103448276;0.4;0.27746391804098;0.61744966442953;0.00546773421457914;0.0394963605405012;0.906679523376412;0.290944562501647;0.422129295803738;0.63943087925066;-0.00102728445621989;-0.128560854794538;"Simulation_843.csv";"Gradual"
"828";0.21744966442953;0.543624161073825;0.965862068965517;0.220689655172414;0.4;0.272706146926537;0.61744966442953;0.00515993480544103;0.040101914881993;0.900869699720923;0.297475730133012;0.383392754516276;0.629430330340257;-0.00282664760309977;-0.138642403940034;"Simulation_844.csv";"Gradual"
"829";0.205369127516779;0.513422818791947;0.965862068965517;0.227586206896552;0.4;0.266381009495252;0.605369127516779;0.00607495919166621;0.0395731288243007;0.924961355264916;0.302697129969026;0.382869969297081;0.634809593257023;-0.00203806533085566;-0.134607465878202;"Simulation_845.csv";"Gradual"
"830";0.205369127516779;0.513422818791947;0.965862068965517;0.23448275862069;0.4;0.263229435282359;0.605369127516779;0.00557530610199427;0.0396837958916084;0.921123767295153;0.305116959230542;0.394929180453987;0.615861567724519;-0.00134982290713159;-0.144493027623695;"Simulation_846.csv";"Gradual"
"831";0.201342281879195;0.503355704697987;0.965862068965517;0.241379310344828;0.4;0.259826986506747;0.601342281879195;0.00479656036804686;0.0406321578161422;0.886693698689649;0.311134716063918;0.419512138194272;0.628847683295364;0.0010596737792789;-0.148127513021108;"Simulation_847.csv";"Gradual"
"832";0.197315436241611;0.493288590604027;0.965862068965517;0.248275862068966;0.4;0.254171264367816;0.597315436241611;0.00485318028210108;0.0402448253569347;0.897819766302243;0.314015885322767;0.406979980963548;0.634710002261781;-0.000813401865485723;-0.15114148291499;"Simulation_848.csv";"Gradual"
"833";0.193288590604027;0.483221476510068;0.965862068965517;0.255172413793103;0.4;0.249021939030485;0.593288590604027;0.00488655844519237;0.0406601744609557;0.895941504995731;0.317752354023555;0.42014675371832;0.623233647134229;0.000178372548616495;-0.154628158338747;"Simulation_849.csv";"Gradual"
"834";0.161073825503356;0.40268456375839;0.0782758620689655;0.36551724137931;0.4;0.661587706146927;0.561073825503356;0.00650438919389109;0.0211770205055361;0.845363468574583;0.118871375997536;0.89849025615409;1.28732746578697;0.0416997268417487;0.107718322536151;"Simulation_85.csv";"Abrupt"
"835";0.185234899328859;0.463087248322147;0.965862068965517;0.262068965517241;0.4;0.245304897551224;0.585234899328859;0.00572068317615991;0.0405115712412587;0.926479326539555;0.320073626379424;0.362626780161733;0.628213286772087;-0.00106263923070166;-0.157816925913456;"Simulation_850.csv";"Gradual"
"836";0.181208053691275;0.453020134228187;0.965862068965517;0.268965517241379;0.4;0.24027816091954;0.581208053691275;0.00552750285536715;0.0403362243225524;0.927636218443083;0.321902105851501;0.324376716511952;0.617636779324048;-0.00366287474599584;-0.16483582275694;"Simulation_851.csv";"Gradual"
"837";0.177181208053691;0.442953020134227;0.965862068965517;0.275862068965517;0.4;0.23517856071964;0.577181208053691;0.00721760383558396;0.0410346800335082;0.954425644069959;0.33241632374463;0.392991318919443;0.63708249323898;-0.00185647339332039;-0.168495810378692;"Simulation_852.csv";"Gradual"
"838";0.173154362416107;0.432885906040268;0.965862068965517;0.282758620689655;0.4;0.232271864067966;0.573154362416107;0.00512418607912644;0.0393108045600233;0.914821693173028;0.328261678819678;0.300984299631527;0.623328723890541;-0.00747149889520715;-0.174035195063784;"Simulation_853.csv";"Gradual"
"839";0.169127516778524;0.42281879194631;0.965862068965517;0.289655172413793;0.4;0.224897851074463;0.569127516778524;0.00584681797046993;0.04080676810169;0.932090512010613;0.338272587692284;0.27329767641391;0.637927898062596;-0.00731997516239411;-0.177143329951189;"Simulation_854.csv";"Gradual"
"840";0.16510067114094;0.41275167785235;0.965862068965517;0.296551724137931;0.4;0.22214287856072;0.56510067114094;0.00660615852895956;0.0403921419726107;0.952706949872469;0.338337950951796;0.345867925402304;0.615158905549034;0.00020745539061884;-0.181936847102708;"Simulation_855.csv";"Gradual"
"841";0.161073825503356;0.40268456375839;0.965862068965517;0.303448275862069;0.4;0.218549525237381;0.561073825503356;0.00647417647461727;0.0396986123251748;0.948239137906834;0.339230764592532;0.270458116568917;0.612367557728419;-0.00716710062113437;-0.188075176083391;"Simulation_856.csv";"Gradual"
"842";0.157046979865772;0.39261744966443;0.965862068965517;0.310344827586207;0.4;0.211263968015992;0.557046979865772;0.00523575267244133;0.0408173650568182;0.928117989019382;0.349833309883328;0.305756886026497;0.64287094000332;-0.0076968779669674;-0.193189393876185;"Simulation_857.csv";"Gradual"
"843";0.153020134228188;0.38255033557047;0.965862068965517;0.317241379310345;0.4;0.207681009495252;0.553020134228188;0.00521402619675139;0.0394982663170163;0.926120138844906;0.347011147507829;0.363515049862261;0.600541023057147;2.09564619156511e-05;-0.200753197221431;"Simulation_858.csv";"Gradual"
"844";0.148993288590604;0.37248322147651;0.965862068965517;0.324137931034483;0.4;0.204381909045477;0.548993288590604;0.0056059550973695;0.0393923240821678;0.937838932006244;0.348797724415819;0.35517145574381;0.600639800805962;-0.00467563865415648;-0.202945396342664;"Simulation_859.csv";"Gradual"
"845";0.157046979865772;0.39261744966443;0.0782758620689655;0.372413793103448;0.4;0.658300649675162;0.557046979865772;0.00685977219575921;0.0223639705346737;0.867879090467484;0.1245374198897;0.894349741301846;1.33380622381858;0.051238041468923;0.105517777007086;"Simulation_86.csv";"Abrupt"
"846";0.14496644295302;0.36241610738255;0.965862068965517;0.331034482758621;0.4;0.19949780109945;0.54496644295302;0.00593606984143708;0.0377704053758741;0.946510759223625;0.349298625405159;0.313569335422662;0.593105593007006;-0.00418495917784466;-0.20698086274289;"Simulation_860.csv";"Gradual"
"847";0.140939597315436;0.35234899328859;0.965862068965517;0.337931034482759;0.4;0.196556421789105;0.540939597315436;0.00594112783821431;0.0384087640224359;0.944860449961539;0.351143622262511;0.324926850325451;0.636295909631191;-0.00542943905276085;-0.209495547585392;"Simulation_861.csv";"Gradual"
"848";0.136912751677852;0.34228187919463;0.965862068965517;0.344827586206897;0.4;0.18773668165917;0.536912751677852;0.00451824122675056;0.0386946851325758;0.910394302642898;0.363472412589474;0.322424334597264;0.621435575194013;-0.00658200342323051;-0.216941957484662;"Simulation_862.csv";"Gradual"
"849";0.128859060402685;0.322147651006713;0.965862068965517;0.351724137931035;0.4;0.183513493253373;0.528859060402685;0.00809105912974806;0.0378498661494755;0.972777944514051;0.363933319610978;0.247397946169156;0.61471409958238;-0.00871666629078652;-0.222859165622702;"Simulation_863.csv";"Gradual"
"850";0.128859060402685;0.322147651006713;0.965862068965517;0.358620689655172;0.4;0.17965812093953;0.528859060402685;0.00482200116832901;0.0387958196751165;0.926881816166411;0.373689202850294;0.329573166316966;0.646207228274392;-0.00494154959857005;-0.226440205715164;"Simulation_864.csv";"Gradual"
"851";0.120805369127517;0.302013422818792;0.965862068965517;0.36551724137931;0.4;0.174279310344828;0.520805369127517;0.00526065696697075;0.0384309458770396;0.937245379170386;0.375386405262147;0.270920525488723;0.689280765669773;-0.00717455709846415;-0.224854773853342;"Simulation_865.csv";"Gradual"
"852";0.120805369127517;0.302013422818792;0.965862068965517;0.372413793103448;0.4;0.168363568215892;0.520805369127517;0.0061254050528491;0.0368516353438228;0.955444638577428;0.375872719581415;0.213730859393931;0.628728971347759;-0.01453747467873;-0.236460142011676;"Simulation_866.csv";"Gradual"
"853";0.116778523489933;0.291946308724832;0.965862068965517;0.379310344827586;0.4;0.165071264367816;0.516778523489933;0.00546376782546392;0.0365685487689394;0.945086324134444;0.374605370475618;0.291295646878717;0.62373571725779;-0.0074361325458065;-0.242770712952975;"Simulation_867.csv";"Gradual"
"854";0.108724832214765;0.271812080536913;0.965862068965517;0.386206896551724;0.4;0.157646576711644;0.508724832214765;0.0060505991046538;0.0365193518720862;0.958700688378974;0.386433591329481;0.31795704833597;0.61329371193226;-0.00902802610623023;-0.242782236236966;"Simulation_868.csv";"Gradual"
"855";0.104697986577181;0.261744966442952;0.965862068965517;0.393103448275862;0.4;0.15632243878061;0.504697986577181;0.00709163882677166;0.0362267309513403;0.968033086909813;0.386227702702132;0.203201828845613;0.54677317518386;-0.0141135417281557;-0.262990766723038;"Simulation_869.csv";"Gradual"
"856";0.157046979865772;0.39261744966443;0.0782758620689655;0.379310344827586;0.4;0.65232263868066;0.557046979865772;0.00655815463631981;0.0222014368444056;0.860744267749497;0.123318509198081;0.797015562483758;1.47747948016087;0.042221456031696;0.0854268212041932;"Simulation_87.csv";"Abrupt"
"857";0.100671140939597;0.251677852348992;0.965862068965517;0.4;0.4;0.149559020489755;0.500671140939597;0.00542880556292818;0.0361239874708625;0.950340882476723;0.395830612371346;0.264134322591367;0.542931459533982;-0.0131414342804394;-0.26213097065276;"Simulation_870.csv";"Gradual"
"858";0.225503355704698;0.563758389261745;1;0.2;0.4;0.276068465767116;0.625503355704698;0.00519753500180158;0.0397730140952797;0.90138172802698;0.293773757969391;0.415409401982873;0.611189987711981;2.33529714612176e-05;-0.124280542654437;"Simulation_871.csv";"Gradual"
"859";0.21744966442953;0.543624161073825;1;0.206896551724138;0.4;0.272879310344828;0.61744966442953;0.00456784103534021;0.0383609529793124;0.871805906938175;0.289471918568033;0.430526083564764;0.619930923701608;-0.00142273190886495;-0.124397213894367;"Simulation_872.csv";"Gradual"
"860";0.21744966442953;0.543624161073825;1;0.213793103448276;0.4;0.268049775112444;0.61744966442953;0.00535827502088128;0.039261918159965;0.912674804005973;0.298237797860108;0.3737043409159;0.608363772865783;-0.00401021991474006;-0.131677867031608;"Simulation_873.csv";"Gradual"
"861";0.213422818791946;0.533557046979865;1;0.220689655172414;0.4;0.262661219390305;0.613422818791946;0.00588528719030294;0.0398298086028555;0.928951689505711;0.304017650953378;0.379145113528997;0.609367295097617;-0.00141817454162503;-0.137170479069854;"Simulation_874.csv";"Gradual"
"862";0.209395973154362;0.523489932885905;1;0.227586206896552;0.4;0.25957636181909;0.609395973154362;0.00523400572764508;0.0394508713942308;0.901807307598878;0.304170019546568;0.397350516815883;0.607386809220768;-0.00161504081919994;-0.138920203894576;"Simulation_875.csv";"Gradual"
"863";0.209395973154362;0.523489932885905;1;0.23448275862069;0.4;0.255723938030985;0.609395973154362;0.00475911353974224;0.0391540300844988;0.893928994239176;0.308218703246848;0.376856307879027;0.606563306805802;-0.0042888241302074;-0.148500314688286;"Simulation_876.csv";"Gradual"
"864";0.205369127516779;0.513422818791947;1;0.241379310344828;0.4;0.24941844077961;0.605369127516779;0.00503540909635118;0.0403510152607809;0.901842179519289;0.316051120363628;0.384656484451189;0.600369453505336;-0.00174999872254749;-0.152494940845471;"Simulation_877.csv";"Gradual"
"865";0.197315436241611;0.493288590604027;1;0.248275862068966;0.4;0.24607656171914;0.597315436241611;0.00511481723743027;0.0399317744755245;0.909316551738511;0.317720180169436;0.343498313733965;0.617181671788484;-0.00442792891394212;-0.15282805265543;"Simulation_878.csv";"Gradual"
"866";0.189261744966443;0.473154362416107;1;0.255172413793103;0.4;0.242322288855572;0.589261744966443;0.00467669145427841;0.0396130244755245;0.889352643104853;0.318732119428542;0.357900034750096;0.625252195126036;-0.00501237422613118;-0.153498139113349;"Simulation_879.csv";"Gradual"
"867";0.153020134228188;0.38255033557047;0.0782758620689655;0.386206896551724;0.4;0.648557571214393;0.553020134228188;0.00678497265271209;0.0223656687062937;0.873141292078295;0.12715212382294;0.824965212811905;1.45936394137359;0.0885914298726437;0.0813559844693356;"Simulation_88.csv";"Abrupt"
"868";0.185234899328859;0.463087248322147;1;0.262068965517241;0.4;0.236855522238881;0.585234899328859;0.00481695347077696;0.0397585263694639;0.903503441188494;0.322771981747048;0.350254739265007;0.594600007832624;-0.00251886019011153;-0.157590271892594;"Simulation_880.csv";"Gradual"
"869";0.181208053691275;0.453020134228187;1;0.268965517241379;0.4;0.231638530734633;0.581208053691275;0.00573179986044348;0.0405311853511072;0.925995777490296;0.328745103110271;0.374052449073029;0.583831861878818;-0.00237560510115698;-0.165079468821968;"Simulation_881.csv";"Gradual"
"870";0.181208053691275;0.453020134228187;1;0.275862068965517;0.4;0.229343728135932;0.581208053691275;0.0050134640613106;0.0391941351617133;0.913521119422104;0.327524184118564;0.362517727698543;0.596425353542456;-0.00410649972997597;-0.173921311282009;"Simulation_882.csv";"Gradual"
"871";0.177181208053691;0.442953020134227;1;0.282758620689655;0.4;0.223303448275862;0.577181208053691;0.00512938525590039;0.0395015889058858;0.914565288279831;0.334131896250864;0.384467370117353;0.589288882561985;-0.00188925924573818;-0.177772220446714;"Simulation_883.csv";"Gradual"
"872";0.169127516778524;0.42281879194631;1;0.289655172413793;0.4;0.217586706646677;0.569127516778524;0.0056499330260102;0.0399309813884033;0.936918090558887;0.340325653154844;0.361754747424319;0.591453381262904;-0.000383518100817779;-0.178671087867053;"Simulation_884.csv";"Gradual"
"873";0.16510067114094;0.41275167785235;1;0.296551724137931;0.4;0.215055872063968;0.56510067114094;0.00472576308670083;0.0399625300480769;0.905529781500462;0.343079346649527;0.362560127740037;0.621444598381231;-0.00263315456687455;-0.183451883834928;"Simulation_885.csv";"Gradual"
"874";0.161073825503356;0.40268456375839;1;0.303448275862069;0.4;0.210324237881059;0.561073825503356;0.00662464317766507;0.0395517218458625;0.953464153201163;0.345007652330641;0.320058010249192;0.61252085680942;-0.00586652310426617;-0.187274271843872;"Simulation_886.csv";"Gradual"
"875";0.157046979865772;0.39261744966443;1;0.310344827586207;0.4;0.2050968015992;0.557046979865772;0.00707803502146729;0.0399981370192308;0.958728586414854;0.350879432678374;0.321209226868855;0.587398304345934;-0.00478177974724956;-0.195758958148206;"Simulation_887.csv";"Gradual"
"876";0.153020134228188;0.38255033557047;1;0.317241379310345;0.4;0.200958670664668;0.553020134228188;0.0063416887366051;0.0394067844915501;0.951427345471936;0.35125362559599;0.301793724815224;0.602475832971681;-0.00609537410184548;-0.194770953410748;"Simulation_888.csv";"Gradual"
"877";0.14496644295302;0.36241610738255;1;0.324137931034483;0.4;0.195691304347826;0.54496644295302;0.00621978812724566;0.0384034664554196;0.950221779289303;0.353487805739446;0.328999765689282;0.565057864680172;-0.00451195962110349;-0.203806556293193;"Simulation_889.csv";"Gradual"
"878";0.148993288590604;0.37248322147651;0.0782758620689655;0.393103448275862;0.4;0.643150324837581;0.548993288590604;0.00682846916551783;0.0226276770104895;0.86756601115688;0.130453850446288;0.893966490587467;1.42893290639261;0.0800049229767843;0.0757824966935861;"Simulation_89.csv";"Abrupt"
"879";0.140939597315436;0.35234899328859;1;0.331034482758621;0.4;0.192731984007996;0.540939597315436;0.00496506561001404;0.0380456985722611;0.927279530307939;0.35790643578222;0.285533721446405;0.634226182735062;-0.00788570936533753;-0.201722108014686;"Simulation_890.csv";"Gradual"
"880";0.136912751677852;0.34228187919463;1;0.337931034482759;0.4;0.185918590704648;0.536912751677852;0.00605522371286921;0.0390101808347902;0.951203112812172;0.366958970088004;0.285122600346257;0.585751388721859;-0.00793575481111347;-0.212200635108356;"Simulation_891.csv";"Gradual"
"881";0.128859060402685;0.322147651006713;1;0.344827586206897;0.4;0.181443928035982;0.528859060402685;0.00519949174081646;0.0382506483100233;0.932741210436557;0.366036715493321;0.332850027312795;0.637169615637464;-0.00313182068246936;-0.206760679456986;"Simulation_892.csv";"Gradual"
"882";0.128859060402685;0.322147651006713;1;0.351724137931035;0.4;0.179131434282859;0.528859060402685;0.00558525347605676;0.0378573299096737;0.947112149395043;0.364658026520647;0.278878859693442;0.603509418409594;-0.00720712306405578;-0.218678526044869;"Simulation_893.csv";"Gradual"
"883";0.128859060402685;0.322147651006713;1;0.358620689655172;0.4;0.168665567216392;0.528859060402685;0.00681317171298395;0.0381903117715618;0.962909424202634;0.381084412801021;0.246930779510289;0.564048447754733;-0.0103537256083858;-0.223487286680444;"Simulation_894.csv";"Gradual"
"884";0.120805369127517;0.302013422818792;1;0.36551724137931;0.4;0.169345477261369;0.520805369127517;0.00550439467921839;0.0364130845716783;0.944337787044263;0.369860622941749;0.295975667264342;0.550344951029518;-0.00967217891589054;-0.231756806209461;"Simulation_895.csv";"Gradual"
"885";0.116778523489933;0.291946308724832;1;0.372413793103448;0.4;0.16466011994003;0.516778523489933;0.00580182977909618;0.0359961456512238;0.953027334523102;0.374345413629921;0.2750875134294;0.593300876875326;-0.00795339896512139;-0.233666517031289;"Simulation_896.csv";"Gradual"
"886";0.112751677852349;0.281879194630872;1;0.379310344827586;0.4;0.160666116941529;0.512751677852349;0.00582572238991164;0.0363311889932984;0.954815678378297;0.382071266743839;0.310431395327972;0.620285514600664;-0.00403294852097574;-0.239128802657622;"Simulation_897.csv";"Gradual"
"887";0.104697986577181;0.261744966442952;1;0.386206896551724;0.4;0.153404197901049;0.504697986577181;0.00557862997238709;0.0355277753496503;0.952652789048255;0.387908528134464;0.350841210834469;0.626351340384622;0.0010819568120114;-0.249524463757211;"Simulation_898.csv";"Gradual"
"888";0.100671140939597;0.251677852348992;1;0.393103448275862;0.4;0.151165367316342;0.500671140939597;0.00557539280925669;0.0347050325976107;0.955457360247364;0.384864943510296;0.284453140834198;0.615465330847287;-0.00262308007854028;-0.249038978591077;"Simulation_899.csv";"Gradual"
"889";0.245637583892617;0.614093959731542;0.01;0.255172413793103;0.4;0.746931084457771;0.645637583892617;0.00529149726196313;0.0152583424388112;0.74776951519938;0.0735007558363017;0.966609480502309;0.723297030835621;0.0267871536152157;0.0771210853278554;"Simulation_9.csv";"Abrupt"
"890";0.14496644295302;0.36241610738255;0.0782758620689655;0.4;0.4;0.639542578710645;0.54496644295302;0.00710083559497941;0.0237140670527389;0.880167442013737;0.134123490231472;0.864127309664373;1.56534929067323;0.0674009876477975;0.0708524297363219;"Simulation_90.csv";"Abrupt"
"891";0.096644295302013;0.241610738255033;1;0.4;0.4;0.146089555222389;0.496644295302013;0.00560661625689452;0.0338959726471445;0.955736040634141;0.38496942658328;0.206425693492214;0.564124217773724;-0.0119227663822412;-0.25699293331685;"Simulation_900.csv";"Gradual"
"892";0.261744966442953;0.654362416107382;0.112413793103448;0.2;0.4;0.72502423788106;0.661744966442953;0.00551234589184898;0.0158995292467949;0.77256891594154;0.0764151710908555;0.938387700926144;0.885529889397786;0.0253693109831508;0.0721781347515698;"Simulation_91.csv";"Abrupt"
"893";0.257718120805369;0.644295302013423;0.112413793103448;0.206896551724138;0.4;0.721786256871564;0.657718120805369;0.00523477850839785;0.0165992979676573;0.758045656884668;0.0801296964563933;0.910616526229974;0.900287265554152;0.0337518239982681;0.0735657298734423;"Simulation_92.csv";"Gradual"
"894";0.253691275167785;0.634228187919462;0.112413793103448;0.213793103448276;0.4;0.718864117941029;0.653691275167785;0.00546572061434565;0.0170440623178904;0.780945564968674;0.0827465200764591;0.88729050778956;0.931694753561512;0.0280202063479014;0.072486119037199;"Simulation_93.csv";"Abrupt"
"895";0.249664429530201;0.624161073825502;0.112413793103448;0.220689655172414;0.4;0.716209095452274;0.649664429530201;0.00536754387326124;0.0170518056162587;0.769498457800835;0.0834383033748053;0.884440518380469;0.956443580804439;0.0210099597028507;0.0716067478442456;"Simulation_94.csv";"Gradual"
"896";0.245637583892617;0.614093959731542;0.112413793103448;0.227586206896552;0.4;0.713288405797101;0.645637583892617;0.00571117374164421;0.0175674879807692;0.796961021642881;0.0873090633657035;0.890507194436314;0.973788562999402;0.0301844033754394;0.0760709419766426;"Simulation_95.csv";"Gradual"
"897";0.23758389261745;0.593959731543625;0.112413793103448;0.23448275862069;0.4;0.710429085457271;0.63758389261745;0.0060385820863174;0.0174234793851981;0.820825473717067;0.0866829993145736;0.859173835213318;0.945529329179029;0.0293859858752119;0.0823689576947101;"Simulation_96.csv";"Abrupt"
"898";0.233557046979866;0.583892617449665;0.112413793103448;0.241379310344828;0.4;0.706568665667166;0.633557046979866;0.00531408813143569;0.017642212995338;0.760021090308084;0.0884940066810132;0.903488917900097;0.969062430115806;0.0288551043632662;0.0842385174771035;"Simulation_97.csv";"Abrupt"
"899";0.229530201342282;0.573825503355705;0.112413793103448;0.248275862068966;0.4;0.703614992503748;0.629530201342282;0.00558759475198799;0.0177898246284965;0.786230778463241;0.0892804035749502;0.893065197701188;1.01113153246752;0.037313967183782;0.0812714383457344;"Simulation_98.csv";"Abrupt"
"900";0.225503355704698;0.563758389261745;0.112413793103448;0.255172413793103;0.4;0.699218490754623;0.625503355704698;0.00552748296433734;0.0183066114874709;0.777890685132313;0.0941293969299569;0.823223200744427;1.02080861953314;0.0248886569330349;0.0839035331683899;"Simulation_99.csv";"Gradual"
