"Site_ID";"Dataset";"Image_size";"Site";"Image";"Field_cover";"Image_cover";"Status";"Keep_inference";"Web_source";"moran_I";"Cos_longitude";"Sin_longitude";"Longitude";"Lattitude";"Elevation";"Slope";"Aridity";"Mean_Dist";"Median_Dist";"Mean_NDVI";"SD_NDVI";"SD_NDVI_no_detrend";"Slope_NDVI";"EWS_AC_2000_2023";"EWS_SD_2000_2023";"Slope_AC_2000_2023";"Slope_SD_2000_2023";"Timescale_SPEI";"Correlation_NDVI_SPEI";"Temporal_stability_2000_2023";"Temporal_stability_2000_2023_no_detrend";"Mean_NDVI_2000_2023";"SD_NDVI_2000_2023_no_detrend";"SD_NDVI_2000_2023";"Slope_NDVI_2000_2023";"pval_Slope_AC_NDVI_2000_2023";"Resistance_month_drought";"Resistance_month_wetness";"Drought_frequency_month";"Drought_intensity_mean_month";"Drought_intensity_max_month";"Wetness_frequency";"Wetness_intensity_mean_month";"Wetness_intensity_max_month";"Wet_frequency_all";"Wet_duration_all";"Wet_intensity_mean_all";"Wet_intensity_max_all";"Wet_frequency_extreme";"Wet_duration_extreme";"Wet_intensity_mean_extreme";"Wet_intensity_max_extreme";"Drought_frequency_all";"Drought_duration_all";"Drought_intensity_mean_all";"Drought_intensity_max_all";"Drought_frequency_extreme";"Drought_duration_extreme";"Drought_intensity_mean_extreme";"Drought_intensity_max_extreme";"Recovery_drought";"Drought_duration_recovery";"Drought_intensity_mean_recovery";"Drought_intensity_max_recovery";"Recovery_wetness";"Wetness_duration_recovery";"Wetness_intensity_mean_recovery";"Wetness_intensity_max_recovery";"AC_mean";"SD_mean";"MAP_current";"MAT_current"
"1";"biocom_50_101";"biocom";"50";101;3;0.060775;0.224168981410824;"kept";"unimod";"bing";0.145450321603785;0.916096141827766;-0.400958674838545;-100.943528;23.601688;44.4409720865779;1.25276296849537;0.7894;0.0115761585776102;0.0106070045888615;NA;NA;NA;NA;-0.429397743524551;0.68659356957466;-0.000383749247969392;2.7162961121372e-05;2;0.684803692405424;18.2957537469151;4.23723880224066;0.0689793572770452;0.00377023861554084;0.0162793178521279;0.267592664248849;1.39656696876814e-36;1.22645873931626;1.75411720794433;0.254545454545455;1.19525697941963;1.90132999420166;0.269090909090909;1.02961011554884;1.7960159778595;4.58257569495584;0.788039718240221;0.544217516323792;1.64189253143362;2.7592278695768;0.497997834943236;1.10918848682537;1.83490587274234;15;0.551912256271121;0.627967382995139;1.72685516435046;5.34753955386447;0.325400619257649;1.59764648675919;1.65182558298111;0.53783171624145;1.73460105538811;-0.882561547336755;-1.58249425888062;1.09861228866811;1.00330210886378;1.02167474834079;1.7473976503719;0.385393741151833;0.0241690324507154;359;17.1
"2";"biocom_50_101";"biocom";"50";101;1;0.060775;0.273129635847502;"kept";"unimod";"bing";0.211311023391942;0.916096141827766;-0.400958674838545;-100.943528;23.601688;44.4409720865779;1.25276296849537;0.7894;0.0123946839361061;0.012596204650313;NA;NA;NA;NA;-0.429397743524551;0.68659356957466;-0.000383749247969392;2.7162961121372e-05;2;0.684803692405424;18.2957537469151;4.23723880224066;0.0689793572770452;0.00377023861554084;0.0162793178521279;0.267592664248849;1.39656696876814e-36;1.22645873931626;1.75411720794433;0.254545454545455;1.19525697941963;1.90132999420166;0.269090909090909;1.02961011554884;1.7960159778595;4.58257569495584;0.788039718240221;0.544217516323792;1.64189253143362;2.7592278695768;0.497997834943236;1.10918848682537;1.83490587274234;15;0.551912256271121;0.627967382995139;1.72685516435046;5.34753955386447;0.325400619257649;1.59764648675919;1.65182558298111;0.53783171624145;1.73460105538811;-0.882561547336755;-1.58249425888062;1.09861228866811;1.00330210886378;1.02167474834079;1.7473976503719;0.385393741151833;0.0241690324507154;359;17.1
"3";"biocom_50_101";"biocom";"50";101;2;0.060775;0.277586154268795;"kept";"unimod";"bing";0.190649146883222;0.916096141827766;-0.400958674838545;-100.943528;23.601688;44.4409720865779;1.25276296849537;0.7894;0.0115069352219794;0.0114598743442465;NA;NA;NA;NA;-0.429397743524551;0.68659356957466;-0.000383749247969392;2.7162961121372e-05;2;0.684803692405424;18.2957537469151;4.23723880224066;0.0689793572770452;0.00377023861554084;0.0162793178521279;0.267592664248849;1.39656696876814e-36;1.22645873931626;1.75411720794433;0.254545454545455;1.19525697941963;1.90132999420166;0.269090909090909;1.02961011554884;1.7960159778595;4.58257569495584;0.788039718240221;0.544217516323792;1.64189253143362;2.7592278695768;0.497997834943236;1.10918848682537;1.83490587274234;15;0.551912256271121;0.627967382995139;1.72685516435046;5.34753955386447;0.325400619257649;1.59764648675919;1.65182558298111;0.53783171624145;1.73460105538811;-0.882561547336755;-1.58249425888062;1.09861228866811;1.00330210886378;1.02167474834079;1.7473976503719;0.385393741151833;0.0241690324507154;359;17.1
"4";"biocom_50_114";"biocom";"50";114;3;0.166149425287356;0.197162042936967;"kept";"unimod";"bing";0.550929580021256;-0.973229332403313;0.229836173283934;-3.373502;33.976574;27.8567765543682;2.95751106073379;0.8004;0.00796899931326564;0.00711752031795349;NA;NA;NA;NA;-0.345558557126966;-0.51669050267493;-0.000512748024414983;-1.56357644250856e-05;23;0.838887805934328;15.2347842643512;2.79188089641978;0.0270154974160032;0.00177327732032402;0.00967645054294653;-0.246460001892153;4.94347375476734e-21;1.27394860198766;2.27645845295501;0.410909090909091;1.25714158464451;2.15641975402832;0.181818181818182;1.135882422328;1.64417219161987;2.23606797749979;3.98538896360698;0.324995906400745;1.9074334949255;0.743491774985175;2.69405464533705;1.36175313445579;2.35780734062195;8;0.821094809036689;2.01771106896864;1.78789774785962;3.2798728979856;1.52666431069886;1.81234176592393;1.94458532333374;1.75480019260307;2.80336038090653;-1.03861836865544;-1.41108268499374;1.38629436111989;2.79320800944252;1.2913841098375;1.67570618788401;0.595747098531479;0.00821163404155678;265;16
"5";"biocom_50_114";"biocom";"50";114;1;0.166149425287356;0.193559454955397;"kept";"unimod";"bing";0.526739894152004;-0.973229332403313;0.229836173283934;-3.373502;33.976574;27.8567765543682;2.95751106073379;0.8004;0.00695775055780337;0.00599504199444501;NA;NA;NA;NA;-0.345558557126966;-0.51669050267493;-0.000512748024414983;-1.56357644250856e-05;23;0.838887805934328;15.2347842643512;2.79188089641978;0.0270154974160032;0.00177327732032402;0.00967645054294653;-0.246460001892153;4.94347375476734e-21;1.27394860198766;2.27645845295501;0.410909090909091;1.25714158464451;2.15641975402832;0.181818181818182;1.135882422328;1.64417219161987;2.23606797749979;3.98538896360698;0.324995906400745;1.9074334949255;0.743491774985175;2.69405464533705;1.36175313445579;2.35780734062195;8;0.821094809036689;2.01771106896864;1.78789774785962;3.2798728979856;1.52666431069886;1.81234176592393;1.94458532333374;1.75480019260307;2.80336038090653;-1.03861836865544;-1.41108268499374;1.38629436111989;2.79320800944252;1.2913841098375;1.67570618788401;0.595747098531479;0.00821163404155678;265;16
"6";"biocom_50_114";"biocom";"50";114;2;0.166149425287356;0.211082246838545;"kept";"unimod";"bing";0.595264143007912;-0.973229332403313;0.229836173283934;-3.373502;33.976574;27.8567765543682;2.95751106073379;0.8004;0.00674069459436373;0.00627346895977698;NA;NA;NA;NA;-0.345558557126966;-0.51669050267493;-0.000512748024414983;-1.56357644250856e-05;23;0.838887805934328;15.2347842643512;2.79188089641978;0.0270154974160032;0.00177327732032402;0.00967645054294653;-0.246460001892153;4.94347375476734e-21;1.27394860198766;2.27645845295501;0.410909090909091;1.25714158464451;2.15641975402832;0.181818181818182;1.135882422328;1.64417219161987;2.23606797749979;3.98538896360698;0.324995906400745;1.9074334949255;0.743491774985175;2.69405464533705;1.36175313445579;2.35780734062195;8;0.821094809036689;2.01771106896864;1.78789774785962;3.2798728979856;1.52666431069886;1.81234176592393;1.94458532333374;1.75480019260307;2.80336038090653;-1.03861836865544;-1.41108268499374;1.38629436111989;2.79320800944252;1.2913841098375;1.67570618788401;0.595747098531479;0.00821163404155678;265;16
"7";"biocom_50_115";"biocom";"50";115;2;0.365833333333333;0.401441432696741;"kept";"unimod";"bing";0.61592975601615;-0.878889864578091;0.477024743532141;-3.638859;34.473045;29.4448637286709;1.6094379124341;0.6846;0.0142039257367577;0.010781220950732;NA;NA;NA;NA;0.02238466020446;-0.363123046771545;0.000133154490358305;-3.45066940999277e-06;21;0.716692695180365;41.8540529298698;3.09828242893885;0.0217569881260152;0.000519829899447753;0.00702227399374526;-0.259530492889157;0.00123637098366256;1.74638408094077;2.23148423637825;0.4;1.35080338066274;2.24196696281433;0.218181818181818;1.2382397154967;1.85500860214233;2;3.9071578290769;0.538765558338418;2.06156222971659;1.22865469807759;2.53400597030067;1.55917227613817;2.3753483692805;7;0.931505630784046;2.48457750788316;1.98045723191623;2.539291416276;1.66797722060207;1.88859104591867;2.1094477902288;1.89864830730607;1.94591014905531;-1.11079977618323;-1.33270382881165;1.6094379124341;2.96183072187831;1.27445099700613;1.78545737266541;0.376789757340167;0.00352126691549627;401;15.5
"8";"biocom_50_115";"biocom";"50";115;1;0.365833333333333;0.412361377369021;"kept";"unimod";"bing";0.539469750081178;-0.878889864578091;0.477024743532141;-3.638859;34.473045;29.4448637286709;1.6094379124341;0.6846;0.0503240574183365;0.0243413119684835;NA;NA;NA;NA;0.02238466020446;-0.363123046771545;0.000133154490358305;-3.45066940999277e-06;21;0.716692695180365;41.8540529298698;3.09828242893885;0.0217569881260152;0.000519829899447753;0.00702227399374526;-0.259530492889157;0.00123637098366256;1.74638408094077;2.23148423637825;0.4;1.35080338066274;2.24196696281433;0.218181818181818;1.2382397154967;1.85500860214233;2;3.9071578290769;0.538765558338418;2.06156222971659;1.22865469807759;2.53400597030067;1.55917227613817;2.3753483692805;7;0.931505630784046;2.48457750788316;1.98045723191623;2.539291416276;1.66797722060207;1.88859104591867;2.1094477902288;1.89864830730607;1.94591014905531;-1.11079977618323;-1.33270382881165;1.6094379124341;2.96183072187831;1.27445099700613;1.78545737266541;0.376789757340167;0.00352126691549627;401;15.5
"9";"biocom_50_115";"biocom";"50";115;3;0.365833333333333;0.366740275182606;"kept";"unimod";"bing";0.687399758639601;-0.878889864578091;0.477024743532141;-3.638859;34.473045;29.4448637286709;1.6094379124341;0.6846;0.0087568048338162;0.006593912691019;NA;NA;NA;NA;0.02238466020446;-0.363123046771545;0.000133154490358305;-3.45066940999277e-06;21;0.716692695180365;41.8540529298698;3.09828242893885;0.0217569881260152;0.000519829899447753;0.00702227399374526;-0.259530492889157;0.00123637098366256;1.74638408094077;2.23148423637825;0.4;1.35080338066274;2.24196696281433;0.218181818181818;1.2382397154967;1.85500860214233;2;3.9071578290769;0.538765558338418;2.06156222971659;1.22865469807759;2.53400597030067;1.55917227613817;2.3753483692805;7;0.931505630784046;2.48457750788316;1.98045723191623;2.539291416276;1.66797722060207;1.88859104591867;2.1094477902288;1.89864830730607;1.94591014905531;-1.11079977618323;-1.33270382881165;1.6094379124341;2.96183072187831;1.27445099700613;1.78545737266541;0.376789757340167;0.00352126691549627;401;15.5
"10";"biocom_50_118";"biocom";"50";118;3;0.332083333333333;0.314175391698225;"kept";"unimod";"bing";0.329037587030407;-0.881249340479043;0.472651668679221;-3.63389;33.872473;31.6385840391128;2.11021320034659;0.7655;0.0553415662686014;0.055207674125433;NA;NA;NA;NA;-0.0395465861539276;-0.237650299274326;4.37595816014536e-05;-3.41949166103143e-06;20;0.846806689714726;34.4499280324451;4.74259748511754;0.0352992012094534;0.00102465239335793;0.00744301014796715;-0.17291743122128;0.213389701019346;1.48171352981218;1.46948727565481;0.370909090909091;1.31921946020687;2.28958487510681;0.189090909090909;1.14235497266054;1.79154467582703;2.23606797749979;4.12538322823994;0.287459982603198;1.75757096048261;1.59753955386447;2.16385950320638;0.899242389794799;1.94786758314479;10;0.738794142830885;2.01190375757958;1.78492518191068;3.99120339078684;1.28972151524485;1.80561348464754;1.95148891210556;0.296119205244061;2.63905732961526;-1.31318174473692;-1.70228950182597;1.25276296849537;3.17805383034795;1.20539248549067;1.71672344207764;0.412739006003329;0.00518929374512548;307;14.9
"11";"biocom_50_118";"biocom";"50";118;2;0.332083333333333;0.325808767109725;"kept";"unimod";"bing";0.319106039264064;-0.881249340479043;0.472651668679221;-3.63389;33.872473;31.6385840391128;2.11021320034659;0.7655;0.0598909121499677;0.059136587255409;NA;NA;NA;NA;-0.0395465861539276;-0.237650299274326;4.37595816014536e-05;-3.41949166103143e-06;20;0.846806689714726;34.4499280324451;4.74259748511754;0.0352992012094534;0.00102465239335793;0.00744301014796715;-0.17291743122128;0.213389701019346;1.48171352981218;1.46948727565481;0.370909090909091;1.31921946020687;2.28958487510681;0.189090909090909;1.14235497266054;1.79154467582703;2.23606797749979;4.12538322823994;0.287459982603198;1.75757096048261;1.59753955386447;2.16385950320638;0.899242389794799;1.94786758314479;10;0.738794142830885;2.01190375757958;1.78492518191068;3.99120339078684;1.28972151524485;1.80561348464754;1.95148891210556;0.296119205244061;2.63905732961526;-1.31318174473692;-1.70228950182597;1.25276296849537;3.17805383034795;1.20539248549067;1.71672344207764;0.412739006003329;0.00518929374512548;307;14.9
"12";"biocom_50_118";"biocom";"50";118;1;0.332083333333333;0.302641023737036;"kept";"unimod";"bing";0.307734399469254;-0.881249340479043;0.472651668679221;-3.63389;33.872473;31.6385840391128;2.11021320034659;0.7655;0.0228629711466878;0.02250166196926;NA;NA;NA;NA;-0.0395465861539276;-0.237650299274326;4.37595816014536e-05;-3.41949166103143e-06;20;0.846806689714726;34.4499280324451;4.74259748511754;0.0352992012094534;0.00102465239335793;0.00744301014796715;-0.17291743122128;0.213389701019346;1.48171352981218;1.46948727565481;0.370909090909091;1.31921946020687;2.28958487510681;0.189090909090909;1.14235497266054;1.79154467582703;2.23606797749979;4.12538322823994;0.287459982603198;1.75757096048261;1.59753955386447;2.16385950320638;0.899242389794799;1.94786758314479;10;0.738794142830885;2.01190375757958;1.78492518191068;3.99120339078684;1.28972151524485;1.80561348464754;1.95148891210556;0.296119205244061;2.63905732961526;-1.31318174473692;-1.70228950182597;1.25276296849537;3.17805383034795;1.20539248549067;1.71672344207764;0.412739006003329;0.00518929374512548;307;14.9
"13";"biocom_50_119";"biocom";"50";119;2;0.259583333333333;0.27980099990197;"kept";"unimod";"bing";0.428114930467057;-0.914243966116197;0.405164127755811;-3.558751;33.932621;26.944387170615;2.46385324059017;0.7838;0.025535806877374;0.025656470295136;NA;NA;NA;NA;-0.166862651623497;-0.363377297526352;-0.000206942082809936;-3.67545396398266e-06;23;0.843451698800293;21.9973756242615;3.87812387318686;0.0170600949326412;0.000775551375948011;0.00439905879505133;-0.0875918342526471;2.71196931380171e-08;1.4661046377175;1.44634872187089;0.421818181818182;1.30581056944867;1.97710061073303;0.196363636363636;1.12283232808113;1.37945258617401;1.73205080756888;4.12965657685808;0.417632224091061;1.98028678353876;1.59753955386447;2.07630749595271;1.31368668486511;2.25367891291777;8;0.774489420206119;1.96288448805833;1.72252550878023;3.99120339078684;1.20162144955645;1.72888359569368;1.80468722752162;1.70400645604229;2.42774823594805;-0.951086913832487;-1.28054674466451;1.79175946922805;3.29583686600433;1.36470108279368;1.89494878053665;0.400967700557709;0.00356413715873136;289;16.3
"14";"biocom_50_119";"biocom";"50";119;3;0.259583333333333;0.245221056759141;"kept";"unimod";"bing";0.495153629438875;-0.914243966116197;0.405164127755811;-3.558751;33.932621;26.944387170615;2.46385324059017;0.7838;0.0108831630813056;0.0102234617483165;NA;NA;NA;NA;-0.166862651623497;-0.363377297526352;-0.000206942082809936;-3.67545396398266e-06;23;0.843451698800293;21.9973756242615;3.87812387318686;0.0170600949326412;0.000775551375948011;0.00439905879505133;-0.0875918342526471;2.71196931380171e-08;1.4661046377175;1.44634872187089;0.421818181818182;1.30581056944867;1.97710061073303;0.196363636363636;1.12283232808113;1.37945258617401;1.73205080756888;4.12965657685808;0.417632224091061;1.98028678353876;1.59753955386447;2.07630749595271;1.31368668486511;2.25367891291777;8;0.774489420206119;1.96288448805833;1.72252550878023;3.99120339078684;1.20162144955645;1.72888359569368;1.80468722752162;1.70400645604229;2.42774823594805;-0.951086913832487;-1.28054674466451;1.79175946922805;3.29583686600433;1.36470108279368;1.89494878053665;0.400967700557709;0.00356413715873136;289;16.3
"15";"biocom_50_119";"biocom";"50";119;1;0.259583333333333;0.265934011534368;"kept";"unimod";"bing";0.42110389215018;-0.914243966116197;0.405164127755811;-3.558751;33.932621;26.944387170615;2.46385324059017;0.7838;0.0118580565960588;0.010580847099417;NA;NA;NA;NA;-0.166862651623497;-0.363377297526352;-0.000206942082809936;-3.67545396398266e-06;23;0.843451698800293;21.9973756242615;3.87812387318686;0.0170600949326412;0.000775551375948011;0.00439905879505133;-0.0875918342526471;2.71196931380171e-08;1.4661046377175;1.44634872187089;0.421818181818182;1.30581056944867;1.97710061073303;0.196363636363636;1.12283232808113;1.37945258617401;1.73205080756888;4.12965657685808;0.417632224091061;1.98028678353876;1.59753955386447;2.07630749595271;1.31368668486511;2.25367891291777;8;0.774489420206119;1.96288448805833;1.72252550878023;3.99120339078684;1.20162144955645;1.72888359569368;1.80468722752162;1.70400645604229;2.42774823594805;-0.951086913832487;-1.28054674466451;1.79175946922805;3.29583686600433;1.36470108279368;1.89494878053665;0.400967700557709;0.00356413715873136;289;16.3
"16";"biocom_50_12";"biocom";"50";12;2;0.0834719972694023;0.210022675736961;"kept";"unimod";"bing";0.382802724827718;0.484489883523191;0.874796863713905;-68.050022;-37.549969;21.9317121994613;0.405465108108164;0.8647;0.0146131218066294;0.0147338252439509;NA;NA;NA;NA;0.314455214788919;0.225785264050003;0.000358985164499673;8.63815212502462e-06;4;0.809212403946933;16.3653076375963;3.76021628786433;0.0508824666506374;0.00310916652331939;0.0135317925234394;0.0577155835619057;4.79736932531043e-27;1.15183788484435;1.8976228730654;0.298181818181818;1.26462214163371;2.14706754684448;0.203636363636364;1.23633526904242;1.61104881763458;3.87298334620742;1.72725882437828;0.383073012769365;1.62843185663223;2.57858283255199;0.812394872198141;0.927083342032981;1.78285771210988;11;0.670360248278213;1.01452712147392;1.75628076791763;3.99120339078684;1.07973659158442;1.67770367860794;1.80731354653835;0.592134573600723;1.70474809223843;-1.02225119109369;-1.54179096221924;2.22462355152433;1.6094379124341;1.04337882294009;1.55515113472939;0.657037785866535;0.0125535591469948;194;14.4
"17";"biocom_50_12";"biocom";"50";12;3;0.0834719972694023;0.181541950113379;"kept";"unimod";"bing";0.472409334677146;0.484489883523191;0.874796863713905;-68.050022;-37.549969;21.9317121994613;0.405465108108164;0.8647;0.00946034226636104;0.00892083591778098;NA;NA;NA;NA;0.314455214788919;0.225785264050003;0.000358985164499673;8.63815212502462e-06;4;0.809212403946933;16.3653076375963;3.76021628786433;0.0508824666506374;0.00310916652331939;0.0135317925234394;0.0577155835619057;4.79736932531043e-27;1.15183788484435;1.8976228730654;0.298181818181818;1.26462214163371;2.14706754684448;0.203636363636364;1.23633526904242;1.61104881763458;3.87298334620742;1.72725882437828;0.383073012769365;1.62843185663223;2.57858283255199;0.812394872198141;0.927083342032981;1.78285771210988;11;0.670360248278213;1.01452712147392;1.75628076791763;3.99120339078684;1.07973659158442;1.67770367860794;1.80731354653835;0.592134573600723;1.70474809223843;-1.02225119109369;-1.54179096221924;2.22462355152433;1.6094379124341;1.04337882294009;1.55515113472939;0.657037785866535;0.0125535591469948;194;14.4
"18";"biocom_50_12";"biocom";"50";12;1;0.0834719972694023;0.157233560090703;"kept";"unimod";"bing";0.429212341478763;0.484489883523191;0.874796863713905;-68.050022;-37.549969;21.9317121994613;0.405465108108164;0.8647;0.00910320322811876;0.00913305505379203;NA;NA;NA;NA;0.314455214788919;0.225785264050003;0.000358985164499673;8.63815212502462e-06;4;0.809212403946933;16.3653076375963;3.76021628786433;0.0508824666506374;0.00310916652331939;0.0135317925234394;0.0577155835619057;4.79736932531043e-27;1.15183788484435;1.8976228730654;0.298181818181818;1.26462214163371;2.14706754684448;0.203636363636364;1.23633526904242;1.61104881763458;3.87298334620742;1.72725882437828;0.383073012769365;1.62843185663223;2.57858283255199;0.812394872198141;0.927083342032981;1.78285771210988;11;0.670360248278213;1.01452712147392;1.75628076791763;3.99120339078684;1.07973659158442;1.67770367860794;1.80731354653835;0.592134573600723;1.70474809223843;-1.02225119109369;-1.54179096221924;2.22462355152433;1.6094379124341;1.04337882294009;1.55515113472939;0.657037785866535;0.0125535591469948;194;14.4
"19";"biocom_50_121";"biocom";"50";121;3;0.284583333333333;0.313572277900459;"kept";"unimod";"bing";0.417286905635788;-0.963226009593731;0.268692490483338;-3.413628;34.633215;27.495454169735;3.04452243772342;0.7293;0.0172908376980903;0.0159815449032795;NA;NA;NA;NA;-0.210487843635786;-0.593495418189523;-0.000183281065428014;-1.4413201581561e-05;9;0.761105660316679;24.3140029674703;3.3601207108081;0.0253794266177708;0.00104381934359907;0.0075531294266113;-0.22524772999384;8.20097704974698e-09;1.41275516395584;1.75212088315814;0.363636363636364;1.3454003922823;2.51566982269287;0.178181818181818;1.21883364915848;1.96705305576324;3.46410161513775;2.11499204291462;0.382846208122865;1.79022074870343;2.15484540552628;1.48660077479215;1.55127795942802;2.26022050115797;12;0.594521222018144;2.39693091301297;1.87316061234942;3.2798728979856;1.33873400152912;1.94693152606487;2.20059705525637;1.98827118771579;1.99243016469021;-1.11357760251396;-1.78303498029709;1.55814461804655;2.01490302054226;1.3088961400261;1.92244410514832;0.694618428458771;0.00588284074616015;339;15.9
"20";"biocom_50_121";"biocom";"50";121;1;0.284583333333333;0.271202892572011;"kept";"unimod";"bing";0.393667950437334;-0.963226009593731;0.268692490483338;-3.413628;34.633215;27.495454169735;3.04452243772342;0.7293;0.0148795511370852;0.014395169469839;NA;NA;NA;NA;-0.210487843635786;-0.593495418189523;-0.000183281065428014;-1.4413201581561e-05;9;0.761105660316679;24.3140029674703;3.3601207108081;0.0253794266177708;0.00104381934359907;0.0075531294266113;-0.22524772999384;8.20097704974698e-09;1.41275516395584;1.75212088315814;0.363636363636364;1.3454003922823;2.51566982269287;0.178181818181818;1.21883364915848;1.96705305576324;3.46410161513775;2.11499204291462;0.382846208122865;1.79022074870343;2.15484540552628;1.48660077479215;1.55127795942802;2.26022050115797;12;0.594521222018144;2.39693091301297;1.87316061234942;3.2798728979856;1.33873400152912;1.94693152606487;2.20059705525637;1.98827118771579;1.99243016469021;-1.11357760251396;-1.78303498029709;1.55814461804655;2.01490302054226;1.3088961400261;1.92244410514832;0.694618428458771;0.00588284074616015;339;15.9
"21";"biocom_50_121";"biocom";"50";121;2;0.284583333333333;0.32009323337178;"kept";"unimod";"bing";0.534838709268514;-0.963226009593731;0.268692490483338;-3.413628;34.633215;27.495454169735;3.04452243772342;0.7293;0.0106482067407799;0.00908208230785601;NA;NA;NA;NA;-0.210487843635786;-0.593495418189523;-0.000183281065428014;-1.4413201581561e-05;9;0.761105660316679;24.3140029674703;3.3601207108081;0.0253794266177708;0.00104381934359907;0.0075531294266113;-0.22524772999384;8.20097704974698e-09;1.41275516395584;1.75212088315814;0.363636363636364;1.3454003922823;2.51566982269287;0.178181818181818;1.21883364915848;1.96705305576324;3.46410161513775;2.11499204291462;0.382846208122865;1.79022074870343;2.15484540552628;1.48660077479215;1.55127795942802;2.26022050115797;12;0.594521222018144;2.39693091301297;1.87316061234942;3.2798728979856;1.33873400152912;1.94693152606487;2.20059705525637;1.98827118771579;1.99243016469021;-1.11357760251396;-1.78303498029709;1.55814461804655;2.01490302054226;1.3088961400261;1.92244410514832;0.694618428458771;0.00588284074616015;339;15.9
"22";"biocom_50_122";"biocom";"50";122;2;0.112083333333333;0.0861207227989235;"kept";"unimod";"bing";0.547757449370192;-0.948185082102985;0.317718507609102;-3.464915;34.625548;30.364452901378;2.86220088092947;0.6891;0.00555843813675564;0.005081456514551;NA;NA;NA;NA;-0.316722284019281;-0.492642618782774;-0.000599713291351909;-3.38339946788788e-05;24;0.852065921740184;16.1160876496731;2.2926408309587;0.042597453590983;0.00264316343500694;0.0185800815442906;-0.263774205732777;3.18948926120387e-21;1.19083477979323;1.07633010898576;0.407272727272727;1.33300279737801;2.04032349586487;0.196363636363636;0.911515994866689;1.23197507858276;2.23606797749979;3.75533508077614;0.389659346046492;1.78347028512508;1.22865469807759;2.05325576790561;1.47672903507049;2.288454822872;10;0.72710222110508;1.73522385539831;1.69518256613186;2.539291416276;1.72577215093608;1.73299784764;1.92682459561721;2.37886580797276;1.94591014905531;-0.907976942402976;-1.12806212902069;1.94591014905531;3.25809653802148;1.86942667652059;2.48915481567383;0.696607629770812;0.014271426244002;385;14.7
"23";"biocom_50_122";"biocom";"50";122;1;0.112083333333333;0.13487344997452;"kept";"unimod";"bing";0.383527753990914;-0.948185082102985;0.317718507609102;-3.464915;34.625548;30.364452901378;2.86220088092947;0.6891;0.0108728186628528;0.0103457792726989;NA;NA;NA;NA;-0.316722284019281;-0.492642618782774;-0.000599713291351909;-3.38339946788788e-05;24;0.852065921740184;16.1160876496731;2.2926408309587;0.042597453590983;0.00264316343500694;0.0185800815442906;-0.263774205732777;3.18948926120387e-21;1.19083477979323;1.07633010898576;0.407272727272727;1.33300279737801;2.04032349586487;0.196363636363636;0.911515994866689;1.23197507858276;2.23606797749979;3.75533508077614;0.389659346046492;1.78347028512508;1.22865469807759;2.05325576790561;1.47672903507049;2.288454822872;10;0.72710222110508;1.73522385539831;1.69518256613186;2.539291416276;1.72577215093608;1.73299784764;1.92682459561721;2.37886580797276;1.94591014905531;-0.907976942402976;-1.12806212902069;1.94591014905531;3.25809653802148;1.86942667652059;2.48915481567383;0.696607629770812;0.014271426244002;385;14.7
"24";"biocom_50_122";"biocom";"50";122;3;0.112083333333333;0.107767720643549;"kept";"unimod";"bing";0.372122014938749;-0.948185082102985;0.317718507609102;-3.464915;34.625548;30.364452901378;2.86220088092947;0.6891;0.0100580627605252;0.0100156125661469;NA;NA;NA;NA;-0.316722284019281;-0.492642618782774;-0.000599713291351909;-3.38339946788788e-05;24;0.852065921740184;16.1160876496731;2.2926408309587;0.042597453590983;0.00264316343500694;0.0185800815442906;-0.263774205732777;3.18948926120387e-21;1.19083477979323;1.07633010898576;0.407272727272727;1.33300279737801;2.04032349586487;0.196363636363636;0.911515994866689;1.23197507858276;2.23606797749979;3.75533508077614;0.389659346046492;1.78347028512508;1.22865469807759;2.05325576790561;1.47672903507049;2.288454822872;10;0.72710222110508;1.73522385539831;1.69518256613186;2.539291416276;1.72577215093608;1.73299784764;1.92682459561721;2.37886580797276;1.94591014905531;-0.907976942402976;-1.12806212902069;1.94591014905531;3.25809653802148;1.86942667652059;2.48915481567383;0.696607629770812;0.014271426244002;385;14.7
"25";"biocom_50_131";"biocom";"50";131;1;0.18325;0.164544032685371;"kept";"bimod";"bing";0.198267580274926;-0.562971908351247;-0.826476031356842;-71.283812;-16.362427;65.1152823843988;2.14006616349627;0.6927;0.0228247331633626;0.023392441690414;NA;NA;NA;NA;-0.0909899888765295;0.633984850892526;-4.93472382690852e-05;9.56799219397834e-06;2;0.678735774839778;17.3722448402569;4.20159464553461;0.0157202570863966;0.000904906489112324;0.00374149779134545;0.384518308727366;0.130495338125386;1.47009940886089;2.12125723725575;0.283636363636364;1.23374647647142;3.05924010276794;0.225454545454545;1.33529895985568;2.47774577140808;4.47213595499958;1.0067725507142;0.369149984231667;1.63030456188248;2.57858283255199;0.711053000322898;1.23804745962855;1.9859193129973;20;0.161461700730663;1.25512959059015;1.73992049548684;3.99120339078684;0.485597742762829;2.02348461416033;2.22576151953803;1.22865469807759;2.22462355152433;-1.05770833884217;-2.2238162457943;1.17007125265025;1.09861228866811;1.06779045262737;1.70981034967634;0.0278155214104381;0.00461558840748326;334;4.3
"26";"biocom_50_131";"biocom";"50";131;2;0.18325;0.171279006671135;"kept";"unimod";"bing";0.145052359905777;-0.562971908351247;-0.826476031356842;-71.283812;-16.362427;65.1152823843988;2.14006616349627;0.6927;0.0147503838068875;0.0114585896000775;NA;NA;NA;NA;-0.0909899888765295;0.633984850892526;-4.93472382690852e-05;9.56799219397834e-06;2;0.678735774839778;17.3722448402569;4.20159464553461;0.0157202570863966;0.000904906489112324;0.00374149779134545;0.384518308727366;0.130495338125386;1.47009940886089;2.12125723725575;0.283636363636364;1.23374647647142;3.05924010276794;0.225454545454545;1.33529895985568;2.47774577140808;4.47213595499958;1.0067725507142;0.369149984231667;1.63030456188248;2.57858283255199;0.711053000322898;1.23804745962855;1.9859193129973;20;0.161461700730663;1.25512959059015;1.73992049548684;3.99120339078684;0.485597742762829;2.02348461416033;2.22576151953803;1.22865469807759;2.22462355152433;-1.05770833884217;-2.2238162457943;1.17007125265025;1.09861228866811;1.06779045262737;1.70981034967634;0.0278155214104381;0.00461558840748326;334;4.3
"27";"biocom_50_131";"biocom";"50";131;3;0.18325;0.180248332216158;"kept";"unimod";"bing";0.275154952368145;-0.562971908351247;-0.826476031356842;-71.283812;-16.362427;65.1152823843988;2.14006616349627;0.6927;0.00682512203422604;0.005915253792598;NA;NA;NA;NA;-0.0909899888765295;0.633984850892526;-4.93472382690852e-05;9.56799219397834e-06;2;0.678735774839778;17.3722448402569;4.20159464553461;0.0157202570863966;0.000904906489112324;0.00374149779134545;0.384518308727366;0.130495338125386;1.47009940886089;2.12125723725575;0.283636363636364;1.23374647647142;3.05924010276794;0.225454545454545;1.33529895985568;2.47774577140808;4.47213595499958;1.0067725507142;0.369149984231667;1.63030456188248;2.57858283255199;0.711053000322898;1.23804745962855;1.9859193129973;20;0.161461700730663;1.25512959059015;1.73992049548684;3.99120339078684;0.485597742762829;2.02348461416033;2.22576151953803;1.22865469807759;2.22462355152433;-1.05770833884217;-2.2238162457943;1.17007125265025;1.09861228866811;1.06779045262737;1.70981034967634;0.0278155214104381;0.00461558840748326;334;4.3
"31";"biocom_50_134";"biocom";"50";134;3;0.46;0.408803972729568;"kept";"unimod";"bing";0.550922362087325;-0.612829786166624;-0.79021494113119;-2.230433;39.048539;27.8567765543682;1.70474809223843;0.649;0.0382118903843096;0.0266234820854175;NA;NA;NA;NA;-0.0994438264738598;-0.592033476349383;-3.86234167030257e-05;-8.84752718584429e-06;6;0.88765496229989;32.3119262151493;6.73592573802379;0.0703035779451798;0.00217577799222066;0.0104371070405841;0.134540185702243;0.0661428036003288;1.55601159298924;1.79850250812472;0.341818181818182;1.29721512719989;1.94161069393158;0.192727272727273;1.27818114161491;2.39458465576172;3.46410161513775;2.18110890057008;0.231407062257556;1.77349825661916;1.89864830730607;1.38573452376217;0.964828222330983;2.11158371633954;14;0.496433966725911;1.3729760255925;1.63618582725525;3.99120339078684;1.29458428226922;1.68086604695571;1.78740309414111;2.09420237374039;1.83258146374831;-1.04017011572917;-1.47769412398338;1.09861228866811;1.84582669049833;1.02334481924772;1.51990747451782;0.36978630405457;0.0131607111463634;415;13.7
"32";"biocom_50_134";"biocom";"50";134;1;0.46;0.540989815672081;"kept";"unimod";"bing";0.500389774530503;-0.612829786166624;-0.79021494113119;-2.230433;39.048539;27.8567765543682;1.70474809223843;0.649;0.229193448088996;0.232533896330151;NA;NA;NA;NA;-0.0994438264738598;-0.592033476349383;-3.86234167030257e-05;-8.84752718584429e-06;6;0.88765496229989;32.3119262151493;6.73592573802379;0.0703035779451798;0.00217577799222066;0.0104371070405841;0.134540185702243;0.0661428036003288;1.55601159298924;1.79850250812472;0.341818181818182;1.29721512719989;1.94161069393158;0.192727272727273;1.27818114161491;2.39458465576172;3.46410161513775;2.18110890057008;0.231407062257556;1.77349825661916;1.89864830730607;1.38573452376217;0.964828222330983;2.11158371633954;14;0.496433966725911;1.3729760255925;1.63618582725525;3.99120339078684;1.29458428226922;1.68086604695571;1.78740309414111;2.09420237374039;1.83258146374831;-1.04017011572917;-1.47769412398338;1.09861228866811;1.84582669049833;1.02334481924772;1.51990747451782;0.36978630405457;0.0131607111463634;415;13.7
"33";"biocom_50_134";"biocom";"50";134;2;0.46;0.365752041073984;"kept";"unimod";"bing";0.494402266583825;-0.612829786166624;-0.79021494113119;-2.230433;39.048539;27.8567765543682;1.70474809223843;0.649;0.0204641995596694;0.021142947113127;NA;NA;NA;NA;-0.0994438264738598;-0.592033476349383;-3.86234167030257e-05;-8.84752718584429e-06;6;0.88765496229989;32.3119262151493;6.73592573802379;0.0703035779451798;0.00217577799222066;0.0104371070405841;0.134540185702243;0.0661428036003288;1.55601159298924;1.79850250812472;0.341818181818182;1.29721512719989;1.94161069393158;0.192727272727273;1.27818114161491;2.39458465576172;3.46410161513775;2.18110890057008;0.231407062257556;1.77349825661916;1.89864830730607;1.38573452376217;0.964828222330983;2.11158371633954;14;0.496433966725911;1.3729760255925;1.63618582725525;3.99120339078684;1.29458428226922;1.68086604695571;1.78740309414111;2.09420237374039;1.83258146374831;-1.04017011572917;-1.47769412398338;1.09861228866811;1.84582669049833;1.02334481924772;1.51990747451782;0.36978630405457;0.0131607111463634;415;13.7
"34";"biocom_50_135";"biocom";"50";135;3;0.465;0.364089723087282;"kept";"unimod";"bing";0.430881291620491;-0.612961743515575;-0.790112587538224;-2.2306;39.048208;27.9105714739057;1.70474809223843;0.649;0.0395226590457957;0.040693836043887;NA;NA;NA;NA;-0.0994438264738598;-0.592033476349383;-3.86234167030257e-05;-8.84752718584429e-06;6;0.88765496229989;32.3119262151493;6.73592573802379;0.0703035779451798;0.00217577799222066;0.0104371070405841;0.134540185702243;0.0661428036003288;1.55601159298924;1.79850250812472;0.341818181818182;1.29721512719989;1.94161069393158;0.192727272727273;1.27818114161491;2.39458465576172;3.46410161513775;2.18110890057008;0.231407062257556;1.77349825661916;1.89864830730607;1.38573452376217;0.964828222330983;2.11158371633954;14;0.496433966725911;1.3729760255925;1.63618582725525;3.99120339078684;1.29458428226922;1.68086604695571;1.78740309414111;2.09420237374039;1.83258146374831;-1.04017011572917;-1.47769412398338;1.09861228866811;1.84582669049833;1.02334481924772;1.51990747451782;0.36978630405457;0.0131607111463634;415;13.7
"35";"biocom_50_135";"biocom";"50";135;2;0.465;0.467363858261089;"kept";"unimod";"bing";0.480245482747037;-0.612961743515575;-0.790112587538224;-2.2306;39.048208;27.9105714739057;1.70474809223843;0.649;0.132287521870452;0.142271633326494;NA;NA;NA;NA;-0.0994438264738598;-0.592033476349383;-3.86234167030257e-05;-8.84752718584429e-06;6;0.88765496229989;32.3119262151493;6.73592573802379;0.0703035779451798;0.00217577799222066;0.0104371070405841;0.134540185702243;0.0661428036003288;1.55601159298924;1.79850250812472;0.341818181818182;1.29721512719989;1.94161069393158;0.192727272727273;1.27818114161491;2.39458465576172;3.46410161513775;2.18110890057008;0.231407062257556;1.77349825661916;1.89864830730607;1.38573452376217;0.964828222330983;2.11158371633954;14;0.496433966725911;1.3729760255925;1.63618582725525;3.99120339078684;1.29458428226922;1.68086604695571;1.78740309414111;2.09420237374039;1.83258146374831;-1.04017011572917;-1.47769412398338;1.09861228866811;1.84582669049833;1.02334481924772;1.51990747451782;0.36978630405457;0.0131607111463634;415;13.7
"36";"biocom_50_135";"biocom";"50";135;1;0.465;0.374442387004461;"kept";"unimod";"bing";0.484954115500605;-0.612961743515575;-0.790112587538224;-2.2306;39.048208;27.9105714739057;1.70474809223843;0.649;0.0375538156198308;0.0329395126212495;NA;NA;NA;NA;-0.0994438264738598;-0.592033476349383;-3.86234167030257e-05;-8.84752718584429e-06;6;0.88765496229989;32.3119262151493;6.73592573802379;0.0703035779451798;0.00217577799222066;0.0104371070405841;0.134540185702243;0.0661428036003288;1.55601159298924;1.79850250812472;0.341818181818182;1.29721512719989;1.94161069393158;0.192727272727273;1.27818114161491;2.39458465576172;3.46410161513775;2.18110890057008;0.231407062257556;1.77349825661916;1.89864830730607;1.38573452376217;0.964828222330983;2.11158371633954;14;0.496433966725911;1.3729760255925;1.63618582725525;3.99120339078684;1.29458428226922;1.68086604695571;1.78740309414111;2.09420237374039;1.83258146374831;-1.04017011572917;-1.47769412398338;1.09861228866811;1.84582669049833;1.02334481924772;1.51990747451782;0.36978630405457;0.0131607111463634;415;13.7
"40";"biocom_50_137";"biocom";"50";137;3;0.498;0.51283334375847;"kept";"unimod";"google";0.391246588582777;-0.959593205587231;0.281390973186459;-3.426836;40.319992;25.1197133741609;2.98315349134713;0.6125;0.112691466344254;0.121094375121487;NA;NA;NA;NA;0.3944806398644;0.169023783039356;0.000601803107751719;1.28737483651818e-05;8;0.85200954454164;26.3825249516298;5.98719366345181;0.0902318152343385;0.00342013569208297;0.0150708028345816;0.217495000426811;2.82001938220321e-38;1.35961824674157;2.07261241941301;0.269090909090909;1.3981182263011;2.36325120925903;0.203636363636364;1.23774391040206;1.83946788311005;3.46410161513775;1.85035879227658;0.266343765222249;1.64493421980968;2.57858283255199;0.895597123146984;0.773759855545171;1.77068699068493;10;0.663755951810533;1.5448751112156;1.8580741153823;3.2798728979856;1.44143997987941;1.75706052780151;2.03547096820105;2.5143482874909;2.15948424935337;-1.27275145783744;-1.75045559803645;1.44691898293633;1.74919985480926;1.07892972509421;1.61270009726286;0.390080436851647;0.0172351495445704;436;13.9
"41";"biocom_50_137";"biocom";"50";137;1;0.498;0.581868601572111;"kept";"unimod";"google";0.258608883595261;-0.959593205587231;0.281390973186459;-3.426836;40.319992;25.1197133741609;2.98315349134713;0.6125;0.26845225704492;0.276794184721663;NA;NA;NA;NA;0.3944806398644;0.169023783039356;0.000601803107751719;1.28737483651818e-05;8;0.85200954454164;26.3825249516298;5.98719366345181;0.0902318152343385;0.00342013569208297;0.0150708028345816;0.217495000426811;2.82001938220321e-38;1.35961824674157;2.07261241941301;0.269090909090909;1.3981182263011;2.36325120925903;0.203636363636364;1.23774391040206;1.83946788311005;3.46410161513775;1.85035879227658;0.266343765222249;1.64493421980968;2.57858283255199;0.895597123146984;0.773759855545171;1.77068699068493;10;0.663755951810533;1.5448751112156;1.8580741153823;3.2798728979856;1.44143997987941;1.75706052780151;2.03547096820105;2.5143482874909;2.15948424935337;-1.27275145783744;-1.75045559803645;1.44691898293633;1.74919985480926;1.07892972509421;1.61270009726286;0.390080436851647;0.0172351495445704;436;13.9
"42";"biocom_50_137";"biocom";"50";137;2;0.498;0.532557703133796;"kept";"unimod";"google";0.247702621785474;-0.959593205587231;0.281390973186459;-3.426836;40.319992;25.1197133741609;2.98315349134713;0.6125;0.0298626031282826;0.025854423539332;NA;NA;NA;NA;0.3944806398644;0.169023783039356;0.000601803107751719;1.28737483651818e-05;8;0.85200954454164;26.3825249516298;5.98719366345181;0.0902318152343385;0.00342013569208297;0.0150708028345816;0.217495000426811;2.82001938220321e-38;1.35961824674157;2.07261241941301;0.269090909090909;1.3981182263011;2.36325120925903;0.203636363636364;1.23774391040206;1.83946788311005;3.46410161513775;1.85035879227658;0.266343765222249;1.64493421980968;2.57858283255199;0.895597123146984;0.773759855545171;1.77068699068493;10;0.663755951810533;1.5448751112156;1.8580741153823;3.2798728979856;1.44143997987941;1.75706052780151;2.03547096820105;2.5143482874909;2.15948424935337;-1.27275145783744;-1.75045559803645;1.44691898293633;1.74919985480926;1.07892972509421;1.61270009726286;0.390080436851647;0.0172351495445704;436;13.9
"43";"biocom_50_138";"biocom";"50";138;3;0.26375;0.271741623402348;"kept";"bimod";"google";0.0731663579861529;-0.993397612930109;0.11472219761128;-3.256568;40.248308;25.0199920063936;3.06805293513362;0.6299;0.0578560483121314;0.068766954623195;NA;NA;NA;NA;-0.129572540918481;0.645638010487844;-9.83602859073533e-05;1.93562967648892e-05;3;0.928746101094384;26.1577316445458;6.08960845463901;0.12087332927645;0.00462094079559278;0.0198491134818971;0.188165888864078;2.94463754883618e-07;1.3786188263474;2.26974953946511;0.294545454545455;1.28633070942284;2.28020429611206;0.214545454545455;1.34930470254686;2.30785536766052;4.35889894354067;1.0669885004213;0.369281924722981;1.52417614692595;2.7592278695768;0.637985140362101;0.92862119594867;1.75002147356669;20;0.241441856096293;0.921958684741159;1.52268196751432;5.34753955386447;0.716373624753452;1.61577371756236;1.73068540294965;1.93762620288723;1.71765149707433;-1.01798831844141;-1.47817395414625;1.09861228866811;1.16315080980568;1.10472130006179;1.57112739086151;0.39541299622109;0.0251117304814531;418;14
"44";"biocom_50_138";"biocom";"50";138;2;0.26375;0.296699401597131;"kept";"unimod";"google";0.134632911474328;-0.993397612930109;0.11472219761128;-3.256568;40.248308;25.0199920063936;3.06805293513362;0.6299;0.0156583365218803;0.015097657501309;NA;NA;NA;NA;-0.129572540918481;0.645638010487844;-9.83602859073533e-05;1.93562967648892e-05;3;0.928746101094384;26.1577316445458;6.08960845463901;0.12087332927645;0.00462094079559278;0.0198491134818971;0.188165888864078;2.94463754883618e-07;1.3786188263474;2.26974953946511;0.294545454545455;1.28633070942284;2.28020429611206;0.214545454545455;1.34930470254686;2.30785536766052;4.35889894354067;1.0669885004213;0.369281924722981;1.52417614692595;2.7592278695768;0.637985140362101;0.92862119594867;1.75002147356669;20;0.241441856096293;0.921958684741159;1.52268196751432;5.34753955386447;0.716373624753452;1.61577371756236;1.73068540294965;1.93762620288723;1.71765149707433;-1.01798831844141;-1.47817395414625;1.09861228866811;1.16315080980568;1.10472130006179;1.57112739086151;0.39541299622109;0.0251117304814531;418;14
"45";"biocom_50_138";"biocom";"50";138;1;0.26375;0.287212526844728;"kept";"unimod";"google";0.165667281028525;-0.993397612930109;0.11472219761128;-3.256568;40.248308;25.0199920063936;3.06805293513362;0.6299;0.0142125731369225;0.0145079727625055;NA;NA;NA;NA;-0.129572540918481;0.645638010487844;-9.83602859073533e-05;1.93562967648892e-05;3;0.928746101094384;26.1577316445458;6.08960845463901;0.12087332927645;0.00462094079559278;0.0198491134818971;0.188165888864078;2.94463754883618e-07;1.3786188263474;2.26974953946511;0.294545454545455;1.28633070942284;2.28020429611206;0.214545454545455;1.34930470254686;2.30785536766052;4.35889894354067;1.0669885004213;0.369281924722981;1.52417614692595;2.7592278695768;0.637985140362101;0.92862119594867;1.75002147356669;20;0.241441856096293;0.921958684741159;1.52268196751432;5.34753955386447;0.716373624753452;1.61577371756236;1.73068540294965;1.93762620288723;1.71765149707433;-1.01798831844141;-1.47817395414625;1.09861228866811;1.16315080980568;1.10472130006179;1.57112739086151;0.39541299622109;0.0251117304814531;418;14
"46";"biocom_50_139";"biocom";"50";139;1;0.367916666666667;0.331447187928669;"kept";"unimod";"google";0.291630979833332;0.263802589537812;-0.964576691483443;-1.303834;37.799231;20.1246117974981;3.09104245335832;0.7235;0.0141981630871543;0.0148160825769375;NA;NA;NA;NA;-0.179215000794534;0.28036442608189;-0.00013914826357201;1.38697339333485e-05;5;0.938200995926442;31.8440010930422;4.76257524188456;0.0858322471061425;0.00269539769375578;0.0180222343473525;0.316590028100525;6.43112962352826e-07;1.29646053928476;1.78478162425181;0.287272727272727;1.31546571992692;2.01640176773071;0.261818181818182;1.20436785852208;2.02519559860229;3.74165738677394;1.84846792804529;0.427160564246691;1.62205774829073;2.15484540552628;1.1078122632276;1.07189250194854;1.87554315258475;13;0.474281132087085;0.895637562011891;1.68680641359212;3.2798728979856;1.17831676464455;1.6552798350652;1.78929626941681;2.15484540552628;1.94591014905531;-1.06938972529427;-1.6953123609225;1.41706601978664;1.55814461804655;1.07176840479145;1.45182482898235;0.168490150023768;0.0161250435142637;339;16.5
"47";"biocom_50_139";"biocom";"50";139;2;0.367916666666667;0.282621742112483;"kept";"unimod";"google";0.242829602743876;0.263802589537812;-0.964576691483443;-1.303834;37.799231;20.1246117974981;3.09104245335832;0.7235;0.0199127700053508;0.019558832529244;NA;NA;NA;NA;-0.179215000794534;0.28036442608189;-0.00013914826357201;1.38697339333485e-05;5;0.938200995926442;31.8440010930422;4.76257524188456;0.0858322471061425;0.00269539769375578;0.0180222343473525;0.316590028100525;6.43112962352826e-07;1.29646053928476;1.78478162425181;0.287272727272727;1.31546571992692;2.01640176773071;0.261818181818182;1.20436785852208;2.02519559860229;3.74165738677394;1.84846792804529;0.427160564246691;1.62205774829073;2.15484540552628;1.1078122632276;1.07189250194854;1.87554315258475;13;0.474281132087085;0.895637562011891;1.68680641359212;3.2798728979856;1.17831676464455;1.6552798350652;1.78929626941681;2.15484540552628;1.94591014905531;-1.06938972529427;-1.6953123609225;1.41706601978664;1.55814461804655;1.07176840479145;1.45182482898235;0.168490150023768;0.0161250435142637;339;16.5
"48";"biocom_50_139";"biocom";"50";139;3;0.367916666666667;0.289651920438957;"kept";"unimod";"google";0.175519811164526;0.263802589537812;-0.964576691483443;-1.303834;37.799231;20.1246117974981;3.09104245335832;0.7235;0.0310753840612355;0.030915082887972;NA;NA;NA;NA;-0.179215000794534;0.28036442608189;-0.00013914826357201;1.38697339333485e-05;5;0.938200995926442;31.8440010930422;4.76257524188456;0.0858322471061425;0.00269539769375578;0.0180222343473525;0.316590028100525;6.43112962352826e-07;1.29646053928476;1.78478162425181;0.287272727272727;1.31546571992692;2.01640176773071;0.261818181818182;1.20436785852208;2.02519559860229;3.74165738677394;1.84846792804529;0.427160564246691;1.62205774829073;2.15484540552628;1.1078122632276;1.07189250194854;1.87554315258475;13;0.474281132087085;0.895637562011891;1.68680641359212;3.2798728979856;1.17831676464455;1.6552798350652;1.78929626941681;2.15484540552628;1.94591014905531;-1.06938972529427;-1.6953123609225;1.41706601978664;1.55814461804655;1.07176840479145;1.45182482898235;0.168490150023768;0.0161250435142637;339;16.5
"58";"biocom_50_143";"biocom";"50";143;2;0.297166666666667;0.305977773607723;"kept";"unimod";"google";0.047824385089279;-0.999962583329572;-0.00865054569663942;-3.132942;40.143317;24.5153013442625;3.3499040872746;0.639;0.0251404957678618;0.02431640858305;NA;NA;NA;NA;0.322612426505641;0.413740134541024;0.000425960001550618;1.86286141690582e-05;5;0.641184062612273;18.7493899159539;4.36815657162505;0.0727852710539319;0.00388200743491919;0.0166626973782797;0.195291273521522;8.77664060363629e-23;1.1325167427974;1.5037988593811;0.298181818181818;1.33426057298978;2.1042115688324;0.210909090909091;1.27342525323232;2.17193603515625;3.74165738677394;1.73656529772788;0.270245853030348;1.57635250991705;2.15484540552628;0.996594627037228;0.910302451605122;1.97138203041894;13;0.512780818153867;1.29180551454427;1.62125712373982;3.99120339078684;1.34478905011158;1.64532741119987;1.75465701128307;1.1681708625836;1.76766191764899;-0.985782719900211;-1.52543745722089;1.38629436111989;1.6376087894008;1.20575852564403;1.76385888031551;0.381879994712325;0.0230214175287266;417;13.9
"59";"biocom_50_143";"biocom";"50";143;1;0.297166666666667;0.29555263651717;"kept";"unimod";"google";0.071445975371863;-0.999962583329572;-0.00865054569663942;-3.132942;40.143317;24.5153013442625;3.3499040872746;0.639;0.0808355903089305;0.080629611981634;NA;NA;NA;NA;0.322612426505641;0.413740134541024;0.000425960001550618;1.86286141690582e-05;5;0.641184062612273;18.7493899159539;4.36815657162505;0.0727852710539319;0.00388200743491919;0.0166626973782797;0.195291273521522;8.77664060363629e-23;1.1325167427974;1.5037988593811;0.298181818181818;1.33426057298978;2.1042115688324;0.210909090909091;1.27342525323232;2.17193603515625;3.74165738677394;1.73656529772788;0.270245853030348;1.57635250991705;2.15484540552628;0.996594627037228;0.910302451605122;1.97138203041894;13;0.512780818153867;1.29180551454427;1.62125712373982;3.99120339078684;1.34478905011158;1.64532741119987;1.75465701128307;1.1681708625836;1.76766191764899;-0.985782719900211;-1.52543745722089;1.38629436111989;1.6376087894008;1.20575852564403;1.76385888031551;0.381879994712325;0.0230214175287266;417;13.9
"60";"biocom_50_143";"biocom";"50";143;3;0.297166666666667;0.295448385146265;"kept";"unimod";"google";0.244562390540047;-0.999962583329572;-0.00865054569663942;-3.132942;40.143317;24.5153013442625;3.3499040872746;0.639;0.0129870134936844;0.0130739939891375;NA;NA;NA;NA;0.322612426505641;0.413740134541024;0.000425960001550618;1.86286141690582e-05;5;0.641184062612273;18.7493899159539;4.36815657162505;0.0727852710539319;0.00388200743491919;0.0166626973782797;0.195291273521522;8.77664060363629e-23;1.1325167427974;1.5037988593811;0.298181818181818;1.33426057298978;2.1042115688324;0.210909090909091;1.27342525323232;2.17193603515625;3.74165738677394;1.73656529772788;0.270245853030348;1.57635250991705;2.15484540552628;0.996594627037228;0.910302451605122;1.97138203041894;13;0.512780818153867;1.29180551454427;1.62125712373982;3.99120339078684;1.34478905011158;1.64532741119987;1.75465701128307;1.1681708625836;1.76766191764899;-0.985782719900211;-1.52543745722089;1.38629436111989;1.6376087894008;1.20575852564403;1.76385888031551;0.381879994712325;0.0230214175287266;417;13.9
"64";"biocom_50_145";"biocom";"50";145;1;0.605;0.730847107438017;"kept";"bimod";"bing";0.310877420833504;-0.971131365718144;-0.238545321728206;-2.900725;40.068228;29.9165506033032;3.11351530921037;0.5839;0.176877179396216;0.163874371242152;NA;NA;NA;NA;-0.0600985221674877;0.243752317389692;-0.000200749281758711;1.62331878836163e-05;3;0.81891180930273;33.5008490973274;6.05187671049935;0.128363840071769;0.00383165930209243;0.0212105841232806;0.309103712251939;2.67721655060739e-06;1.65020663038006;1.9682297991932;0.276363636363636;1.31347422088896;1.97427809238434;0.214545454545455;1.28392755389214;2.11804032325745;4;1.60612472990124;0.327802354610127;1.62633079549541;2.37886580797276;0.669670084631926;0.962286912095792;1.78661858042081;20;0.0496036617152951;1.65355163630434;1.69463900632636;6.63696680600242;0.27956244352549;1.69250748554865;1.77150462071101;1.1578561378528;1.81915844341617;-1.06490301332195;-1.60423867901166;1.145132304303;1.27296567581289;1.03737042868539;1.55139756202698;0.222130200330725;0.0271692164544003;465;12.5
"65";"biocom_50_145";"biocom";"50";145;2;0.605;0.544546610787932;"kept";"unimod";"bing";0.508829899232559;-0.971131365718144;-0.238545321728206;-2.900725;40.068228;29.9165506033032;3.11351530921037;0.5839;0.255484698858545;0.270143444207518;NA;NA;NA;NA;-0.0600985221674877;0.243752317389692;-0.000200749281758711;1.62331878836163e-05;3;0.81891180930273;33.5008490973274;6.05187671049935;0.128363840071769;0.00383165930209243;0.0212105841232806;0.309103712251939;2.67721655060739e-06;1.65020663038006;1.9682297991932;0.276363636363636;1.31347422088896;1.97427809238434;0.214545454545455;1.28392755389214;2.11804032325745;4;1.60612472990124;0.327802354610127;1.62633079549541;2.37886580797276;0.669670084631926;0.962286912095792;1.78661858042081;20;0.0496036617152951;1.65355163630434;1.69463900632636;6.63696680600242;0.27956244352549;1.69250748554865;1.77150462071101;1.1578561378528;1.81915844341617;-1.06490301332195;-1.60423867901166;1.145132304303;1.27296567581289;1.03737042868539;1.55139756202698;0.222130200330725;0.0271692164544003;465;12.5
"66";"biocom_50_145";"biocom";"50";145;3;0.605;0.680073392965117;"kept";"unimod";"bing";0.0309461573829641;-0.971131365718144;-0.238545321728206;-2.900725;40.068228;29.9165506033032;3.11351530921037;0.5839;0.327021739542714;0.332247923730239;NA;NA;NA;NA;-0.0600985221674877;0.243752317389692;-0.000200749281758711;1.62331878836163e-05;3;0.81891180930273;33.5008490973274;6.05187671049935;0.128363840071769;0.00383165930209243;0.0212105841232806;0.309103712251939;2.67721655060739e-06;1.65020663038006;1.9682297991932;0.276363636363636;1.31347422088896;1.97427809238434;0.214545454545455;1.28392755389214;2.11804032325745;4;1.60612472990124;0.327802354610127;1.62633079549541;2.37886580797276;0.669670084631926;0.962286912095792;1.78661858042081;20;0.0496036617152951;1.65355163630434;1.69463900632636;6.63696680600242;0.27956244352549;1.69250748554865;1.77150462071101;1.1578561378528;1.81915844341617;-1.06490301332195;-1.60423867901166;1.145132304303;1.27296567581289;1.03737042868539;1.55139756202698;0.222130200330725;0.0271692164544003;465;12.5
"76";"biocom_50_149";"biocom";"50";149;2;0.487083333333333;0.602667289600544;"kept";"bimod";"google";0.565879724700748;-0.888213524836433;0.459430880870712;-3.618947;39.992036;24.0624188310319;2.42036812865043;0.6449;0.00662018713873865;0.00560984464237102;NA;NA;NA;NA;0.0389204031459861;0.666180649418376;6.51985065571781e-05;2.25611516002049e-05;4;0.787927977980396;26.8071004556602;7.8627508236919;0.142005327432675;0.00529730276750956;0.0180605147761757;-0.00910358105896519;0.0250852309160957;1.43409250385294;2.08514749935767;0.295620437956204;1.31751489166229;2.16282796859741;0.186131386861314;1.41776039203008;2.27317404747009;3.74165738677394;1.69290966808392;0.26855338159948;1.59547808832592;2.7592278695768;0.748232298464172;0.879972113909485;1.82205477882834;16;0.46473917214326;1.23608961292083;1.63178187360366;3.99120339078684;1.02623753296501;1.60588410267463;1.66884458982027;1.39724000858525;1.81528996663825;-0.99794155394858;-1.43826709474836;0.693147180559945;1.09861228866811;1.06144407951376;1.46346454819043;0.150154043343143;0.0361988842410288;412;14.5
"77";"biocom_50_149";"biocom";"50";149;1;0.487083333333333;0.358087876149419;"kept";"unimod";"google";0.654748640119947;-0.888213524836433;0.459430880870712;-3.618947;39.992036;24.0624188310319;2.42036812865043;0.6449;0.0145758764980009;0.00645071075058801;NA;NA;NA;NA;0.0389204031459861;0.666180649418376;6.51985065571781e-05;2.25611516002049e-05;4;0.787927977980396;26.8071004556602;7.8627508236919;0.142005327432675;0.00529730276750956;0.0180605147761757;-0.00910358105896519;0.0250852309160957;1.43409250385294;2.08514749935767;0.295620437956204;1.31751489166229;2.16282796859741;0.186131386861314;1.41776039203008;2.27317404747009;3.74165738677394;1.69290966808392;0.26855338159948;1.59547808832592;2.7592278695768;0.748232298464172;0.879972113909485;1.82205477882834;16;0.46473917214326;1.23608961292083;1.63178187360366;3.99120339078684;1.02623753296501;1.60588410267463;1.66884458982027;1.39724000858525;1.81528996663825;-0.99794155394858;-1.43826709474836;0.693147180559945;1.09861228866811;1.06144407951376;1.46346454819043;0.150154043343143;0.0361988842410288;412;14.5
"78";"biocom_50_149";"biocom";"50";149;3;0.487083333333333;0.598526195077407;"kept";"unimod";"google";0.583283036991138;-0.888213524836433;0.459430880870712;-3.618947;39.992036;24.0624188310319;2.42036812865043;0.6449;0.218688238079514;0.228250568664083;NA;NA;NA;NA;0.0389204031459861;0.666180649418376;6.51985065571781e-05;2.25611516002049e-05;4;0.787927977980396;26.8071004556602;7.8627508236919;0.142005327432675;0.00529730276750956;0.0180605147761757;-0.00910358105896519;0.0250852309160957;1.43409250385294;2.08514749935767;0.295620437956204;1.31751489166229;2.16282796859741;0.186131386861314;1.41776039203008;2.27317404747009;3.74165738677394;1.69290966808392;0.26855338159948;1.59547808832592;2.7592278695768;0.748232298464172;0.879972113909485;1.82205477882834;16;0.46473917214326;1.23608961292083;1.63178187360366;3.99120339078684;1.02623753296501;1.60588410267463;1.66884458982027;1.39724000858525;1.81528996663825;-0.99794155394858;-1.43826709474836;0.693147180559945;1.09861228866811;1.06144407951376;1.46346454819043;0.150154043343143;0.0361988842410288;412;14.5
"85";"biocom_50_154";"biocom";"50";154;3;0.672333333333333;0.531815503745476;"kept";"bimod";"google";0.242061015718257;-0.935447851397367;0.353464732775491;-3.502865;40.186011;24.8394846967484;2.91777073208428;0.6186;0.160068451667931;0.215395433401617;NA;NA;NA;NA;0.443953599237248;0.537708565072302;0.000511766587027912;1.21655022589367e-05;2;0.905501439168893;35.7971421156842;9.5896527638781;0.133685996775464;0.00373454384552366;0.0139406504142702;0.0586517903521502;7.43627741049439e-58;1.68792465300673;2.21064005702186;0.258181818181818;1.30800715041539;2.19972801208496;0.214545454545455;1.36838024286997;2.17367315292358;4.58257569495584;0.941678930756147;0.323477039748728;1.50612750407812;2.7592278695768;0.305394467282392;0.893947370253621;1.79041114720431;18;0.138708840678845;0.821976626744121;1.54226165696194;7.26185390940288;0.261194427088797;1.60257311967703;1.64741389568035;1.72450838772609;1.7227665977411;-1.0472382014233;-1.69810388088226;0.538996500732687;0.944461608840852;0.953403427784464;1.5986077444894;0.213769348813952;0.0220164769527797;429;14.1
"86";"biocom_50_154";"biocom";"50";154;1;0.672333333333333;0.652891170776871;"kept";"unimod";"google";0.335407630109755;-0.935447851397367;0.353464732775491;-3.502865;40.186011;24.8394846967484;2.91777073208428;0.6186;0.0235776651804524;0.0118050027255175;NA;NA;NA;NA;0.443953599237248;0.537708565072302;0.000511766587027912;1.21655022589367e-05;2;0.905501439168893;35.7971421156842;9.5896527638781;0.133685996775464;0.00373454384552366;0.0139406504142702;0.0586517903521502;7.43627741049439e-58;1.68792465300673;2.21064005702186;0.258181818181818;1.30800715041539;2.19972801208496;0.214545454545455;1.36838024286997;2.17367315292358;4.58257569495584;0.941678930756147;0.323477039748728;1.50612750407812;2.7592278695768;0.305394467282392;0.893947370253621;1.79041114720431;18;0.138708840678845;0.821976626744121;1.54226165696194;7.26185390940288;0.261194427088797;1.60257311967703;1.64741389568035;1.72450838772609;1.7227665977411;-1.0472382014233;-1.69810388088226;0.538996500732687;0.944461608840852;0.953403427784464;1.5986077444894;0.213769348813952;0.0220164769527797;429;14.1
"87";"biocom_50_154";"biocom";"50";154;2;0.672333333333333;0.536234323710125;"kept";"unimod";"google";0.467075515792784;-0.935447851397367;0.353464732775491;-3.502865;40.186011;24.8394846967484;2.91777073208428;0.6186;0.0522800244566392;0.051554035932142;NA;NA;NA;NA;0.443953599237248;0.537708565072302;0.000511766587027912;1.21655022589367e-05;2;0.905501439168893;35.7971421156842;9.5896527638781;0.133685996775464;0.00373454384552366;0.0139406504142702;0.0586517903521502;7.43627741049439e-58;1.68792465300673;2.21064005702186;0.258181818181818;1.30800715041539;2.19972801208496;0.214545454545455;1.36838024286997;2.17367315292358;4.58257569495584;0.941678930756147;0.323477039748728;1.50612750407812;2.7592278695768;0.305394467282392;0.893947370253621;1.79041114720431;18;0.138708840678845;0.821976626744121;1.54226165696194;7.26185390940288;0.261194427088797;1.60257311967703;1.64741389568035;1.72450838772609;1.7227665977411;-1.0472382014233;-1.69810388088226;0.538996500732687;0.944461608840852;0.953403427784464;1.5986077444894;0.213769348813952;0.0220164769527797;429;14.1
"94";"biocom_50_159";"biocom";"50";159;2;0.422916666666667;0.470319634703196;"kept";"unimod";"google";0.285257414835767;0.362844229489109;-0.931849808245113;-1.199478;38.588606;28.5482048472404;2.9704144655697;0.6058;0.0952475418673067;0.0950935993702166;NA;NA;NA;NA;0.194321733142645;0.787933682928121;0.000123908111874197;2.63389676974836e-05;7;0.803340936104697;35.7746418878871;7.34481212973228;0.0916859429849354;0.00256287521402078;0.0124830889293662;0.33107334216884;9.60433867259676e-14;1.35259177140069;2.10169143403254;0.276363636363636;1.31451588149728;2.12678742408752;0.207272727272727;1.17262546718121;2.24042677879333;3.16227766016838;2.32046685141659;0.347792181820674;1.67753852348701;2.15484540552628;1.66777802931204;0.939153712422128;2.00852878093719;13;0.608383117801369;0.994550789060483;1.6177736363321;4.67909549225421;1.23993540124569;1.67809639478985;1.85507345827002;1.75480019260307;2.10006082888257;-1.10676465980792;-1.50855763753255;1.22377543162212;1.75785791755237;1.17738630581825;1.60638364553452;0.0279641396223805;0.0216220375567979;444;13.9
"95";"biocom_50_159";"biocom";"50";159;3;0.422916666666667;0.290715372907154;"kept";"unimod";"google";0.275462841812675;0.362844229489109;-0.931849808245113;-1.199478;38.588606;28.5482048472404;2.9704144655697;0.6058;0.0159013706643609;0.0159273575197785;NA;NA;NA;NA;0.194321733142645;0.787933682928121;0.000123908111874197;2.63389676974836e-05;7;0.803340936104697;35.7746418878871;7.34481212973228;0.0916859429849354;0.00256287521402078;0.0124830889293662;0.33107334216884;9.60433867259676e-14;1.35259177140069;2.10169143403254;0.276363636363636;1.31451588149728;2.12678742408752;0.207272727272727;1.17262546718121;2.24042677879333;3.16227766016838;2.32046685141659;0.347792181820674;1.67753852348701;2.15484540552628;1.66777802931204;0.939153712422128;2.00852878093719;13;0.608383117801369;0.994550789060483;1.6177736363321;4.67909549225421;1.23993540124569;1.67809639478985;1.85507345827002;1.75480019260307;2.10006082888257;-1.10676465980792;-1.50855763753255;1.22377543162212;1.75785791755237;1.17738630581825;1.60638364553452;0.0279641396223805;0.0216220375567979;444;13.9
"96";"biocom_50_159";"biocom";"50";159;1;0.422916666666667;0.451825441504556;"kept";"unimod";"google";0.340798355803588;0.362844229489109;-0.931849808245113;-1.199478;38.588606;28.5482048472404;2.9704144655697;0.6058;0.0840132782620954;0.0841497829984195;NA;NA;NA;NA;0.194321733142645;0.787933682928121;0.000123908111874197;2.63389676974836e-05;7;0.803340936104697;35.7746418878871;7.34481212973228;0.0916859429849354;0.00256287521402078;0.0124830889293662;0.33107334216884;9.60433867259676e-14;1.35259177140069;2.10169143403254;0.276363636363636;1.31451588149728;2.12678742408752;0.207272727272727;1.17262546718121;2.24042677879333;3.16227766016838;2.32046685141659;0.347792181820674;1.67753852348701;2.15484540552628;1.66777802931204;0.939153712422128;2.00852878093719;13;0.608383117801369;0.994550789060483;1.6177736363321;4.67909549225421;1.23993540124569;1.67809639478985;1.85507345827002;1.75480019260307;2.10006082888257;-1.10676465980792;-1.50855763753255;1.22377543162212;1.75785791755237;1.17738630581825;1.60638364553452;0.0279641396223805;0.0216220375567979;444;13.9
"103";"biocom_50_167";"biocom";"50";167;3;0.285;0.2970757501752;"kept";"unimod";"google";0.0320175999428139;0.0617659859645163;-0.99809065869681;-1.508991;38.165086;21.1187120819429;2.70805020110221;0.7204;0.033881251284917;0.034256822245775;NA;NA;NA;NA;0.325663435563324;0.242798877059166;0.000228146875768058;4.73383064836569e-06;6;0.862646630655182;19.8141331204976;4.35723743168354;0.0392740260892949;0.0019821218445669;0.00901351526169194;0.212659965645696;5.29243629975833e-32;1.25660236730825;1.9421443294958;0.283636363636364;1.27042206270354;2.2720468044281;0.229090909090909;1.27813795804977;1.85984516143799;3;2.25721885657235;0.460079987003237;1.7386200688102;1.89864830730607;1.32813215188987;0.900485410701065;1.88594626752954;11;0.614666720148591;1.16239231874063;1.75774331360447;3.99120339078684;1.18657101719249;1.69437440484762;1.94419588148594;2.23263374944074;1.94591014905531;-1.15089766506239;-1.60510754585266;1.73460105538811;1.99243016469021;1.18570954106994;1.7467552224795;0.5246910297691;0.00884723761929176;345;16
"104";"biocom_50_167";"biocom";"50";167;1;0.285;0.277644460489711;"kept";"unimod";"google";0.157835716496555;0.0617659859645163;-0.99809065869681;-1.508991;38.165086;21.1187120819429;2.70805020110221;0.7204;0.0199257097900651;0.0204078193407465;NA;NA;NA;NA;0.325663435563324;0.242798877059166;0.000228146875768058;4.73383064836569e-06;6;0.862646630655182;19.8141331204976;4.35723743168354;0.0392740260892949;0.0019821218445669;0.00901351526169194;0.212659965645696;5.29243629975833e-32;1.25660236730825;1.9421443294958;0.283636363636364;1.27042206270354;2.2720468044281;0.229090909090909;1.27813795804977;1.85984516143799;3;2.25721885657235;0.460079987003237;1.7386200688102;1.89864830730607;1.32813215188987;0.900485410701065;1.88594626752954;11;0.614666720148591;1.16239231874063;1.75774331360447;3.99120339078684;1.18657101719249;1.69437440484762;1.94419588148594;2.23263374944074;1.94591014905531;-1.15089766506239;-1.60510754585266;1.73460105538811;1.99243016469021;1.18570954106994;1.7467552224795;0.5246910297691;0.00884723761929176;345;16
"105";"biocom_50_167";"biocom";"50";167;2;0.285;0.277156023699803;"kept";"bimod";"google";0.327003763586825;0.0617659859645163;-0.99809065869681;-1.508991;38.165086;21.1187120819429;2.70805020110221;0.7204;0.0316263667442034;0.013708048265193;NA;NA;NA;NA;0.325663435563324;0.242798877059166;0.000228146875768058;4.73383064836569e-06;6;0.862646630655182;19.8141331204976;4.35723743168354;0.0392740260892949;0.0019821218445669;0.00901351526169194;0.212659965645696;5.29243629975833e-32;1.25660236730825;1.9421443294958;0.283636363636364;1.27042206270354;2.2720468044281;0.229090909090909;1.27813795804977;1.85984516143799;3;2.25721885657235;0.460079987003237;1.7386200688102;1.89864830730607;1.32813215188987;0.900485410701065;1.88594626752954;11;0.614666720148591;1.16239231874063;1.75774331360447;3.99120339078684;1.18657101719249;1.69437440484762;1.94419588148594;2.23263374944074;1.94591014905531;-1.15089766506239;-1.60510754585266;1.73460105538811;1.99243016469021;1.18570954106994;1.7467552224795;0.5246910297691;0.00884723761929176;345;16
"106";"biocom_50_171";"biocom";"50";171;1;0.467083333333333;0.545159545700379;"kept";"unimod";"google";0.397311654961157;-0.21217947010086;-0.977230716088948;-1.784601;37.726728;21.8174242292714;2.31738503160565;0.7159;0.0868935865840547;0.0866452286242855;NA;NA;NA;NA;0.402150537634409;0.441707717569786;0.000716992385966002;1.25508379498084e-05;18;0.823945806065949;23.1979831412378;4.11477184425356;0.0659410369743297;0.00284253318803003;0.0160254418641507;0.256558232204491;4.59239112878408e-71;1.19518441421998;1.25280022367525;0.269090909090909;1.3187422793487;1.96195638179779;0.2;1.1110986918211;1.39960587024689;2.44948974278318;3.12544768072724;0.2202432810311;1.48606892426809;1.22865469807759;2.02724016433249;0.593224193229969;1.69548360867934;6;0.947456356866073;0.814378871211189;1.71659432225308;3.2798728979856;1.48717812312838;1.59865585753792;1.79272619046663;2.24779663677696;2.34180580614733;-1.07490278352731;-1.3954850435257;1.46633706879343;2.66258782702545;1.20388601541818;1.51335867245992;0.430117156234492;0.0130858858695298;339;15.9
"107";"biocom_50_171";"biocom";"50";171;2;0.467083333333333;0.578409951325041;"kept";"unimod";"google";0.384163262229234;-0.21217947010086;-0.977230716088948;-1.784601;37.726728;21.8174242292714;2.31738503160565;0.7159;0.130149846498616;0.122522008848881;NA;NA;NA;NA;0.402150537634409;0.441707717569786;0.000716992385966002;1.25508379498084e-05;18;0.823945806065949;23.1979831412378;4.11477184425356;0.0659410369743297;0.00284253318803003;0.0160254418641507;0.256558232204491;4.59239112878408e-71;1.19518441421998;1.25280022367525;0.269090909090909;1.3187422793487;1.96195638179779;0.2;1.1110986918211;1.39960587024689;2.44948974278318;3.12544768072724;0.2202432810311;1.48606892426809;1.22865469807759;2.02724016433249;0.593224193229969;1.69548360867934;6;0.947456356866073;0.814378871211189;1.71659432225308;3.2798728979856;1.48717812312838;1.59865585753792;1.79272619046663;2.24779663677696;2.34180580614733;-1.07490278352731;-1.3954850435257;1.46633706879343;2.66258782702545;1.20388601541818;1.51335867245992;0.430117156234492;0.0130858858695298;339;15.9
"108";"biocom_50_171";"biocom";"50";171;3;0.467083333333333;0.361773931855057;"kept";"unimod";"google";0.30425624679199;-0.21217947010086;-0.977230716088948;-1.784601;37.726728;21.8174242292714;2.31738503160565;0.7159;0.0200493222682898;0.018244913567774;NA;NA;NA;NA;0.402150537634409;0.441707717569786;0.000716992385966002;1.25508379498084e-05;18;0.823945806065949;23.1979831412378;4.11477184425356;0.0659410369743297;0.00284253318803003;0.0160254418641507;0.256558232204491;4.59239112878408e-71;1.19518441421998;1.25280022367525;0.269090909090909;1.3187422793487;1.96195638179779;0.2;1.1110986918211;1.39960587024689;2.44948974278318;3.12544768072724;0.2202432810311;1.48606892426809;1.22865469807759;2.02724016433249;0.593224193229969;1.69548360867934;6;0.947456356866073;0.814378871211189;1.71659432225308;3.2798728979856;1.48717812312838;1.59865585753792;1.79272619046663;2.24779663677696;2.34180580614733;-1.07490278352731;-1.3954850435257;1.46633706879343;2.66258782702545;1.20388601541818;1.51335867245992;0.430117156234492;0.0130858858695298;339;15.9
"109";"biocom_50_173";"biocom";"50";173;2;0.562083333333333;0.628323012447614;"kept";"unimod";"google";0.618668226810632;-0.969629646553844;0.244577898682335;-3.388677;40.36936;26.7394839142419;2.62103882411258;0.5921;0.098605089464925;0.100210603674032;NA;NA;NA;NA;-0.0623020287091477;0.601885693098151;-9.25816282564407e-05;2.23098544337061e-05;5;0.898207675198156;34.6267441551261;7.80024541015057;0.155935398011485;0.00450332255648703;0.019991088717358;0.152405302972628;0.0028550879021393;1.57458815902119;3.06927870597718;0.294545454545455;1.32715791647251;2.13232684135437;0.207272727272727;1.26423903423197;2.22831320762634;3.60555127546399;1.81928386386921;0.256342162304163;1.58631013154983;2.37886580797276;0.863308662534278;0.917643525887996;1.91240870157877;14;0.518314912009569;1.07200272679344;1.60311677720812;3.2798728979856;1.36064739654479;1.63896337308382;1.79771901431837;1.80411053929369;1.73460105538811;-0.982037689467823;-1.41938120126724;1.79175946922805;1.46633706879343;1.23467429242437;1.813472032547;0.343504099134884;0.0212899996229787;453;13.1
"110";"biocom_50_173";"biocom";"50";173;1;0.562083333333333;0.630533141510811;"kept";"unimod";"google";0.62542877908205;-0.969629646553844;0.244577898682335;-3.388677;40.36936;26.7394839142419;2.62103882411258;0.5921;0.074851332453054;0.076395090959265;NA;NA;NA;NA;-0.0623020287091477;0.601885693098151;-9.25816282564407e-05;2.23098544337061e-05;5;0.898207675198156;34.6267441551261;7.80024541015057;0.155935398011485;0.00450332255648703;0.019991088717358;0.152405302972628;0.0028550879021393;1.57458815902119;3.06927870597718;0.294545454545455;1.32715791647251;2.13232684135437;0.207272727272727;1.26423903423197;2.22831320762634;3.60555127546399;1.81928386386921;0.256342162304163;1.58631013154983;2.37886580797276;0.863308662534278;0.917643525887996;1.91240870157877;14;0.518314912009569;1.07200272679344;1.60311677720812;3.2798728979856;1.36064739654479;1.63896337308382;1.79771901431837;1.80411053929369;1.73460105538811;-0.982037689467823;-1.41938120126724;1.79175946922805;1.46633706879343;1.23467429242437;1.813472032547;0.343504099134884;0.0212899996229787;453;13.1
"111";"biocom_50_173";"biocom";"50";173;3;0.562083333333333;0.615604345197139;"kept";"bimod";"google";0.615687904813162;-0.969629646553844;0.244577898682335;-3.388677;40.36936;26.7394839142419;2.62103882411258;0.5921;0.164262011275473;0.123193145267798;NA;NA;NA;NA;-0.0623020287091477;0.601885693098151;-9.25816282564407e-05;2.23098544337061e-05;5;0.898207675198156;34.6267441551261;7.80024541015057;0.155935398011485;0.00450332255648703;0.019991088717358;0.152405302972628;0.0028550879021393;1.57458815902119;3.06927870597718;0.294545454545455;1.32715791647251;2.13232684135437;0.207272727272727;1.26423903423197;2.22831320762634;3.60555127546399;1.81928386386921;0.256342162304163;1.58631013154983;2.37886580797276;0.863308662534278;0.917643525887996;1.91240870157877;14;0.518314912009569;1.07200272679344;1.60311677720812;3.2798728979856;1.36064739654479;1.63896337308382;1.79771901431837;1.80411053929369;1.73460105538811;-0.982037689467823;-1.41938120126724;1.79175946922805;1.46633706879343;1.23467429242437;1.813472032547;0.343504099134884;0.0212899996229787;453;13.1
"121";"biocom_50_180";"biocom";"50";180;1;0.575;0.630253350039287;"kept";"unimod";"google";0.287097436916029;-0.84225605751037;-0.539077669345604;-2.572251;39.052994;29.1719042916296;1.74919985480926;0.6224;0.126661585093243;0.117514048075495;NA;NA;NA;NA;0.38973462577467;0.403697229726151;0.000288345972779243;1.3377730180664e-05;3;0.727642225302852;33.3003806838113;5.64351756355668;0.125296455096086;0.00376261329519869;0.0222018366532949;0.310017417925217;7.40693222198903e-45;1.52317329144447;1.46463221722047;0.312727272727273;1.30849987920374;2.121173620224;0.214545454545455;1.30462501807646;2.47390007972717;4.24264068711928;1.42821388043556;0.288058866152138;1.5890168176757;2.37886580797276;0.733821157108563;1.17971511075411;2.02098751068115;20;-0.0662586101096685;1.2567007973643;1.6350484624505;4.67909549225421;0.554552319339;1.64624118804932;1.74777106046677;1.32916877078992;1.63413052502447;-1.05363265419645;-1.74967564642429;1.09861228866811;1.145132304303;0.910224764297406;1.42560802187238;0.261112352359041;0.0245082412296322;446;13.4
"122";"biocom_50_180";"biocom";"50";180;3;0.575;0.560852853107945;"kept";"unimod";"google";0.3629530223669;-0.84225605751037;-0.539077669345604;-2.572251;39.052994;29.1719042916296;1.74919985480926;0.6224;0.152482848215821;0.167076169240651;NA;NA;NA;NA;0.38973462577467;0.403697229726151;0.000288345972779243;1.3377730180664e-05;3;0.727642225302852;33.3003806838113;5.64351756355668;0.125296455096086;0.00376261329519869;0.0222018366532949;0.310017417925217;7.40693222198903e-45;1.52317329144447;1.46463221722047;0.312727272727273;1.30849987920374;2.121173620224;0.214545454545455;1.30462501807646;2.47390007972717;4.24264068711928;1.42821388043556;0.288058866152138;1.5890168176757;2.37886580797276;0.733821157108563;1.17971511075411;2.02098751068115;20;-0.0662586101096685;1.2567007973643;1.6350484624505;4.67909549225421;0.554552319339;1.64624118804932;1.74777106046677;1.32916877078992;1.63413052502447;-1.05363265419645;-1.74967564642429;1.09861228866811;1.145132304303;0.910224764297406;1.42560802187238;0.261112352359041;0.0245082412296322;446;13.4
"123";"biocom_50_180";"biocom";"50";180;2;0.575;0.647454819596934;"kept";"unimod";"google";0.333099539113807;-0.84225605751037;-0.539077669345604;-2.572251;39.052994;29.1719042916296;1.74919985480926;0.6224;0.126248408086973;0.100138085357204;NA;NA;NA;NA;0.38973462577467;0.403697229726151;0.000288345972779243;1.3377730180664e-05;3;0.727642225302852;33.3003806838113;5.64351756355668;0.125296455096086;0.00376261329519869;0.0222018366532949;0.310017417925217;7.40693222198903e-45;1.52317329144447;1.46463221722047;0.312727272727273;1.30849987920374;2.121173620224;0.214545454545455;1.30462501807646;2.47390007972717;4.24264068711928;1.42821388043556;0.288058866152138;1.5890168176757;2.37886580797276;0.733821157108563;1.17971511075411;2.02098751068115;20;-0.0662586101096685;1.2567007973643;1.6350484624505;4.67909549225421;0.554552319339;1.64624118804932;1.74777106046677;1.32916877078992;1.63413052502447;-1.05363265419645;-1.74967564642429;1.09861228866811;1.145132304303;0.910224764297406;1.42560802187238;0.261112352359041;0.0245082412296322;446;13.4
"127";"biocom_50_183";"biocom";"50";183;2;0.376864406779661;0.31365184732291;"kept";"unimod";"google";-0.000538654088059028;-0.451831844003974;-0.892103124500732;-2.039614;37.6339;29.3768616431368;2.83069841957718;0.6488;0.0559392460915662;0.057379420335831;NA;NA;NA;NA;-0.0431696594099264;-0.0439324116743472;-2.58542976346893e-05;-4.84638230129242e-06;11;0.794809658097765;20.1329407474251;4.1627889136787;0.103298951531597;0.00513084267358251;0.0248148425667614;0.118003764363301;0.225383914130146;1.12182246086941;1.67559526673719;0.287272727272727;1.28014563780565;1.97552895545959;0.225454545454545;1.01657502440845;1.36082994937897;3.3166247903554;2.39555057811343;0.340178057585434;1.63712952787226;1.59753955386447;1.76828746006956;0.87423724948769;1.91517465114593;14;0.591350410493874;1.04312310842854;1.63820791478251;3.99120339078684;1.52870385155925;1.67341024279594;1.82923435568809;2.15484540552628;2.22462355152433;-1.17792459446937;-1.60845732688904;0.955511445027436;1.75785791755237;1.04391980419556;1.44256134033203;0.536759817297918;0.028894967366049;405;14.4
"128";"biocom_50_183";"biocom";"50";183;3;0.376864406779661;0.292056074766355;"kept";"unimod";"google";-0.0124452332922587;-0.451831844003974;-0.892103124500732;-2.039614;37.6339;29.3768616431368;2.83069841957718;0.6488;0.0410688084606562;0.040705125419067;NA;NA;NA;NA;-0.0431696594099264;-0.0439324116743472;-2.58542976346893e-05;-4.84638230129242e-06;11;0.794809658097765;20.1329407474251;4.1627889136787;0.103298951531597;0.00513084267358251;0.0248148425667614;0.118003764363301;0.225383914130146;1.12182246086941;1.67559526673719;0.287272727272727;1.28014563780565;1.97552895545959;0.225454545454545;1.01657502440845;1.36082994937897;3.3166247903554;2.39555057811343;0.340178057585434;1.63712952787226;1.59753955386447;1.76828746006956;0.87423724948769;1.91517465114593;14;0.591350410493874;1.04312310842854;1.63820791478251;3.99120339078684;1.52870385155925;1.67341024279594;1.82923435568809;2.15484540552628;2.22462355152433;-1.17792459446937;-1.60845732688904;0.955511445027436;1.75785791755237;1.04391980419556;1.44256134033203;0.536759817297918;0.028894967366049;405;14.4
"129";"biocom_50_183";"biocom";"50";183;1;0.376864406779661;0.339571141584418;"kept";"unimod";"google";-0.0348005046859725;-0.451831844003974;-0.892103124500732;-2.039614;37.6339;29.3768616431368;2.83069841957718;0.6488;0.0529635760252882;0.052566315302611;NA;NA;NA;NA;-0.0431696594099264;-0.0439324116743472;-2.58542976346893e-05;-4.84638230129242e-06;11;0.794809658097765;20.1329407474251;4.1627889136787;0.103298951531597;0.00513084267358251;0.0248148425667614;0.118003764363301;0.225383914130146;1.12182246086941;1.67559526673719;0.287272727272727;1.28014563780565;1.97552895545959;0.225454545454545;1.01657502440845;1.36082994937897;3.3166247903554;2.39555057811343;0.340178057585434;1.63712952787226;1.59753955386447;1.76828746006956;0.87423724948769;1.91517465114593;14;0.591350410493874;1.04312310842854;1.63820791478251;3.99120339078684;1.52870385155925;1.67341024279594;1.82923435568809;2.15484540552628;2.22462355152433;-1.17792459446937;-1.60845732688904;0.955511445027436;1.75785791755237;1.04391980419556;1.44256134033203;0.536759817297918;0.028894967366049;405;14.4
"136";"biocom_50_187";"biocom";"50";187;3;0.22875;0.17111243307555;"kept";"unimod";"bing";0.456997462847203;-0.975383450474582;-0.220515587975769;9.647121;34.494253;13.114877048604;1.6094379124341;0.8751;0.0100509300298661;0.00976676856680603;NA;NA;NA;NA;-0.223963133640553;-0.480459770114942;-0.000318558255758675;-1.02570779970468e-05;7;0.772443346033268;17.0253767547666;4.703782287709;0.0329843271317258;0.00193736253868749;0.00701229885105736;-0.174840746655238;3.53905284196942e-20;1.52136604815018;1.59896838560054;0.301818181818182;1.27229059127069;2.39052557945251;0.16;0.953718973530663;1.86673831939697;3.87298334620742;1.81297399534791;-0.04369672580793;1.20076593880852;1.89864830730607;1.48660077479215;0.423611065051626;1.54293599900077;12;0.561315002102314;1.25823175666442;1.83186001871146;3.99120339078684;1.3588030511895;1.87851348344017;2.14870450075935;2.23263374944074;2.058388132482;-1.08024328695265;-1.68100833892822;0.693147180559945;1.54044504094715;0.904961748927932;1.27506705125173;0.576019204423482;0.00759966254283802;177;18.2
"137";"biocom_50_187";"biocom";"50";187;1;0.22875;0.164687685901249;"kept";"bimod";"bing";0.764342401415022;-0.975383450474582;-0.220515587975769;9.647121;34.494253;13.114877048604;1.6094379124341;0.8751;0.00535237913991554;0.005;NA;NA;NA;NA;-0.223963133640553;-0.480459770114942;-0.000318558255758675;-1.02570779970468e-05;7;0.772443346033268;17.0253767547666;4.703782287709;0.0329843271317258;0.00193736253868749;0.00701229885105736;-0.174840746655238;3.53905284196942e-20;1.52136604815018;1.59896838560054;0.301818181818182;1.27229059127069;2.39052557945251;0.16;0.953718973530663;1.86673831939697;3.87298334620742;1.81297399534791;-0.04369672580793;1.20076593880852;1.89864830730607;1.48660077479215;0.423611065051626;1.54293599900077;12;0.561315002102314;1.25823175666442;1.83186001871146;3.99120339078684;1.3588030511895;1.87851348344017;2.14870450075935;2.23263374944074;2.058388132482;-1.08024328695265;-1.68100833892822;0.693147180559945;1.54044504094715;0.904961748927932;1.27506705125173;0.576019204423482;0.00759966254283802;177;18.2
"138";"biocom_50_187";"biocom";"50";187;2;0.22875;0.21570493753718;"kept";"bimod";"bing";0.867435341399928;-0.975383450474582;-0.220515587975769;9.647121;34.494253;13.114877048604;1.6094379124341;0.8751;0.0052445771612495;0.005;NA;NA;NA;NA;-0.223963133640553;-0.480459770114942;-0.000318558255758675;-1.02570779970468e-05;7;0.772443346033268;17.0253767547666;4.703782287709;0.0329843271317258;0.00193736253868749;0.00701229885105736;-0.174840746655238;3.53905284196942e-20;1.52136604815018;1.59896838560054;0.301818181818182;1.27229059127069;2.39052557945251;0.16;0.953718973530663;1.86673831939697;3.87298334620742;1.81297399534791;-0.04369672580793;1.20076593880852;1.89864830730607;1.48660077479215;0.423611065051626;1.54293599900077;12;0.561315002102314;1.25823175666442;1.83186001871146;3.99120339078684;1.3588030511895;1.87851348344017;2.14870450075935;2.23263374944074;2.058388132482;-1.08024328695265;-1.68100833892822;0.693147180559945;1.54044504094715;0.904961748927932;1.27506705125173;0.576019204423482;0.00759966254283802;177;18.2
"139";"biocom_50_188";"biocom";"50";188;3;0.380833333333333;0.453539559785842;"kept";"unimod";"bing";0.65620955866791;-0.731010302994061;0.682366424230069;8.673783;35.167767;30.5614135798723;1.79175946922805;0.7388;0.014762908699015;0.014021293232474;NA;NA;NA;NA;0.726108374384236;-0.398485089252609;0.00167509617817597;-3.67934641004523e-06;6;0.814679684184185;20.246942767158;3.03109993505482;0.0602864662252064;0.00297755897858294;0.0198893033937913;-0.380395150318632;3.19933228833685e-198;1.08462769622314;1.10150503945405;0.301818181818182;1.33184010443622;2.54983854293823;0.203636363636364;1.03584063715405;1.32559311389923;3.3166247903554;1.97699886470816;0.130581290302379;1.46413038946964;2.37886580797276;1.04041540159238;0.467885148084985;1.55781647137233;9;0.690296464731773;1.31318734430129;1.82248038812117;4.67909549225421;1.1441891751162;1.74291619327333;1.92841397391425;2.7592278695768;2.21557371600442;-1.13698264276138;-1.64766480525335;1.54044504094715;1.46633706879343;0.992782929839281;1.39914820591609;0.431472606941063;0.0123428585874317;355;15.6
"140";"biocom_50_188";"biocom";"50";188;1;0.380833333333333;0.402212968471148;"kept";"unimod";"bing";0.540905116724623;-0.731010302994061;0.682366424230069;8.673783;35.167767;30.5614135798723;1.79175946922805;0.7388;0.0234264306151586;0.0225956098345865;NA;NA;NA;NA;0.726108374384236;-0.398485089252609;0.00167509617817597;-3.67934641004523e-06;6;0.814679684184185;20.246942767158;3.03109993505482;0.0602864662252064;0.00297755897858294;0.0198893033937913;-0.380395150318632;3.19933228833685e-198;1.08462769622314;1.10150503945405;0.301818181818182;1.33184010443622;2.54983854293823;0.203636363636364;1.03584063715405;1.32559311389923;3.3166247903554;1.97699886470816;0.130581290302379;1.46413038946964;2.37886580797276;1.04041540159238;0.467885148084985;1.55781647137233;9;0.690296464731773;1.31318734430129;1.82248038812117;4.67909549225421;1.1441891751162;1.74291619327333;1.92841397391425;2.7592278695768;2.21557371600442;-1.13698264276138;-1.64766480525335;1.54044504094715;1.46633706879343;0.992782929839281;1.39914820591609;0.431472606941063;0.0123428585874317;355;15.6
"141";"biocom_50_188";"biocom";"50";188;2;0.380833333333333;0.362046400951814;"kept";"bimod";"bing";0.67149891539879;-0.731010302994061;0.682366424230069;8.673783;35.167767;30.5614135798723;1.79175946922805;0.7388;0.0107387806430439;0.00984940453426197;NA;NA;NA;NA;0.726108374384236;-0.398485089252609;0.00167509617817597;-3.67934641004523e-06;6;0.814679684184185;20.246942767158;3.03109993505482;0.0602864662252064;0.00297755897858294;0.0198893033937913;-0.380395150318632;3.19933228833685e-198;1.08462769622314;1.10150503945405;0.301818181818182;1.33184010443622;2.54983854293823;0.203636363636364;1.03584063715405;1.32559311389923;3.3166247903554;1.97699886470816;0.130581290302379;1.46413038946964;2.37886580797276;1.04041540159238;0.467885148084985;1.55781647137233;9;0.690296464731773;1.31318734430129;1.82248038812117;4.67909549225421;1.1441891751162;1.74291619327333;1.92841397391425;2.7592278695768;2.21557371600442;-1.13698264276138;-1.64766480525335;1.54044504094715;1.46633706879343;0.992782929839281;1.39914820591609;0.431472606941063;0.0123428585874317;355;15.6
"142";"biocom_50_189";"biocom";"50";189;1;0.155833333333333;0.16091145138198;"kept";"unimod";"bing";0.563409696840191;-0.852742910345227;-0.522330861481449;9.97436;33.52157;21.7485631709315;3.13549421592915;0.8402;0.00640198261412542;0.00572029187693004;NA;NA;NA;NA;0.421812596006144;0.160464007627523;0.000397105651930398;4.78122915870002e-06;19;0.865753390268432;19.2022116419568;3.69203696709446;0.0269503756207079;0.00140350372775922;0.00729959528057413;0.12631864749037;4.06490323851222e-45;1.34694735982421;2.70705501182465;0.425454545454545;1.36583044938743;2.00950837135315;0.134545454545455;1.18676793575287;1.18676793575287;2.23606797749979;3.27531674888519;-0.213474796712428;1.19547817447493;2.15484540552628;1.32813215188987;0.135520034197934;1.22442344301626;7;0.947456356866073;2.56780222254777;1.89135027739961;1.76028085660087;1.8426833732058;1.84188067436219;1.99418349266052;2.03141194193818;2.94443897916644;-1.20769758547346;-1.72647076845169;1.94591014905531;2.4423470353692;0.977352704195415;1.2893363237381;0.62904558815478;0.00562340466249571;221;18.7
"143";"biocom_50_189";"biocom";"50";189;2;0.155833333333333;0.13461168781238;"kept";"unimod";"bing";0.49302347418665;-0.852742910345227;-0.522330861481449;9.97436;33.52157;21.7485631709315;3.13549421592915;0.8402;0.00782540045015784;0.00767656849216902;NA;NA;NA;NA;0.421812596006144;0.160464007627523;0.000397105651930398;4.78122915870002e-06;19;0.865753390268432;19.2022116419568;3.69203696709446;0.0269503756207079;0.00140350372775922;0.00729959528057413;0.12631864749037;4.06490323851222e-45;1.34694735982421;2.70705501182465;0.425454545454545;1.36583044938743;2.00950837135315;0.134545454545455;1.18676793575287;1.18676793575287;2.23606797749979;3.27531674888519;-0.213474796712428;1.19547817447493;2.15484540552628;1.32813215188987;0.135520034197934;1.22442344301626;7;0.947456356866073;2.56780222254777;1.89135027739961;1.76028085660087;1.8426833732058;1.84188067436219;1.99418349266052;2.03141194193818;2.94443897916644;-1.20769758547346;-1.72647076845169;1.94591014905531;2.4423470353692;0.977352704195415;1.2893363237381;0.62904558815478;0.00562340466249571;221;18.7
"144";"biocom_50_189";"biocom";"50";189;3;0.155833333333333;0.153811034217609;"kept";"unimod";"bing";0.466006367245354;-0.852742910345227;-0.522330861481449;9.97436;33.52157;21.7485631709315;3.13549421592915;0.8402;0.00888063752544311;0.00839197545940296;NA;NA;NA;NA;0.421812596006144;0.160464007627523;0.000397105651930398;4.78122915870002e-06;19;0.865753390268432;19.2022116419568;3.69203696709446;0.0269503756207079;0.00140350372775922;0.00729959528057413;0.12631864749037;4.06490323851222e-45;1.34694735982421;2.70705501182465;0.425454545454545;1.36583044938743;2.00950837135315;0.134545454545455;1.18676793575287;1.18676793575287;2.23606797749979;3.27531674888519;-0.213474796712428;1.19547817447493;2.15484540552628;1.32813215188987;0.135520034197934;1.22442344301626;7;0.947456356866073;2.56780222254777;1.89135027739961;1.76028085660087;1.8426833732058;1.84188067436219;1.99418349266052;2.03141194193818;2.94443897916644;-1.20769758547346;-1.72647076845169;1.94591014905531;2.4423470353692;0.977352704195415;1.2893363237381;0.62904558815478;0.00562340466249571;221;18.7
"145";"biocom_50_190";"biocom";"50";190;2;0.418333333333333;0.298897162786314;"kept";"unimod";"bing";0.472684021581123;-0.952901769437686;0.303279108747252;9.116646;35.160036;24.454038521275;1.6094379124341;0.806;0.0154107582432424;0.014343103806764;NA;NA;NA;NA;0.0845277821918534;0.382827480269082;8.38569746964721e-05;2.42151398042697e-06;6;0.872474548971013;31.2403748660218;5.54447897825852;0.034750791784968;0.00111236795121701;0.00626763883878643;-0.137635266831377;0.0196359399880357;1.31037326617196;2.07715578828366;0.305454545454545;1.33632843238967;2.41203331947327;0.178181818181818;1.15366422467762;2.0315728187561;3.74165738677394;1.83872627781391;0.110087920195149;1.422549915557;2.57858283255199;1.07481339076879;0.584693555140653;1.61848567163243;12;0.598620703992646;1.38156897625101;1.7567362510241;3.99120339078684;1.18929879465072;1.83858109182782;2.01030876239141;2.3433888475512;2.15948424935337;-1.09185935987367;-1.61491497357686;1.55814461804655;1.74919985480926;1.07564586000517;1.57186055183411;0.475633650368224;0.00452130929781968;274;17.1
"146";"biocom_50_190";"biocom";"50";190;1;0.418333333333333;0.387854651710812;"kept";"unimod";"bing";0.511443258446663;-0.952901769437686;0.303279108747252;9.116646;35.160036;24.454038521275;1.6094379124341;0.806;0.0181478881163425;0.018082409085779;NA;NA;NA;NA;0.0845277821918534;0.382827480269082;8.38569746964721e-05;2.42151398042697e-06;6;0.872474548971013;31.2403748660218;5.54447897825852;0.034750791784968;0.00111236795121701;0.00626763883878643;-0.137635266831377;0.0196359399880357;1.31037326617196;2.07715578828366;0.305454545454545;1.33632843238967;2.41203331947327;0.178181818181818;1.15366422467762;2.0315728187561;3.74165738677394;1.83872627781391;0.110087920195149;1.422549915557;2.57858283255199;1.07481339076879;0.584693555140653;1.61848567163243;12;0.598620703992646;1.38156897625101;1.7567362510241;3.99120339078684;1.18929879465072;1.83858109182782;2.01030876239141;2.3433888475512;2.15948424935337;-1.09185935987367;-1.61491497357686;1.55814461804655;1.74919985480926;1.07564586000517;1.57186055183411;0.475633650368224;0.00452130929781968;274;17.1
"147";"biocom_50_190";"biocom";"50";190;3;0.418333333333333;0.363182203789236;"kept";"bimod";"bing";0.716692564250203;-0.952901769437686;0.303279108747252;9.116646;35.160036;24.454038521275;1.6094379124341;0.806;0.0104127878226368;0.00747735185629;NA;NA;NA;NA;0.0845277821918534;0.382827480269082;8.38569746964721e-05;2.42151398042697e-06;6;0.872474548971013;31.2403748660218;5.54447897825852;0.034750791784968;0.00111236795121701;0.00626763883878643;-0.137635266831377;0.0196359399880357;1.31037326617196;2.07715578828366;0.305454545454545;1.33632843238967;2.41203331947327;0.178181818181818;1.15366422467762;2.0315728187561;3.74165738677394;1.83872627781391;0.110087920195149;1.422549915557;2.57858283255199;1.07481339076879;0.584693555140653;1.61848567163243;12;0.598620703992646;1.38156897625101;1.7567362510241;3.99120339078684;1.18929879465072;1.83858109182782;2.01030876239141;2.3433888475512;2.15948424935337;-1.09185935987367;-1.61491497357686;1.55814461804655;1.74919985480926;1.07564586000517;1.57186055183411;0.475633650368224;0.00452130929781968;274;17.1
"148";"biocom_50_192";"biocom";"50";192;2;0.119166666666667;0.114368220534349;"kept";"unimod";"bing";0.501874801462577;-0.476772430771298;-0.879026762537085;10.498595;32.98347;15.3297097167559;0.693147180559945;0.9037;0.00582529207471798;0.00529613750525698;NA;NA;NA;NA;-0.181799883468404;0.280830552465703;-0.000243226936622984;5.22497920488445e-06;18;0.841452749909762;17.9788926251789;4.39187779384933;0.0174597887504884;0.000971127038493823;0.00397547235374815;0.15293795925183;4.66363722915407e-11;1.31848474971458;1.21348334493513;0.421818181818182;1.36477769650135;2.08582043647766;0.105454545454545;0.836128453413645;0.979878187179565;2.82842712474619;2.83153275856102;-0.261013334139287;1.04436209301154;1.89864830730607;1.7575198620808;-0.00536834570932704;1.19091626188972;4;0.955408786458393;2.46690427098236;1.87049551870002;3.2798728979856;1.48429402903091;1.7626632289453;1.90874658931385;2.44783916513624;2.90872089656436;-1.30980627984929;-1.70698265234629;0;1.38629436111989;0.825159740447998;1.00753545761108;0.615015978309905;0.00306879542801414;141;20
"149";"biocom_50_192";"biocom";"50";192;3;0.119166666666667;0.0857843137254902;"kept";"unimod";"bing";0.408757637932114;-0.476772430771298;-0.879026762537085;10.498595;32.98347;15.3297097167559;0.693147180559945;0.9037;0.00663638497863297;0.00615112699470499;NA;NA;NA;NA;-0.181799883468404;0.280830552465703;-0.000243226936622984;5.22497920488445e-06;18;0.841452749909762;17.9788926251789;4.39187779384933;0.0174597887504884;0.000971127038493823;0.00397547235374815;0.15293795925183;4.66363722915407e-11;1.31848474971458;1.21348334493513;0.421818181818182;1.36477769650135;2.08582043647766;0.105454545454545;0.836128453413645;0.979878187179565;2.82842712474619;2.83153275856102;-0.261013334139287;1.04436209301154;1.89864830730607;1.7575198620808;-0.00536834570932704;1.19091626188972;4;0.955408786458393;2.46690427098236;1.87049551870002;3.2798728979856;1.48429402903091;1.7626632289453;1.90874658931385;2.44783916513624;2.90872089656436;-1.30980627984929;-1.70698265234629;0;1.38629436111989;0.825159740447998;1.00753545761108;0.615015978309905;0.00306879542801414;141;20
"150";"biocom_50_192";"biocom";"50";192;1;0.119166666666667;0.138343565725934;"kept";"bimod";"bing";0.779868529596198;-0.476772430771298;-0.879026762537085;10.498595;32.98347;15.3297097167559;0.693147180559945;0.9037;0.00504243197258145;0.005;NA;NA;NA;NA;-0.181799883468404;0.280830552465703;-0.000243226936622984;5.22497920488445e-06;18;0.841452749909762;17.9788926251789;4.39187779384933;0.0174597887504884;0.000971127038493823;0.00397547235374815;0.15293795925183;4.66363722915407e-11;1.31848474971458;1.21348334493513;0.421818181818182;1.36477769650135;2.08582043647766;0.105454545454545;0.836128453413645;0.979878187179565;2.82842712474619;2.83153275856102;-0.261013334139287;1.04436209301154;1.89864830730607;1.7575198620808;-0.00536834570932704;1.19091626188972;4;0.955408786458393;2.46690427098236;1.87049551870002;3.2798728979856;1.48429402903091;1.7626632289453;1.90874658931385;2.44783916513624;2.90872089656436;-1.30980627984929;-1.70698265234629;0;1.38629436111989;0.825159740447998;1.00753545761108;0.615015978309905;0.00306879542801414;141;20
"151";"biocom_50_193";"biocom";"50";193;2;0.293695056365705;0.223809190412845;"kept";"unimod";"bing";0.666272183649675;-0.468131677326571;-0.883658719576405;10.508399;34.686306;10.1980390271856;1.38629436111989;0.839;0.00864806206701843;0.00857475196649804;NA;NA;NA;NA;-0.376746649716616;0.298649292865088;-0.000448014741640276;5.01987113747732e-06;4;0.83656246819656;12.8277814697975;3.42037043010842;0.0414492617423442;0.00323121046612267;0.0121183546020278;-0.0225358163814756;6.1944598767004e-39;1.09257845171345;1.5294553229656;0.32;1.30224380544994;2.08024311065674;0.174545454545455;1.00749612516827;1.57004928588867;4.24264068711928;1.08449222600272;0.057730005569299;1.33454797565937;2.15484540552628;0.90123279734443;0.588348479497724;1.64363011292049;11;0.615282433642996;1.74431033058704;1.87427859425545;5.34753955386447;0.986292191198846;1.79480740603279;1.89730680690092;2.57858283255199;2.05412373369555;-1.3563435285432;-1.90785436630249;1.42711635564015;1.34373474670109;0.933560829266669;1.56525939702988;0.642377550984595;0.0126872771565095;193;18.3
"152";"biocom_50_193";"biocom";"50";193;3;0.293695056365705;0.29813997992952;"kept";"unimod";"bing";0.578462359388443;-0.468131677326571;-0.883658719576405;10.508399;34.686306;10.1980390271856;1.38629436111989;0.839;0.0108916330218859;0.0109692096931715;NA;NA;NA;NA;-0.376746649716616;0.298649292865088;-0.000448014741640276;5.01987113747732e-06;4;0.83656246819656;12.8277814697975;3.42037043010842;0.0414492617423442;0.00323121046612267;0.0121183546020278;-0.0225358163814756;6.1944598767004e-39;1.09257845171345;1.5294553229656;0.32;1.30224380544994;2.08024311065674;0.174545454545455;1.00749612516827;1.57004928588867;4.24264068711928;1.08449222600272;0.057730005569299;1.33454797565937;2.15484540552628;0.90123279734443;0.588348479497724;1.64363011292049;11;0.615282433642996;1.74431033058704;1.87427859425545;5.34753955386447;0.986292191198846;1.79480740603279;1.89730680690092;2.57858283255199;2.05412373369555;-1.3563435285432;-1.90785436630249;1.42711635564015;1.34373474670109;0.933560829266669;1.56525939702988;0.642377550984595;0.0126872771565095;193;18.3
"153";"biocom_50_193";"biocom";"50";193;1;0.293695056365705;0.277929473266587;"kept";"unimod";"bing";0.583789611047812;-0.468131677326571;-0.883658719576405;10.508399;34.686306;10.1980390271856;1.38629436111989;0.839;0.00713889470886597;0.005883417590903;NA;NA;NA;NA;-0.376746649716616;0.298649292865088;-0.000448014741640276;5.01987113747732e-06;4;0.83656246819656;12.8277814697975;3.42037043010842;0.0414492617423442;0.00323121046612267;0.0121183546020278;-0.0225358163814756;6.1944598767004e-39;1.09257845171345;1.5294553229656;0.32;1.30224380544994;2.08024311065674;0.174545454545455;1.00749612516827;1.57004928588867;4.24264068711928;1.08449222600272;0.057730005569299;1.33454797565937;2.15484540552628;0.90123279734443;0.588348479497724;1.64363011292049;11;0.615282433642996;1.74431033058704;1.87427859425545;5.34753955386447;0.986292191198846;1.79480740603279;1.89730680690092;2.57858283255199;2.05412373369555;-1.3563435285432;-1.90785436630249;1.42711635564015;1.34373474670109;0.933560829266669;1.56525939702988;0.642377550984595;0.0126872771565095;193;18.3
"154";"biocom_50_194";"biocom";"50";194;1;0.296666666665833;0.364186851211073;"kept";"unimod";"bing";0.528734819375033;-0.824367149699757;-0.566055476517893;10.026491;33.762111;9.69535971483266;0.916290731874155;0.8691;0.0261257459698225;0.028179959727967;NA;NA;NA;NA;-0.232141532920176;-0.207119021134594;-0.000233527934751909;-2.38563638251585e-06;18;0.81903646594808;13.6094855402701;2.54139768256092;0.0228820967589772;0.00168133444069356;0.00900374503211136;-0.0718534096886592;6.3720744106137e-22;1.28820057052131;1.12580885113893;0.425454545454545;1.3728110467901;2.223393201828;0.123636363636364;0.868707418441772;0.955793082714081;2.23606797749979;3.27783363592382;-0.210536827218759;1.17751834854003;1.22865469807759;2.35692244337354;0.223896380770171;1.50662245452404;6;0.89628149452734;2.63703520108641;1.90183744122905;2.539291416276;1.92868456837604;1.94349059851273;2.13422228979028;3.21875914758613;2.66258782702545;-1.13610850077458;-1.53724211454391;1.70474809223843;2.30258509299405;0.853920277796294;1.24614718556404;0.726585756141988;0.00771472842855235;175;19.5
"155";"biocom_50_194";"biocom";"50";194;3;0.296666666665833;0.247597078046905;"kept";"unimod";"bing";0.544804635884557;-0.824367149699757;-0.566055476517893;10.026491;33.762111;9.69535971483266;0.916290731874155;0.8691;0.010740605042551;0.00984304411662901;NA;NA;NA;NA;-0.232141532920176;-0.207119021134594;-0.000233527934751909;-2.38563638251585e-06;18;0.81903646594808;13.6094855402701;2.54139768256092;0.0228820967589772;0.00168133444069356;0.00900374503211136;-0.0718534096886592;6.3720744106137e-22;1.28820057052131;1.12580885113893;0.425454545454545;1.3728110467901;2.223393201828;0.123636363636364;0.868707418441772;0.955793082714081;2.23606797749979;3.27783363592382;-0.210536827218759;1.17751834854003;1.22865469807759;2.35692244337354;0.223896380770171;1.50662245452404;6;0.89628149452734;2.63703520108641;1.90183744122905;2.539291416276;1.92868456837604;1.94349059851273;2.13422228979028;3.21875914758613;2.66258782702545;-1.13610850077458;-1.53724211454391;1.70474809223843;2.30258509299405;0.853920277796294;1.24614718556404;0.726585756141988;0.00771472842855235;175;19.5
"156";"biocom_50_194";"biocom";"50";194;2;0.296666666665833;0.378436178392926;"kept";"bimod";"bing";0.667307200539416;-0.824367149699757;-0.566055476517893;10.026491;33.762111;9.69535971483266;0.916290731874155;0.8691;0.00874051342889346;0.006913409044802;NA;NA;NA;NA;-0.232141532920176;-0.207119021134594;-0.000233527934751909;-2.38563638251585e-06;18;0.81903646594808;13.6094855402701;2.54139768256092;0.0228820967589772;0.00168133444069356;0.00900374503211136;-0.0718534096886592;6.3720744106137e-22;1.28820057052131;1.12580885113893;0.425454545454545;1.3728110467901;2.223393201828;0.123636363636364;0.868707418441772;0.955793082714081;2.23606797749979;3.27783363592382;-0.210536827218759;1.17751834854003;1.22865469807759;2.35692244337354;0.223896380770171;1.50662245452404;6;0.89628149452734;2.63703520108641;1.90183744122905;2.539291416276;1.92868456837604;1.94349059851273;2.13422228979028;3.21875914758613;2.66258782702545;-1.13610850077458;-1.53724211454391;1.70474809223843;2.30258509299405;0.853920277796294;1.24614718556404;0.726585756141988;0.00771472842855235;175;19.5
"157";"biocom_50_195";"biocom";"50";195;3;0.461666666666667;0.408353365384615;"kept";"bimod";"bing";0.755173148866905;-0.965602158624292;-0.260023982086476;9.687825;35.634186;16.9705627484771;1.09861228866811;0.7824;0.0135949851939991;0.00964726031489299;NA;NA;NA;NA;-0.262969436940516;0.591461412151067;-0.000146358275722911;1.14787749468177e-05;5;0.903962486024027;14.0949058738004;3.77495145846397;0.0494169970289378;0.00350601823604896;0.0130907635694594;0.158987191319391;7.44317217307955e-14;1.18534827638211;1.3999494048533;0.290909090909091;1.22761203845342;2.80312252044678;0.167272727272727;1.23076448440552;1.81475865840912;4.12310562561766;1.46769345589363;0.0974284429496843;1.31613197790252;2.57858283255199;0.971195485525657;0.49280029708382;1.55777713987562;14;0.421923991974907;1.00463500627604;1.75535925144845;3.99120339078684;1.21070858372401;1.85690732513156;2.31252185787474;1.9440380679975;1.92181259747625;-1.07114254245346;-1.62626771132151;0.944461608840852;1.23214368129263;0.972456635919963;1.34074148961476;0.662153083065148;0.0150984633364262;314;17.6
"158";"biocom_50_195";"biocom";"50";195;1;0.461666666666667;0.331883427577207;"kept";"bimod";"bing";0.717313204088209;-0.965602158624292;-0.260023982086476;9.687825;35.634186;16.9705627484771;1.09861228866811;0.7824;0.0172880676124502;0.017973274501262;NA;NA;NA;NA;-0.262969436940516;0.591461412151067;-0.000146358275722911;1.14787749468177e-05;5;0.903962486024027;14.0949058738004;3.77495145846397;0.0494169970289378;0.00350601823604896;0.0130907635694594;0.158987191319391;7.44317217307955e-14;1.18534827638211;1.3999494048533;0.290909090909091;1.22761203845342;2.80312252044678;0.167272727272727;1.23076448440552;1.81475865840912;4.12310562561766;1.46769345589363;0.0974284429496843;1.31613197790252;2.57858283255199;0.971195485525657;0.49280029708382;1.55777713987562;14;0.421923991974907;1.00463500627604;1.75535925144845;3.99120339078684;1.21070858372401;1.85690732513156;2.31252185787474;1.9440380679975;1.92181259747625;-1.07114254245346;-1.62626771132151;0.944461608840852;1.23214368129263;0.972456635919963;1.34074148961476;0.662153083065148;0.0150984633364262;314;17.6
"159";"biocom_50_195";"biocom";"50";195;2;0.461666666666667;0.514045008127103;"kept";"unimod";"bing";0.598463162095574;-0.965602158624292;-0.260023982086476;9.687825;35.634186;16.9705627484771;1.09861228866811;0.7824;0.0728940739146425;0.070548764318509;NA;NA;NA;NA;-0.262969436940516;0.591461412151067;-0.000146358275722911;1.14787749468177e-05;5;0.903962486024027;14.0949058738004;3.77495145846397;0.0494169970289378;0.00350601823604896;0.0130907635694594;0.158987191319391;7.44317217307955e-14;1.18534827638211;1.3999494048533;0.290909090909091;1.22761203845342;2.80312252044678;0.167272727272727;1.23076448440552;1.81475865840912;4.12310562561766;1.46769345589363;0.0974284429496843;1.31613197790252;2.57858283255199;0.971195485525657;0.49280029708382;1.55777713987562;14;0.421923991974907;1.00463500627604;1.75535925144845;3.99120339078684;1.21070858372401;1.85690732513156;2.31252185787474;1.9440380679975;1.92181259747625;-1.07114254245346;-1.62626771132151;0.944461608840852;1.23214368129263;0.972456635919963;1.34074148961476;0.662153083065148;0.0150984633364262;314;17.6
"160";"biocom_50_196";"biocom";"50";196;1;0.333333333333333;0.392344497607655;"kept";"bimod";"bing";0.552276923865225;-0.939810155589923;-0.341697046299853;9.7735;35.855417;14.8660687473185;0.916290731874155;0.702;0.0341925508056164;0.0212813017321285;NA;NA;NA;NA;0.230872383222826;-0.035706303679186;0.000526788425492691;1.95667422610854e-06;24;0.764545565725514;32.2150875496883;5.43492374930587;0.0901099014393235;0.00279713352634348;0.0165797912897733;0.242434841631808;1.43193129393084e-25;1.3655640618645;1.16852056721307;0.335766423357664;1.40516196925875;2.06610107421875;0.105839416058394;0.664823691050212;0.694235384464264;3;2.6700947712002;-0.308282248163155;0.806236919710192;1.59753955386447;1.74311208769028;-0.186442754763101;0.946511193325645;5;0.996037325131913;1.79190739912053;1.86223126593091;3.2798728979856;1.77802992511373;1.7574983778454;1.91184692155748;2.57858283255199;1.38629436111989;-0.594432592391968;-0.773088157176971;2.39789527279837;2.07944154167984;0.737157331779599;0.938527345657349;0.280083550412713;0.0116873055065956;407;16.5
"161";"biocom_50_196";"biocom";"50";196;2;0.333333333333333;0.266225590073487;"kept";"unimod";"bing";0.671320778698957;-0.939810155589923;-0.341697046299853;9.7735;35.855417;14.8660687473185;0.916290731874155;0.702;0.0101352110222503;0.00755910235752;NA;NA;NA;NA;0.230872383222826;-0.035706303679186;0.000526788425492691;1.95667422610854e-06;24;0.764545565725514;32.2150875496883;5.43492374930587;0.0901099014393235;0.00279713352634348;0.0165797912897733;0.242434841631808;1.43193129393084e-25;1.3655640618645;1.16852056721307;0.335766423357664;1.40516196925875;2.06610107421875;0.105839416058394;0.664823691050212;0.694235384464264;3;2.6700947712002;-0.308282248163155;0.806236919710192;1.59753955386447;1.74311208769028;-0.186442754763101;0.946511193325645;5;0.996037325131913;1.79190739912053;1.86223126593091;3.2798728979856;1.77802992511373;1.7574983778454;1.91184692155748;2.57858283255199;1.38629436111989;-0.594432592391968;-0.773088157176971;2.39789527279837;2.07944154167984;0.737157331779599;0.938527345657349;0.280083550412713;0.0116873055065956;407;16.5
"162";"biocom_50_196";"biocom";"50";196;3;0.333333333333333;0.394771181978435;"kept";"bimod";"bing";0.558128884764973;-0.939810155589923;-0.341697046299853;9.7735;35.855417;14.8660687473185;0.916290731874155;0.702;0.0447983733635663;0.020038116693241;NA;NA;NA;NA;0.230872383222826;-0.035706303679186;0.000526788425492691;1.95667422610854e-06;24;0.764545565725514;32.2150875496883;5.43492374930587;0.0901099014393235;0.00279713352634348;0.0165797912897733;0.242434841631808;1.43193129393084e-25;1.3655640618645;1.16852056721307;0.335766423357664;1.40516196925875;2.06610107421875;0.105839416058394;0.664823691050212;0.694235384464264;3;2.6700947712002;-0.308282248163155;0.806236919710192;1.59753955386447;1.74311208769028;-0.186442754763101;0.946511193325645;5;0.996037325131913;1.79190739912053;1.86223126593091;3.2798728979856;1.77802992511373;1.7574983778454;1.91184692155748;2.57858283255199;1.38629436111989;-0.594432592391968;-0.773088157176971;2.39789527279837;2.07944154167984;0.737157331779599;0.938527345657349;0.280083550412713;0.0116873055065956;407;16.5
"163";"biocom_50_201";"biocom";"50";201;3;0.368666666666667;0.423218497211753;"kept";"unimod";"bing";0.566529273134797;-0.999572925272348;-0.0292227148376314;-109.926516;37.259733;39.9374510954317;0.916290731874155;0.8307;0.0571908001618918;0.0343218961422885;NA;NA;NA;NA;0.606864770379787;-0.175549552412734;0.000547786925518417;-5.08714307734968e-07;8;0.911964845849594;46.3071470637307;8.94301393516179;0.0319118772086391;0.000689135030597331;0.00356835821122555;0.0151126274473974;1.91668363241033e-109;1.65392954775716;2.59618753114151;0.345454545454545;1.25262264079518;2.71377873420715;0.12;0.923077302319663;1.13009285926819;3.16227766016838;2.5035384205654;-0.0609964121816955;1.3907887766946;2.15484540552628;1.57138085677532;0.458192282753203;1.62420404271076;11;0.724629765444682;1.71355360680038;1.9124260078777;2.539291416276;1.6119454329976;1.9044083129792;2.33369475886935;1.37712250312895;2.01490302054226;-1.06604600427433;-1.55841934680939;2.484906649788;1.6094379124341;0.882740875085195;1.10274517536163;0.465989895635636;0.00343987758355068;219;12.2
"164";"biocom_50_201";"biocom";"50";201;2;0.368666666666667;0.389054200004408;"kept";"unimod";"bing";0.385060618922288;-0.999572925272348;-0.0292227148376314;-109.926516;37.259733;39.9374510954317;0.916290731874155;0.8307;0.0369696909128608;0.037415361418734;NA;NA;NA;NA;0.606864770379787;-0.175549552412734;0.000547786925518417;-5.08714307734968e-07;8;0.911964845849594;46.3071470637307;8.94301393516179;0.0319118772086391;0.000689135030597331;0.00356835821122555;0.0151126274473974;1.91668363241033e-109;1.65392954775716;2.59618753114151;0.345454545454545;1.25262264079518;2.71377873420715;0.12;0.923077302319663;1.13009285926819;3.16227766016838;2.5035384205654;-0.0609964121816955;1.3907887766946;2.15484540552628;1.57138085677532;0.458192282753203;1.62420404271076;11;0.724629765444682;1.71355360680038;1.9124260078777;2.539291416276;1.6119454329976;1.9044083129792;2.33369475886935;1.37712250312895;2.01490302054226;-1.06604600427433;-1.55841934680939;2.484906649788;1.6094379124341;0.882740875085195;1.10274517536163;0.465989895635636;0.00343987758355068;219;12.2
"165";"biocom_50_201";"biocom";"50";201;1;0.368666666666667;0.408825409420529;"kept";"unimod";"bing";0.503396322886474;-0.999572925272348;-0.0292227148376314;-109.926516;37.259733;39.9374510954317;0.916290731874155;0.8307;0.0388454394680343;0.030281065671703;NA;NA;NA;NA;0.606864770379787;-0.175549552412734;0.000547786925518417;-5.08714307734968e-07;8;0.911964845849594;46.3071470637307;8.94301393516179;0.0319118772086391;0.000689135030597331;0.00356835821122555;0.0151126274473974;1.91668363241033e-109;1.65392954775716;2.59618753114151;0.345454545454545;1.25262264079518;2.71377873420715;0.12;0.923077302319663;1.13009285926819;3.16227766016838;2.5035384205654;-0.0609964121816955;1.3907887766946;2.15484540552628;1.57138085677532;0.458192282753203;1.62420404271076;11;0.724629765444682;1.71355360680038;1.9124260078777;2.539291416276;1.6119454329976;1.9044083129792;2.33369475886935;1.37712250312895;2.01490302054226;-1.06604600427433;-1.55841934680939;2.484906649788;1.6094379124341;0.882740875085195;1.10274517536163;0.465989895635636;0.00343987758355068;219;12.2
"166";"biocom_50_205";"biocom";"50";205;3;0.260666666666667;0.238536116691414;"kept";"unimod";"bing";0.462573693133234;-0.846753759636478;0.531985028493744;-110.516686;38.003108;36.4005494464026;1.6094379124341;0.8831;0.0205262647842656;0.0203669559218765;NA;NA;NA;NA;0.230743153768738;-0.370729381852852;0.000311624457499173;-2.26687798506608e-06;8;0.744790964749443;46.9049228690845;14.9136416408899;0.0268765188620998;0.000572999958599535;0.00180214326649839;0.00873955492215137;6.79590386329105e-19;1.67243754169874;2.34992394909484;0.330909090909091;1.21372688305183;1.95785999298096;0.141818181818182;1.29172183000124;1.57193470001221;2.82842712474619;2.4171857978444;0.0923560363814449;1.56803710120065;1.89864830730607;1.53606317656432;0.60672534826941;1.6997329056263;8;0.719846852814565;1.76420484800179;1.9908805290858;3.99120339078684;1.42021907323501;1.84062709306416;2.23890517887316;0.743491774985175;2.52572864430826;-1.26158934557237;-1.98208263516426;1.52605630349505;1.6094379124341;1.13634664194451;1.54058978557587;0.188838056264684;0.002900885881378;161;12.4
"167";"biocom_50_205";"biocom";"50";205;1;0.260666666666667;0.220724716062737;"kept";"unimod";"bing";0.506143962810204;-0.846753759636478;0.531985028493744;-110.516686;38.003108;36.4005494464026;1.6094379124341;0.8831;0.00874974253285627;0.00805177216627301;NA;NA;NA;NA;0.230743153768738;-0.370729381852852;0.000311624457499173;-2.26687798506608e-06;8;0.744790964749443;46.9049228690845;14.9136416408899;0.0268765188620998;0.000572999958599535;0.00180214326649839;0.00873955492215137;6.79590386329105e-19;1.67243754169874;2.34992394909484;0.330909090909091;1.21372688305183;1.95785999298096;0.141818181818182;1.29172183000124;1.57193470001221;2.82842712474619;2.4171857978444;0.0923560363814449;1.56803710120065;1.89864830730607;1.53606317656432;0.60672534826941;1.6997329056263;8;0.719846852814565;1.76420484800179;1.9908805290858;3.99120339078684;1.42021907323501;1.84062709306416;2.23890517887316;0.743491774985175;2.52572864430826;-1.26158934557237;-1.98208263516426;1.52605630349505;1.6094379124341;1.13634664194451;1.54058978557587;0.188838056264684;0.002900885881378;161;12.4
"168";"biocom_50_205";"biocom";"50";205;2;0.260666666666667;0.278583282382741;"kept";"bimod";"bing";0.690832017092175;-0.846753759636478;0.531985028493744;-110.516686;38.003108;36.4005494464026;1.6094379124341;0.8831;0.00714019388386989;0.00562208337925196;NA;NA;NA;NA;0.230743153768738;-0.370729381852852;0.000311624457499173;-2.26687798506608e-06;8;0.744790964749443;46.9049228690845;14.9136416408899;0.0268765188620998;0.000572999958599535;0.00180214326649839;0.00873955492215137;6.79590386329105e-19;1.67243754169874;2.34992394909484;0.330909090909091;1.21372688305183;1.95785999298096;0.141818181818182;1.29172183000124;1.57193470001221;2.82842712474619;2.4171857978444;0.0923560363814449;1.56803710120065;1.89864830730607;1.53606317656432;0.60672534826941;1.6997329056263;8;0.719846852814565;1.76420484800179;1.9908805290858;3.99120339078684;1.42021907323501;1.84062709306416;2.23890517887316;0.743491774985175;2.52572864430826;-1.26158934557237;-1.98208263516426;1.52605630349505;1.6094379124341;1.13634664194451;1.54058978557587;0.188838056264684;0.002900885881378;161;12.4
"169";"biocom_50_207";"biocom";"50";207;3;0.180333333333333;0.157352000526061;"kept";"unimod";"bing";0.735657301204339;-0.908482745465574;-0.417922362636093;-115.807771;33.747137;31.224989991992;0.693147180559945;0.8703;0.00892578648297752;0.009034772522024;NA;NA;NA;NA;0.115164998146088;0.0396525239684305;5.04224776962462e-05;-2.66104990717843e-07;6;0.822595663035781;17.3818027208325;4.06209252697991;0.027859573861347;0.00160280117711592;0.00685842916583194;-0.0338217288594042;0.123588285369386;1.17905262081122;1.46591469237489;0.32;1.25714719456595;3.60894680023193;0.152727272727273;1.09138758365925;1.30577182769775;3.3166247903554;2.15455277523202;0.0442817491144706;1.36573913527859;1.89864830730607;1.46744722174132;0.527684730551099;1.6821506023407;12;0.519440271062415;0.959617773880883;1.8058947622776;3.99120339078684;0.986292191198846;1.75915056069692;2.0609350045522;3.21875914758613;2.11021320034659;-0.972392726157393;-1.45837408304214;1.09861228866811;1.70474809223843;1.05698010047058;1.40896400809288;0.76885562001817;0.00578918097711331;203;17.6
"170";"biocom_50_207";"biocom";"50";207;2;0.180333333333333;0.164645118094703;"kept";"unimod";"bing";0.687759130074168;-0.908482745465574;-0.417922362636093;-115.807771;33.747137;31.224989991992;0.693147180559945;0.8703;0.0107990922772901;0.010022189918876;NA;NA;NA;NA;0.115164998146088;0.0396525239684305;5.04224776962462e-05;-2.66104990717843e-07;6;0.822595663035781;17.3818027208325;4.06209252697991;0.027859573861347;0.00160280117711592;0.00685842916583194;-0.0338217288594042;0.123588285369386;1.17905262081122;1.46591469237489;0.32;1.25714719456595;3.60894680023193;0.152727272727273;1.09138758365925;1.30577182769775;3.3166247903554;2.15455277523202;0.0442817491144706;1.36573913527859;1.89864830730607;1.46744722174132;0.527684730551099;1.6821506023407;12;0.519440271062415;0.959617773880883;1.8058947622776;3.99120339078684;0.986292191198846;1.75915056069692;2.0609350045522;3.21875914758613;2.11021320034659;-0.972392726157393;-1.45837408304214;1.09861228866811;1.70474809223843;1.05698010047058;1.40896400809288;0.76885562001817;0.00578918097711331;203;17.6
"171";"biocom_50_207";"biocom";"50";207;1;0.180333333333333;0.186596206383271;"kept";"unimod";"bing";0.692654671189297;-0.908482745465574;-0.417922362636093;-115.807771;33.747137;31.224989991992;0.693147180559945;0.8703;0.0146883604597316;0.014621096770683;NA;NA;NA;NA;0.115164998146088;0.0396525239684305;5.04224776962462e-05;-2.66104990717843e-07;6;0.822595663035781;17.3818027208325;4.06209252697991;0.027859573861347;0.00160280117711592;0.00685842916583194;-0.0338217288594042;0.123588285369386;1.17905262081122;1.46591469237489;0.32;1.25714719456595;3.60894680023193;0.152727272727273;1.09138758365925;1.30577182769775;3.3166247903554;2.15455277523202;0.0442817491144706;1.36573913527859;1.89864830730607;1.46744722174132;0.527684730551099;1.6821506023407;12;0.519440271062415;0.959617773880883;1.8058947622776;3.99120339078684;0.986292191198846;1.75915056069692;2.0609350045522;3.21875914758613;2.11021320034659;-0.972392726157393;-1.45837408304214;1.09861228866811;1.70474809223843;1.05698010047058;1.40896400809288;0.76885562001817;0.00578918097711331;203;17.6
"172";"biocom_50_209";"biocom";"50";209;3;0.1935;0.18865860438424;"kept";"unimod";"bing";0.694590241688385;-0.903380517843103;-0.428839876855602;-115.79572;33.754262;32.0624390837628;0.916290731874155;0.8652;0.0141953549507353;0.014622647548708;NA;NA;NA;NA;0.0863075374755019;-0.00937549658350548;2.2460549790823e-05;1.51562704432366e-06;9;0.784550680736779;15.5681822348014;3.64194455964606;0.0296235995420798;0.00190282970068649;0.0081340061763485;0.0488369236765418;0.316627292538546;1.29474700023554;1.00211018462032;0.316363636363636;1.28859876871109;2.27477622032166;0.112727272727273;0.985899872250027;1.28578197956085;2.82842712474619;2.39982610797915;-0.093428671998801;1.20235523126893;1.89864830730607;1.81991374199489;0.468463454445076;1.57962475581602;10;0.692431316154417;1.12658124433326;1.69707685167139;4.67909549225421;1.10814729224415;1.70067171752453;1.79976586252451;2.50123416165972;2.19722457733622;-1.14486413545079;-1.63108894824982;1.94591014905531;1.94591014905531;1.11501646549492;1.39223639170329;0.737526872013228;0.00674457627513097;207;17.5
"173";"biocom_50_209";"biocom";"50";209;1;0.1935;0.211458563734076;"kept";"unimod";"bing";0.687030071641261;-0.903380517843103;-0.428839876855602;-115.79572;33.754262;32.0624390837628;0.916290731874155;0.8652;0.0184312753021707;0.0180903835051535;NA;NA;NA;NA;0.0863075374755019;-0.00937549658350548;2.2460549790823e-05;1.51562704432366e-06;9;0.784550680736779;15.5681822348014;3.64194455964606;0.0296235995420798;0.00190282970068649;0.0081340061763485;0.0488369236765418;0.316627292538546;1.29474700023554;1.00211018462032;0.316363636363636;1.28859876871109;2.27477622032166;0.112727272727273;0.985899872250027;1.28578197956085;2.82842712474619;2.39982610797915;-0.093428671998801;1.20235523126893;1.89864830730607;1.81991374199489;0.468463454445076;1.57962475581602;10;0.692431316154417;1.12658124433326;1.69707685167139;4.67909549225421;1.10814729224415;1.70067171752453;1.79976586252451;2.50123416165972;2.19722457733622;-1.14486413545079;-1.63108894824982;1.94591014905531;1.94591014905531;1.11501646549492;1.39223639170329;0.737526872013228;0.00674457627513097;207;17.5
"174";"biocom_50_209";"biocom";"50";209;2;0.1935;0.164160902911867;"kept";"bimod";"bing";0.670935678784863;-0.903380517843103;-0.428839876855602;-115.79572;33.754262;32.0624390837628;0.916290731874155;0.8652;0.0160830329957191;0.0162562238637181;NA;NA;NA;NA;0.0863075374755019;-0.00937549658350548;2.2460549790823e-05;1.51562704432366e-06;9;0.784550680736779;15.5681822348014;3.64194455964606;0.0296235995420798;0.00190282970068649;0.0081340061763485;0.0488369236765418;0.316627292538546;1.29474700023554;1.00211018462032;0.316363636363636;1.28859876871109;2.27477622032166;0.112727272727273;0.985899872250027;1.28578197956085;2.82842712474619;2.39982610797915;-0.093428671998801;1.20235523126893;1.89864830730607;1.81991374199489;0.468463454445076;1.57962475581602;10;0.692431316154417;1.12658124433326;1.69707685167139;4.67909549225421;1.10814729224415;1.70067171752453;1.79976586252451;2.50123416165972;2.19722457733622;-1.14486413545079;-1.63108894824982;1.94591014905531;1.94591014905531;1.11501646549492;1.39223639170329;0.737526872013228;0.00674457627513097;207;17.5
"175";"biocom_50_210";"biocom";"50";210;2;0.1415;0.191581829376917;"kept";"unimod";"bing";0.747678437930499;-0.907582533222392;-0.419873725529028;-115.805622;33.749497;31.3847096529504;0.693147180559945;0.8703;0.0114854136592071;0.010847351337204;NA;NA;NA;NA;0.286530006885958;0.0976428836273108;0.000198118606887299;9.38888446923258e-07;6;0.887720724048064;18.2987289940088;4.31542922266345;0.0261994314747069;0.00143176236356552;0.00607110674811087;-0.0160646154148322;4.18403639972491e-15;1.39028558979779;1.91543846155142;0.32;1.24405456394763;3.60894680023193;0.152727272727273;1.06024252176285;1.30577182769775;3.3166247903554;2.15455277523202;0.0442817491144706;1.36573913527859;1.89864830730607;1.46744722174132;0.527684730551099;1.6821506023407;12;0.519440271062415;0.959617773880883;1.8058947622776;3.99120339078684;0.986292191198846;1.75915056069692;2.0609350045522;2.89251142929061;2.19722457733622;-1.02791517085972;-1.60473504066467;1.52605630349505;1.7227665977411;1.07120468681166;1.43385643959045;0.702652175806986;0.00542553843289092;203;17.6
"176";"biocom_50_210";"biocom";"50";210;1;0.1415;0.169756278357973;"kept";"unimod";"bing";0.728060987227301;-0.907582533222392;-0.419873725529028;-115.805622;33.749497;31.3847096529504;0.693147180559945;0.8703;0.0112321536026254;0.010416042760888;NA;NA;NA;NA;0.286530006885958;0.0976428836273108;0.000198118606887299;9.38888446923258e-07;6;0.887720724048064;18.2987289940088;4.31542922266345;0.0261994314747069;0.00143176236356552;0.00607110674811087;-0.0160646154148322;4.18403639972491e-15;1.39028558979779;1.91543846155142;0.32;1.24405456394763;3.60894680023193;0.152727272727273;1.06024252176285;1.30577182769775;3.3166247903554;2.15455277523202;0.0442817491144706;1.36573913527859;1.89864830730607;1.46744722174132;0.527684730551099;1.6821506023407;12;0.519440271062415;0.959617773880883;1.8058947622776;3.99120339078684;0.986292191198846;1.75915056069692;2.0609350045522;2.89251142929061;2.19722457733622;-1.02791517085972;-1.60473504066467;1.52605630349505;1.7227665977411;1.07120468681166;1.43385643959045;0.702652175806986;0.00542553843289092;203;17.6
"177";"biocom_50_210";"biocom";"50";210;3;0.1415;0.15309568928928;"kept";"unimod";"bing";0.736352965740822;-0.907582533222392;-0.419873725529028;-115.805622;33.749497;31.3847096529504;0.693147180559945;0.8703;0.00867482427367939;0.00843876873137744;NA;NA;NA;NA;0.286530006885958;0.0976428836273108;0.000198118606887299;9.38888446923258e-07;6;0.887720724048064;18.2987289940088;4.31542922266345;0.0261994314747069;0.00143176236356552;0.00607110674811087;-0.0160646154148322;4.18403639972491e-15;1.39028558979779;1.91543846155142;0.32;1.24405456394763;3.60894680023193;0.152727272727273;1.06024252176285;1.30577182769775;3.3166247903554;2.15455277523202;0.0442817491144706;1.36573913527859;1.89864830730607;1.46744722174132;0.527684730551099;1.6821506023407;12;0.519440271062415;0.959617773880883;1.8058947622776;3.99120339078684;0.986292191198846;1.75915056069692;2.0609350045522;2.89251142929061;2.19722457733622;-1.02791517085972;-1.60473504066467;1.52605630349505;1.7227665977411;1.07120468681166;1.43385643959045;0.702652175806986;0.00542553843289092;203;17.6
"190";"biocom_50_217";"biocom";"50";217;1;0.5975;0.345674740484429;"kept";"bimod";"bing";0.68271176557557;0.761060045094182;-0.648681437811536;-69.820889;9.767697;26.5706605111728;1.41098697371026;0.588;0.00595256505828331;0.005;NA;NA;NA;NA;-0.0355187751261654;-0.367333846548627;-2.29188581951505e-05;-1.98901630552784e-05;1;0.836612341944566;25.5363617818079;4.1314019638655;0.258277506025355;0.0101141074140543;0.0625157049070336;-0.0653812161811659;0.306955147045269;1.25692960253922;1.4881189987086;0.262773722627737;1.2502201589671;3.09777498245239;0.222627737226277;1.1499651109471;1.94616973400116;3.60555127546399;1.5390875357897;0.329370777638408;1.63743487331602;1.59753955386447;0.950294552153034;0.730762703709796;1.76339493479048;15;-0.406791608308252;0.97119393160977;1.52615019808645;2.539291416276;0.485597742762829;1.85260005791982;2.11459439992904;NA;NA;NA;NA;1.44691898293633;0.916290731874155;0.719386911873395;1.38520397245884;0.510805975188399;0.0647876004173021;666;24.2
"191";"biocom_50_217";"biocom";"50";217;2;0.5975;0.443110700728429;"kept";"unimod";"bing";0.754704699461171;0.761060045094182;-0.648681437811536;-69.820889;9.767697;26.5706605111728;1.41098697371026;0.588;0.0254567983402157;0.025646572711879;NA;NA;NA;NA;-0.0355187751261654;-0.367333846548627;-2.29188581951505e-05;-1.98901630552784e-05;1;0.836612341944566;25.5363617818079;4.1314019638655;0.258277506025355;0.0101141074140543;0.0625157049070336;-0.0653812161811659;0.306955147045269;1.25692960253922;1.4881189987086;0.262773722627737;1.2502201589671;3.09777498245239;0.222627737226277;1.1499651109471;1.94616973400116;3.60555127546399;1.5390875357897;0.329370777638408;1.63743487331602;1.59753955386447;0.950294552153034;0.730762703709796;1.76339493479048;15;-0.406791608308252;0.97119393160977;1.52615019808645;2.539291416276;0.485597742762829;1.85260005791982;2.11459439992904;NA;NA;NA;NA;1.44691898293633;0.916290731874155;0.719386911873395;1.38520397245884;0.510805975188399;0.0647876004173021;666;24.2
"192";"biocom_50_217";"biocom";"50";217;3;0.5975;0.380415224913495;"kept";"unimod";"bing";0.703022560652746;0.761060045094182;-0.648681437811536;-69.820889;9.767697;26.5706605111728;1.41098697371026;0.588;0.0344909459819118;0.034280430337626;NA;NA;NA;NA;-0.0355187751261654;-0.367333846548627;-2.29188581951505e-05;-1.98901630552784e-05;1;0.836612341944566;25.5363617818079;4.1314019638655;0.258277506025355;0.0101141074140543;0.0625157049070336;-0.0653812161811659;0.306955147045269;1.25692960253922;1.4881189987086;0.262773722627737;1.2502201589671;3.09777498245239;0.222627737226277;1.1499651109471;1.94616973400116;3.60555127546399;1.5390875357897;0.329370777638408;1.63743487331602;1.59753955386447;0.950294552153034;0.730762703709796;1.76339493479048;15;-0.406791608308252;0.97119393160977;1.52615019808645;2.539291416276;0.485597742762829;1.85260005791982;2.11459439992904;NA;NA;NA;NA;1.44691898293633;0.916290731874155;0.719386911873395;1.38520397245884;0.510805975188399;0.0647876004173021;666;24.2
"193";"biocom_50_225";"biocom";"50";225;2;0.288333333333333;0.272836706699141;"kept";"unimod";"bing";0.246281727717154;-0.411264384796907;0.911516102873461;20.844193;-26.775916;29.5972971738975;1.38629436111989;0.9003;0.0351405449057802;0.0365589788403856;NA;NA;NA;NA;-0.0985539488320356;0.558641877218073;1.14608984809674e-05;1.46657716740103e-05;3;0.686404339165916;13.4448960493742;3.95930196089629;0.0452490804834085;0.00336552103617896;0.0114285500147014;0.144582293136596;0.767218271831958;1.32980987807;1.47922625083291;0.287272727272727;1.36013866741149;2.6696834564209;0.24;1.20747048904498;1.99982035160065;4;1.54082450033156;0.389585517575165;1.66446533482126;2.37886580797276;1.14532506704444;0.912825984605233;1.86087571084499;11;0.676594243659164;2.38173630100828;1.98933524028821;3.2798728979856;1.74522957398664;2.00389756759008;2.41015996535619;1.36129818269696;1.67397643357167;-1.28368096798658;-1.98447446028392;2.0636931847117;1.53147637096439;1.0706870737796;1.674730502069;0.731627076743104;0.0112160526858597;185;20
"194";"biocom_50_225";"biocom";"50";225;3;0.288333333333333;0.182049774642367;"kept";"unimod";"bing";0.389222498519762;-0.411264384796907;0.911516102873461;20.844193;-26.775916;29.5972971738975;1.38629436111989;0.9003;0.0136162690322685;0.0126376278509019;NA;NA;NA;NA;-0.0985539488320356;0.558641877218073;1.14608984809674e-05;1.46657716740103e-05;3;0.686404339165916;13.4448960493742;3.95930196089629;0.0452490804834085;0.00336552103617896;0.0114285500147014;0.144582293136596;0.767218271831958;1.32980987807;1.47922625083291;0.287272727272727;1.36013866741149;2.6696834564209;0.24;1.20747048904498;1.99982035160065;4;1.54082450033156;0.389585517575165;1.66446533482126;2.37886580797276;1.14532506704444;0.912825984605233;1.86087571084499;11;0.676594243659164;2.38173630100828;1.98933524028821;3.2798728979856;1.74522957398664;2.00389756759008;2.41015996535619;1.36129818269696;1.67397643357167;-1.28368096798658;-1.98447446028392;2.0636931847117;1.53147637096439;1.0706870737796;1.674730502069;0.731627076743104;0.0112160526858597;185;20
"195";"biocom_50_225";"biocom";"50";225;1;0.288333333333333;0.214383695865177;"kept";"unimod";"bing";0.367994419066007;-0.411264384796907;0.911516102873461;20.844193;-26.775916;29.5972971738975;1.38629436111989;0.9003;0.0158691514673704;0.0156280234218695;NA;NA;NA;NA;-0.0985539488320356;0.558641877218073;1.14608984809674e-05;1.46657716740103e-05;3;0.686404339165916;13.4448960493742;3.95930196089629;0.0452490804834085;0.00336552103617896;0.0114285500147014;0.144582293136596;0.767218271831958;1.32980987807;1.47922625083291;0.287272727272727;1.36013866741149;2.6696834564209;0.24;1.20747048904498;1.99982035160065;4;1.54082450033156;0.389585517575165;1.66446533482126;2.37886580797276;1.14532506704444;0.912825984605233;1.86087571084499;11;0.676594243659164;2.38173630100828;1.98933524028821;3.2798728979856;1.74522957398664;2.00389756759008;2.41015996535619;1.36129818269696;1.67397643357167;-1.28368096798658;-1.98447446028392;2.0636931847117;1.53147637096439;1.0706870737796;1.674730502069;0.731627076743104;0.0112160526858597;185;20
"202";"biocom_50_43";"biocom";"50";43;1;0.201029411764706;0.178383362857628;"kept";"unimod";"bing";0.539421070042093;-0.520790174484998;-0.853684715899193;-71.233611;-32.463056;13.7113092008021;2.66722820658195;0.7762;0.00683184709770995;0.0061383965521315;NA;NA;NA;NA;0.59963981143069;0.217034800572064;0.00065099310445712;4.89099798664686e-05;11;0.914224893176885;20.7210846705389;3.86045262147258;0.156297346822113;0.00754291338060769;0.0404867931684374;-0.196186531529094;4.78489861266748e-101;1.3454568236008;1.63523786203676;0.185454545454545;1.22273782085865;2.28086423873901;0.185454545454545;0.967808177073797;1.6779180765152;3.16227766016838;2.84360106456228;-0.0291027720064349;1.28699299373797;1.89864830730607;1.85933790973178;0.68294338982046;1.66959114986307;10;0.859255210433166;0.134122527666804;1.60780547610645;1.76028085660087;1.89986342245381;1.53763356416122;1.76565214343693;0.92332226271122;2.4567357728213;-1.28134313187902;-1.85740240414937;1.38629436111989;1.94591014905531;1.08394830485895;1.46743014454842;0.724248228653918;0.0422546290575301;305;17.3
"203";"biocom_50_43";"biocom";"50";43;2;0.201029411764706;0.232764687325584;"kept";"unimod";"bing";0.479828657498582;-0.520790174484998;-0.853684715899193;-71.233611;-32.463056;13.7113092008021;2.66722820658195;0.7762;0.00976387793247063;0.00979603530939599;NA;NA;NA;NA;0.59963981143069;0.217034800572064;0.00065099310445712;4.89099798664686e-05;11;0.914224893176885;20.7210846705389;3.86045262147258;0.156297346822113;0.00754291338060769;0.0404867931684374;-0.196186531529094;4.78489861266748e-101;1.3454568236008;1.63523786203676;0.185454545454545;1.22273782085865;2.28086423873901;0.185454545454545;0.967808177073797;1.6779180765152;3.16227766016838;2.84360106456228;-0.0291027720064349;1.28699299373797;1.89864830730607;1.85933790973178;0.68294338982046;1.66959114986307;10;0.859255210433166;0.134122527666804;1.60780547610645;1.76028085660087;1.89986342245381;1.53763356416122;1.76565214343693;0.92332226271122;2.4567357728213;-1.28134313187902;-1.85740240414937;1.38629436111989;1.94591014905531;1.08394830485895;1.46743014454842;0.724248228653918;0.0422546290575301;305;17.3
"204";"biocom_50_43";"biocom";"50";43;3;0.201029411764706;0.23861014994233;"kept";"unimod";"bing";0.509242666551721;-0.520790174484998;-0.853684715899193;-71.233611;-32.463056;13.7113092008021;2.66722820658195;0.7762;0.0091681035062126;0.00825787724077098;NA;NA;NA;NA;0.59963981143069;0.217034800572064;0.00065099310445712;4.89099798664686e-05;11;0.914224893176885;20.7210846705389;3.86045262147258;0.156297346822113;0.00754291338060769;0.0404867931684374;-0.196186531529094;4.78489861266748e-101;1.3454568236008;1.63523786203676;0.185454545454545;1.22273782085865;2.28086423873901;0.185454545454545;0.967808177073797;1.6779180765152;3.16227766016838;2.84360106456228;-0.0291027720064349;1.28699299373797;1.89864830730607;1.85933790973178;0.68294338982046;1.66959114986307;10;0.859255210433166;0.134122527666804;1.60780547610645;1.76028085660087;1.89986342245381;1.53763356416122;1.76565214343693;0.92332226271122;2.4567357728213;-1.28134313187902;-1.85740240414937;1.38629436111989;1.94591014905531;1.08394830485895;1.46743014454842;0.724248228653918;0.0422546290575301;305;17.3
"208";"biocom_50_45";"biocom";"50";45;2;0.596166666666667;0.378193043642191;"kept";"unimod";"bing";0.624290584238637;-0.627278907014525;-0.778794692338528;-71.363889;-33.119167;14.247806848775;2.45100509811232;0.6017;0.0143267927152181;0.012417142989789;NA;NA;NA;NA;0.654579162031887;0.212903225806452;0.000740176467186978;1.85492205548486e-05;12;0.834163699123775;60.543536643067;5.78193096971785;0.301957993177041;0.00498745216945661;0.052224420311918;-0.323834370928997;1.44137345729015e-101;1.20295826890766;2.21532512373619;0.247272727272727;1.20191574961908;2.01388955116272;0.174545454545455;1.4037958184878;1.90011847019196;2.64575131106459;2.6017870766287;0.0582837371148367;1.33934964040915;1.22865469807759;2.07806227298968;0.511911426879369;1.70718582109972;7;1.01603405123564;0.366585092795079;1.77944640517235;1.76028085660087;1.89109429326301;1.66411360740662;1.92789942741394;1.98827118771579;2.4567357728213;-1.0433796034158;-1.52402770519257;1.38629436111989;1.79175946922805;0.975189447289421;1.19451991319656;0.263186837008769;0.0431128862176955;488;14.7
"209";"biocom_50_45";"biocom";"50";45;3;0.596166666666667;0.456466389054134;"kept";"unimod";"bing";0.602916094202547;-0.627278907014525;-0.778794692338528;-71.363889;-33.119167;14.247806848775;2.45100509811232;0.6017;0.0208393212342661;0.0187922782981375;NA;NA;NA;NA;0.654579162031887;0.212903225806452;0.000740176467186978;1.85492205548486e-05;12;0.834163699123775;60.543536643067;5.78193096971785;0.301957993177041;0.00498745216945661;0.052224420311918;-0.323834370928997;1.44137345729015e-101;1.20295826890766;2.21532512373619;0.247272727272727;1.20191574961908;2.01388955116272;0.174545454545455;1.4037958184878;1.90011847019196;2.64575131106459;2.6017870766287;0.0582837371148367;1.33934964040915;1.22865469807759;2.07806227298968;0.511911426879369;1.70718582109972;7;1.01603405123564;0.366585092795079;1.77944640517235;1.76028085660087;1.89109429326301;1.66411360740662;1.92789942741394;1.98827118771579;2.4567357728213;-1.0433796034158;-1.52402770519257;1.38629436111989;1.79175946922805;0.975189447289421;1.19451991319656;0.263186837008769;0.0431128862176955;488;14.7
"210";"biocom_50_45";"biocom";"50";45;1;0.596166666666667;0.390053539559786;"kept";"unimod";"bing";0.584604425877054;-0.627278907014525;-0.778794692338528;-71.363889;-33.119167;14.247806848775;2.45100509811232;0.6017;0.0167467151099273;0.016301645148837;NA;NA;NA;NA;0.654579162031887;0.212903225806452;0.000740176467186978;1.85492205548486e-05;12;0.834163699123775;60.543536643067;5.78193096971785;0.301957993177041;0.00498745216945661;0.052224420311918;-0.323834370928997;1.44137345729015e-101;1.20295826890766;2.21532512373619;0.247272727272727;1.20191574961908;2.01388955116272;0.174545454545455;1.4037958184878;1.90011847019196;2.64575131106459;2.6017870766287;0.0582837371148367;1.33934964040915;1.22865469807759;2.07806227298968;0.511911426879369;1.70718582109972;7;1.01603405123564;0.366585092795079;1.77944640517235;1.76028085660087;1.89109429326301;1.66411360740662;1.92789942741394;1.98827118771579;2.4567357728213;-1.0433796034158;-1.52402770519257;1.38629436111989;1.79175946922805;0.975189447289421;1.19451991319656;0.263186837008769;0.0431128862176955;488;14.7
"211";"biocom_50_47";"biocom";"50";47;2;0.331666666666667;0.287883690828402;"kept";"unimod";"bing";0.783136000547;-0.613115504427217;-0.789993277332762;-71.345833;-34.107222;12.6885775404495;2.74727091425549;0.6714;0.0113593975477032;0.0112441162593425;NA;NA;NA;NA;0.402553101329519;0.568896657661952;0.000596689438453025;7.59637489497324e-05;10;0.802921339687713;38.0921716610203;7.3031748951168;0.23050250004848;0.00605117770915521;0.03156195810162;-0.0960992648444644;1.02191901078621e-40;1.36977581193951;2.45438752456589;0.236363636363636;1.2020883527669;2.82555675506592;0.2;1.10029098216225;1.78881728649139;2.44948974278318;3.15462094497621;0.0593495933674713;1.51114642331677;2.37886580797276;1.32124147807052;0.447791726442584;1.44688846170902;10;0.83361973891149;0.296110961990045;1.54816805232655;2.539291416276;1.60108606098427;1.62645100222693;2.1663969622718;2.48138934869422;2.07944154167984;-0.901485020294785;-1.19992363452911;1.50407739677627;2.22462355152433;1.08241853283511;1.5060980618;0.559462060930264;0.0430239144582808;442;17
"212";"biocom_50_47";"biocom";"50";47;1;0.331666666666667;0.340778081168755;"kept";"unimod";"bing";0.787321353878684;-0.613115504427217;-0.789993277332762;-71.345833;-34.107222;12.6885775404495;2.74727091425549;0.6714;0.0114687406631549;0.011089901862419;NA;NA;NA;NA;0.402553101329519;0.568896657661952;0.000596689438453025;7.59637489497324e-05;10;0.802921339687713;38.0921716610203;7.3031748951168;0.23050250004848;0.00605117770915521;0.03156195810162;-0.0960992648444644;1.02191901078621e-40;1.36977581193951;2.45438752456589;0.236363636363636;1.2020883527669;2.82555675506592;0.2;1.10029098216225;1.78881728649139;2.44948974278318;3.15462094497621;0.0593495933674713;1.51114642331677;2.37886580797276;1.32124147807052;0.447791726442584;1.44688846170902;10;0.83361973891149;0.296110961990045;1.54816805232655;2.539291416276;1.60108606098427;1.62645100222693;2.1663969622718;2.48138934869422;2.07944154167984;-0.901485020294785;-1.19992363452911;1.50407739677627;2.22462355152433;1.08241853283511;1.5060980618;0.559462060930264;0.0430239144582808;442;17
"213";"biocom_50_47";"biocom";"50";47;3;0.331666666666667;0.252288276627219;"kept";"unimod";"bing";0.656074351949092;-0.613115504427217;-0.789993277332762;-71.345833;-34.107222;12.6885775404495;2.74727091425549;0.6714;0.00861833359231775;0.00832278493254501;NA;NA;NA;NA;0.402553101329519;0.568896657661952;0.000596689438453025;7.59637489497324e-05;10;0.802921339687713;38.0921716610203;7.3031748951168;0.23050250004848;0.00605117770915521;0.03156195810162;-0.0960992648444644;1.02191901078621e-40;1.36977581193951;2.45438752456589;0.236363636363636;1.2020883527669;2.82555675506592;0.2;1.10029098216225;1.78881728649139;2.44948974278318;3.15462094497621;0.0593495933674713;1.51114642331677;2.37886580797276;1.32124147807052;0.447791726442584;1.44688846170902;10;0.83361973891149;0.296110961990045;1.54816805232655;2.539291416276;1.60108606098427;1.62645100222693;2.1663969622718;2.48138934869422;2.07944154167984;-0.901485020294785;-1.19992363452911;1.50407739677627;2.22462355152433;1.08241853283511;1.5060980618;0.559462060930264;0.0430239144582808;442;17
"214";"biocom_50_48";"biocom";"50";48;3;0.257491289198606;0.187430658284024;"kept";"unimod";"bing";0.701336194854077;-0.612591604169436;-0.790399599254148;-71.34517;-34.107361;12.6885775404495;2.7408400239252;0.6714;0.00639003775376383;0.005;NA;NA;NA;NA;0.402553101329519;0.568896657661952;0.000596689438453025;7.59637489497324e-05;10;0.802921339687713;38.0921716610203;7.3031748951168;0.23050250004848;0.00605117770915521;0.03156195810162;-0.0960992648444644;1.02191901078621e-40;1.36977581193951;2.45438752456589;0.236363636363636;1.2020883527669;2.82555675506592;0.2;1.10029098216225;1.78881728649139;2.44948974278318;3.15462094497621;0.0593495933674713;1.51114642331677;2.37886580797276;1.32124147807052;0.447791726442584;1.44688846170902;10;0.83361973891149;0.296110961990045;1.54816805232655;2.539291416276;1.60108606098427;1.62645100222693;2.1663969622718;2.48138934869422;2.07944154167984;-0.901485020294785;-1.19992363452911;1.50407739677627;2.22462355152433;1.08241853283511;1.5060980618;0.559462060930264;0.0430239144582808;442;17
"215";"biocom_50_48";"biocom";"50";48;1;0.257491289198606;0.271488249434059;"kept";"unimod";"bing";0.75814173040565;-0.612591604169436;-0.790399599254148;-71.34517;-34.107361;12.6885775404495;2.7408400239252;0.6714;0.00934573794688302;0.009193890637932;NA;NA;NA;NA;0.402553101329519;0.568896657661952;0.000596689438453025;7.59637489497324e-05;10;0.802921339687713;38.0921716610203;7.3031748951168;0.23050250004848;0.00605117770915521;0.03156195810162;-0.0960992648444644;1.02191901078621e-40;1.36977581193951;2.45438752456589;0.236363636363636;1.2020883527669;2.82555675506592;0.2;1.10029098216225;1.78881728649139;2.44948974278318;3.15462094497621;0.0593495933674713;1.51114642331677;2.37886580797276;1.32124147807052;0.447791726442584;1.44688846170902;10;0.83361973891149;0.296110961990045;1.54816805232655;2.539291416276;1.60108606098427;1.62645100222693;2.1663969622718;2.48138934869422;2.07944154167984;-0.901485020294785;-1.19992363452911;1.50407739677627;2.22462355152433;1.08241853283511;1.5060980618;0.559462060930264;0.0430239144582808;442;17
"216";"biocom_50_48";"biocom";"50";48;2;0.257491289198606;0.225383690828402;"kept";"unimod";"bing";0.686530123988362;-0.612591604169436;-0.790399599254148;-71.34517;-34.107361;12.6885775404495;2.7408400239252;0.6714;0.00755609073105217;0.00566009420269004;NA;NA;NA;NA;0.402553101329519;0.568896657661952;0.000596689438453025;7.59637489497324e-05;10;0.802921339687713;38.0921716610203;7.3031748951168;0.23050250004848;0.00605117770915521;0.03156195810162;-0.0960992648444644;1.02191901078621e-40;1.36977581193951;2.45438752456589;0.236363636363636;1.2020883527669;2.82555675506592;0.2;1.10029098216225;1.78881728649139;2.44948974278318;3.15462094497621;0.0593495933674713;1.51114642331677;2.37886580797276;1.32124147807052;0.447791726442584;1.44688846170902;10;0.83361973891149;0.296110961990045;1.54816805232655;2.539291416276;1.60108606098427;1.62645100222693;2.1663969622718;2.48138934869422;2.07944154167984;-0.901485020294785;-1.19992363452911;1.50407739677627;2.22462355152433;1.08241853283511;1.5060980618;0.559462060930264;0.0430239144582808;442;17
"217";"biocom_50_50";"biocom";"50";50;3;0.185166666666667;0.191347367878585;"kept";"bimod";"bing";0.686791472085293;-0.532088472322195;-0.846688760774485;-71.2469;-29.310974;15.2315462117278;1.3609765531356;0.9415;0.00589659617990995;0.005;NA;NA;NA;NA;0.222649504740717;0.114190370252662;0.000340234389685394;3.17201896719918e-05;6;0.862279050094248;7.75246110968441;1.84429461407902;0.0379383718480396;0.00489371972477834;0.0205706678089415;-0.0686020952828782;4.77683985028861e-28;1.23632000752161;1.9527560535628;0.229090909090909;1.20797796290496;2.74197340011597;0.250909090909091;1.22676984887374;2.4522533416748;3.87298334620742;1.67869186132739;0.368283399930422;1.58748800992966;2.15484540552628;1.24972624364388;1.06645249824624;2.00273520946503;11;0.566517911876504;0.322121757984895;1.63826463619868;3.99120339078684;1.45166589618722;1.6990750696924;1.94967028829786;2.37886580797276;1.83258146374831;-1.05769244865293;-1.74855747818947;1.64222773525709;1.6094379124341;1.14195901879242;1.65908139944077;0.782230059848444;0.0241577521483289;67;15.4
"218";"biocom_50_50";"biocom";"50";50;2;0.185166666666667;0.212038444690665;"kept";"unimod";"bing";0.426852577781748;-0.532088472322195;-0.846688760774485;-71.2469;-29.310974;15.2315462117278;1.3609765531356;0.9415;0.0126431016395221;0.0115939429088145;NA;NA;NA;NA;0.222649504740717;0.114190370252662;0.000340234389685394;3.17201896719918e-05;6;0.862279050094248;7.75246110968441;1.84429461407902;0.0379383718480396;0.00489371972477834;0.0205706678089415;-0.0686020952828782;4.77683985028861e-28;1.23632000752161;1.9527560535628;0.229090909090909;1.20797796290496;2.74197340011597;0.250909090909091;1.22676984887374;2.4522533416748;3.87298334620742;1.67869186132739;0.368283399930422;1.58748800992966;2.15484540552628;1.24972624364388;1.06645249824624;2.00273520946503;11;0.566517911876504;0.322121757984895;1.63826463619868;3.99120339078684;1.45166589618722;1.6990750696924;1.94967028829786;2.37886580797276;1.83258146374831;-1.05769244865293;-1.74855747818947;1.64222773525709;1.6094379124341;1.14195901879242;1.65908139944077;0.782230059848444;0.0241577521483289;67;15.4
"219";"biocom_50_50";"biocom";"50";50;1;0.185166666666667;0.132887338608913;"kept";"unimod";"bing";0.562059240399416;-0.532088472322195;-0.846688760774485;-71.2469;-29.310974;15.2315462117278;1.3609765531356;0.9415;0.00601884573052941;0.005;NA;NA;NA;NA;0.222649504740717;0.114190370252662;0.000340234389685394;3.17201896719918e-05;6;0.862279050094248;7.75246110968441;1.84429461407902;0.0379383718480396;0.00489371972477834;0.0205706678089415;-0.0686020952828782;4.77683985028861e-28;1.23632000752161;1.9527560535628;0.229090909090909;1.20797796290496;2.74197340011597;0.250909090909091;1.22676984887374;2.4522533416748;3.87298334620742;1.67869186132739;0.368283399930422;1.58748800992966;2.15484540552628;1.24972624364388;1.06645249824624;2.00273520946503;11;0.566517911876504;0.322121757984895;1.63826463619868;3.99120339078684;1.45166589618722;1.6990750696924;1.94967028829786;2.37886580797276;1.83258146374831;-1.05769244865293;-1.74855747818947;1.64222773525709;1.6094379124341;1.14195901879242;1.65908139944077;0.782230059848444;0.0241577521483289;67;15.4
"220";"biocom_50_51";"biocom";"50";51;2;0.313333333333333;0.336442577752583;"kept";"unimod";"bing";0.610551269783861;-0.532426258774273;-0.846476390082813;-71.247299;-29.31085;15.1327459504216;1.48160454092422;0.9415;0.0226892111909365;0.018002201109277;NA;NA;NA;NA;0.222649504740717;0.114190370252662;0.000340234389685394;3.17201896719918e-05;6;0.862279050094248;7.75246110968441;1.84429461407902;0.0379383718480396;0.00489371972477834;0.0205706678089415;-0.0686020952828782;4.77683985028861e-28;1.23632000752161;1.9527560535628;0.229090909090909;1.20797796290496;2.74197340011597;0.250909090909091;1.22676984887374;2.4522533416748;3.87298334620742;1.67869186132739;0.368283399930422;1.58748800992966;2.15484540552628;1.24972624364388;1.06645249824624;2.00273520946503;11;0.566517911876504;0.322121757984895;1.63826463619868;3.99120339078684;1.45166589618722;1.6990750696924;1.94967028829786;2.37886580797276;1.83258146374831;-1.05769244865293;-1.74855747818947;1.64222773525709;1.6094379124341;1.14195901879242;1.65908139944077;0.782230059848444;0.0241577521483289;66;15.4
"221";"biocom_50_51";"biocom";"50";51;1;0.313333333333333;0.245097786595893;"kept";"bimod";"bing";0.701841462234067;-0.532426258774273;-0.846476390082813;-71.247299;-29.31085;15.1327459504216;1.48160454092422;0.9415;0.00519446854367645;0.005;NA;NA;NA;NA;0.222649504740717;0.114190370252662;0.000340234389685394;3.17201896719918e-05;6;0.862279050094248;7.75246110968441;1.84429461407902;0.0379383718480396;0.00489371972477834;0.0205706678089415;-0.0686020952828782;4.77683985028861e-28;1.23632000752161;1.9527560535628;0.229090909090909;1.20797796290496;2.74197340011597;0.250909090909091;1.22676984887374;2.4522533416748;3.87298334620742;1.67869186132739;0.368283399930422;1.58748800992966;2.15484540552628;1.24972624364388;1.06645249824624;2.00273520946503;11;0.566517911876504;0.322121757984895;1.63826463619868;3.99120339078684;1.45166589618722;1.6990750696924;1.94967028829786;2.37886580797276;1.83258146374831;-1.05769244865293;-1.74855747818947;1.64222773525709;1.6094379124341;1.14195901879242;1.65908139944077;0.782230059848444;0.0241577521483289;66;15.4
"222";"biocom_50_51";"biocom";"50";51;3;0.313333333333333;0.267979077018217;"kept";"unimod";"bing";0.729705247456714;-0.532426258774273;-0.846476390082813;-71.247299;-29.31085;15.1327459504216;1.48160454092422;0.9415;0.0061363619802042;0.00544831932988704;NA;NA;NA;NA;0.222649504740717;0.114190370252662;0.000340234389685394;3.17201896719918e-05;6;0.862279050094248;7.75246110968441;1.84429461407902;0.0379383718480396;0.00489371972477834;0.0205706678089415;-0.0686020952828782;4.77683985028861e-28;1.23632000752161;1.9527560535628;0.229090909090909;1.20797796290496;2.74197340011597;0.250909090909091;1.22676984887374;2.4522533416748;3.87298334620742;1.67869186132739;0.368283399930422;1.58748800992966;2.15484540552628;1.24972624364388;1.06645249824624;2.00273520946503;11;0.566517911876504;0.322121757984895;1.63826463619868;3.99120339078684;1.45166589618722;1.6990750696924;1.94967028829786;2.37886580797276;1.83258146374831;-1.05769244865293;-1.74855747818947;1.64222773525709;1.6094379124341;1.14195901879242;1.65908139944077;0.782230059848444;0.0241577521483289;66;15.4
"223";"biocom_50_52";"biocom";"50";52;1;0.39475;0.359606162636466;"kept";"bimod";"bing";0.634137581514019;-0.535711637668918;-0.844400995538308;-71.251185;-29.750156;12.6491106406735;0.693147180559945;0.9239;0.0405592791094021;0.0437858231146115;NA;NA;NA;NA;0.44660204459982;0.0524286243974787;0.000212036136519573;1.3495368384318e-05;14;0.892616954283997;10.2609513489819;2.18596964466153;0.0346375510967323;0.00337566663350072;0.0158453943682715;-0.152017747754246;1.52009229603924e-26;0.863035173701657;1.48995367779724;0.243636363636364;1.21143970181865;1.88879597187042;0.189090909090909;0.85227245092392;0.878269791603088;3.16227766016838;3.03717517453569;0.168854833314263;1.58954407992187;1.22865469807759;2.09084748761124;0.632429764804368;1.79952446460724;9;0.998659408126946;0.435059564229196;1.58784117510444;2.539291416276;2.01443145955775;1.55277806779613;1.77118937347246;2.7592278695768;2.35137525716348;-0.916803227861722;-1.33589512109756;0.287682072451781;1.54044504094715;0.832287673486604;1.04754330714544;0.739123092266944;0.0207477412045938;79;14.8
"224";"biocom_50_52";"biocom";"50";52;2;0.39475;0.308613981292999;"kept";"bimod";"bing";0.649768973140104;-0.535711637668918;-0.844400995538308;-71.251185;-29.750156;12.6491106406735;0.693147180559945;0.9239;0.0247662911369873;0.028625611428179;NA;NA;NA;NA;0.44660204459982;0.0524286243974787;0.000212036136519573;1.3495368384318e-05;14;0.892616954283997;10.2609513489819;2.18596964466153;0.0346375510967323;0.00337566663350072;0.0158453943682715;-0.152017747754246;1.52009229603924e-26;0.863035173701657;1.48995367779724;0.243636363636364;1.21143970181865;1.88879597187042;0.189090909090909;0.85227245092392;0.878269791603088;3.16227766016838;3.03717517453569;0.168854833314263;1.58954407992187;1.22865469807759;2.09084748761124;0.632429764804368;1.79952446460724;9;0.998659408126946;0.435059564229196;1.58784117510444;2.539291416276;2.01443145955775;1.55277806779613;1.77118937347246;2.7592278695768;2.35137525716348;-0.916803227861722;-1.33589512109756;0.287682072451781;1.54044504094715;0.832287673486604;1.04754330714544;0.739123092266944;0.0207477412045938;79;14.8
"225";"biocom_50_52";"biocom";"50";52;3;0.39475;0.411386593204775;"kept";"bimod";"bing";0.61201285445186;-0.535711637668918;-0.844400995538308;-71.251185;-29.750156;12.6491106406735;0.693147180559945;0.9239;0.0446505741012537;0.042275317837824;NA;NA;NA;NA;0.44660204459982;0.0524286243974787;0.000212036136519573;1.3495368384318e-05;14;0.892616954283997;10.2609513489819;2.18596964466153;0.0346375510967323;0.00337566663350072;0.0158453943682715;-0.152017747754246;1.52009229603924e-26;0.863035173701657;1.48995367779724;0.243636363636364;1.21143970181865;1.88879597187042;0.189090909090909;0.85227245092392;0.878269791603088;3.16227766016838;3.03717517453569;0.168854833314263;1.58954407992187;1.22865469807759;2.09084748761124;0.632429764804368;1.79952446460724;9;0.998659408126946;0.435059564229196;1.58784117510444;2.539291416276;2.01443145955775;1.55277806779613;1.77118937347246;2.7592278695768;2.35137525716348;-0.916803227861722;-1.33589512109756;0.287682072451781;1.54044504094715;0.832287673486604;1.04754330714544;0.739123092266944;0.0207477412045938;79;14.8
"226";"biocom_50_53";"biocom";"50";53;2;0.322175;0.251836547291093;"kept";"unimod";"bing";0.594894618493755;-0.535322311898776;-0.844647868868057;-71.250724;-29.749902;12.6885775404495;0.587786664902119;0.9244;0.0105375352350238;0.0107204126278095;NA;NA;NA;NA;0.350622384660204;0.103236400233063;0.000278777634052829;1.35816325866166e-05;5;0.878760341053616;11.8016261465433;2.2201256048809;0.0334284155880711;0.00283252622757095;0.0150569929532723;-0.160050167040678;7.31738977972957e-51;0.778589888240166;0.747808832447941;0.214545454545455;1.35566383123398;2.71947336196899;0.254545454545455;1.20782977970023;2.16544556617737;3.87298334620742;1.51282711057384;0.383720121371549;1.64371274140748;2.15484540552628;1.04041540159238;1.03495108017717;1.96186355444101;12;0.511108426645448;1.09970158441035;1.70654698721198;5.34753955386447;0.955881836076285;1.7288813855913;1.84682801034716;1.98827118771579;2.15948424935337;-1.37256764279058;-2.24638112386068;1.57553636075842;1.42711635564015;0.957919848895578;1.58124820391337;0.742373968514579;0.0186603001300047;79;14.8
"227";"biocom_50_53";"biocom";"50";53;1;0.322175;0.290010049215388;"kept";"unimod";"bing";0.578159731420212;-0.535322311898776;-0.844647868868057;-71.250724;-29.749902;12.6885775404495;0.587786664902119;0.9244;0.0138443449000159;0.013810575856811;NA;NA;NA;NA;0.350622384660204;0.103236400233063;0.000278777634052829;1.35816325866166e-05;5;0.878760341053616;11.8016261465433;2.2201256048809;0.0334284155880711;0.00283252622757095;0.0150569929532723;-0.160050167040678;7.31738977972957e-51;0.778589888240166;0.747808832447941;0.214545454545455;1.35566383123398;2.71947336196899;0.254545454545455;1.20782977970023;2.16544556617737;3.87298334620742;1.51282711057384;0.383720121371549;1.64371274140748;2.15484540552628;1.04041540159238;1.03495108017717;1.96186355444101;12;0.511108426645448;1.09970158441035;1.70654698721198;5.34753955386447;0.955881836076285;1.7288813855913;1.84682801034716;1.98827118771579;2.15948424935337;-1.37256764279058;-2.24638112386068;1.57553636075842;1.42711635564015;0.957919848895578;1.58124820391337;0.742373968514579;0.0186603001300047;79;14.8
"228";"biocom_50_53";"biocom";"50";53;3;0.322175;0.38117446983947;"kept";"unimod";"bing";0.575109389432078;-0.535322311898776;-0.844647868868057;-71.250724;-29.749902;12.6885775404495;0.587786664902119;0.9244;0.0237793242132772;0.017503015278462;NA;NA;NA;NA;0.350622384660204;0.103236400233063;0.000278777634052829;1.35816325866166e-05;5;0.878760341053616;11.8016261465433;2.2201256048809;0.0334284155880711;0.00283252622757095;0.0150569929532723;-0.160050167040678;7.31738977972957e-51;0.778589888240166;0.747808832447941;0.214545454545455;1.35566383123398;2.71947336196899;0.254545454545455;1.20782977970023;2.16544556617737;3.87298334620742;1.51282711057384;0.383720121371549;1.64371274140748;2.15484540552628;1.04041540159238;1.03495108017717;1.96186355444101;12;0.511108426645448;1.09970158441035;1.70654698721198;5.34753955386447;0.955881836076285;1.7288813855913;1.84682801034716;1.98827118771579;2.15948424935337;-1.37256764279058;-2.24638112386068;1.57553636075842;1.42711635564015;0.957919848895578;1.58124820391337;0.742373968514579;0.0186603001300047;79;14.8
"229";"biocom_50_54";"biocom";"50";54;2;0.610825;0.44337653637043;"kept";"unimod";"bing";0.678649279291612;-0.534877108155219;-0.84492986642177;-71.250197;-29.74992;12.7279220613579;0.53062825106217;0.9244;0.0408745898535483;0.039079894015074;NA;NA;NA;NA;0.350622384660204;0.103236400233063;0.000278777634052829;1.35816325866166e-05;5;0.878760341053616;11.8016261465433;2.2201256048809;0.0334284155880711;0.00283252622757095;0.0150569929532723;-0.160050167040678;7.31738977972957e-51;0.778589888240166;0.747808832447941;0.214545454545455;1.35566383123398;2.71947336196899;0.254545454545455;1.20782977970023;2.16544556617737;3.87298334620742;1.51282711057384;0.383720121371549;1.64371274140748;2.15484540552628;1.04041540159238;1.03495108017717;1.96186355444101;12;0.511108426645448;1.09970158441035;1.70654698721198;5.34753955386447;0.955881836076285;1.7288813855913;1.84682801034716;1.98827118771579;2.15948424935337;-1.37256764279058;-2.24638112386068;1.57553636075842;1.42711635564015;0.957919848895578;1.58124820391337;0.742373968514579;0.0186603001300047;79;14.8
"230";"biocom_50_54";"biocom";"50";54;1;0.610825;0.595222757607771;"kept";"unimod";"bing";0.670434725364258;-0.534877108155219;-0.84492986642177;-71.250197;-29.74992;12.7279220613579;0.53062825106217;0.9244;0.0238785340950608;0.020111277571843;NA;NA;NA;NA;0.350622384660204;0.103236400233063;0.000278777634052829;1.35816325866166e-05;5;0.878760341053616;11.8016261465433;2.2201256048809;0.0334284155880711;0.00283252622757095;0.0150569929532723;-0.160050167040678;7.31738977972957e-51;0.778589888240166;0.747808832447941;0.214545454545455;1.35566383123398;2.71947336196899;0.254545454545455;1.20782977970023;2.16544556617737;3.87298334620742;1.51282711057384;0.383720121371549;1.64371274140748;2.15484540552628;1.04041540159238;1.03495108017717;1.96186355444101;12;0.511108426645448;1.09970158441035;1.70654698721198;5.34753955386447;0.955881836076285;1.7288813855913;1.84682801034716;1.98827118771579;2.15948424935337;-1.37256764279058;-2.24638112386068;1.57553636075842;1.42711635564015;0.957919848895578;1.58124820391337;0.742373968514579;0.0186603001300047;79;14.8
"231";"biocom_50_54";"biocom";"50";54;3;0.610825;0.414549535761657;"kept";"bimod";"bing";0.646300341764178;-0.534877108155219;-0.84492986642177;-71.250197;-29.74992;12.7279220613579;0.53062825106217;0.9244;0.0324165363133174;0.035999213977948;NA;NA;NA;NA;0.350622384660204;0.103236400233063;0.000278777634052829;1.35816325866166e-05;5;0.878760341053616;11.8016261465433;2.2201256048809;0.0334284155880711;0.00283252622757095;0.0150569929532723;-0.160050167040678;7.31738977972957e-51;0.778589888240166;0.747808832447941;0.214545454545455;1.35566383123398;2.71947336196899;0.254545454545455;1.20782977970023;2.16544556617737;3.87298334620742;1.51282711057384;0.383720121371549;1.64371274140748;2.15484540552628;1.04041540159238;1.03495108017717;1.96186355444101;12;0.511108426645448;1.09970158441035;1.70654698721198;5.34753955386447;0.955881836076285;1.7288813855913;1.84682801034716;1.98827118771579;2.15948424935337;-1.37256764279058;-2.24638112386068;1.57553636075842;1.42711635564015;0.957919848895578;1.58124820391337;0.742373968514579;0.0186603001300047;79;14.8
"232";"biocom_50_56";"biocom";"50";56;1;0.596675;0.559925;"kept";"unimod";"bing";0.516610781839015;-0.829611377848319;-0.558341259217527;-71.664246;-30.660943;15.3948043183407;1.77495235091167;0.8817;0.0151854669966515;0.01338317055875;NA;NA;NA;NA;0.188007839398273;0.262566873245405;0.000171447539768686;2.15605365895039e-05;16;0.867533687036507;20.5030414874616;3.45870380007758;0.125288258443446;0.00611071574527441;0.0362240497265582;-0.185788207057286;1.03284599903714e-13;1.11411760495306;0.951239813872906;0.203636363636364;1.17720998078585;1.74267315864563;0.192727272727273;1.07097383056368;1.29857778549194;3;3.04969825578342;0.139624999582521;1.48100394616693;1.22865469807759;2.17261592096194;0.643856805544075;1.78571748733521;7;0.909449306218514;0.157647676438329;1.41219704072984;3.2798728979856;1.6292765446585;1.43549483472651;1.61115049232136;1.67802115259785;2.54553127160444;-1.09179141292615;-1.42231392860413;1.94591014905531;2.77258872223978;1.13088832182043;1.57738780975342;0.749523422750972;0.040539854774575;130;15.3
"233";"biocom_50_56";"biocom";"50";56;3;0.596675;0.547675;"kept";"unimod";"bing";0.631047201153782;-0.829611377848319;-0.558341259217527;-71.664246;-30.660943;15.3948043183407;1.77495235091167;0.8817;0.0468888173988027;0.045040555654604;NA;NA;NA;NA;0.188007839398273;0.262566873245405;0.000171447539768686;2.15605365895039e-05;16;0.867533687036507;20.5030414874616;3.45870380007758;0.125288258443446;0.00611071574527441;0.0362240497265582;-0.185788207057286;1.03284599903714e-13;1.11411760495306;0.951239813872906;0.203636363636364;1.17720998078585;1.74267315864563;0.192727272727273;1.07097383056368;1.29857778549194;3;3.04969825578342;0.139624999582521;1.48100394616693;1.22865469807759;2.17261592096194;0.643856805544075;1.78571748733521;7;0.909449306218514;0.157647676438329;1.41219704072984;3.2798728979856;1.6292765446585;1.43549483472651;1.61115049232136;1.67802115259785;2.54553127160444;-1.09179141292615;-1.42231392860413;1.94591014905531;2.77258872223978;1.13088832182043;1.57738780975342;0.749523422750972;0.040539854774575;130;15.3
"234";"biocom_50_56";"biocom";"50";56;2;0.596675;0.6361;"kept";"unimod";"bing";0.609662745136409;-0.829611377848319;-0.558341259217527;-71.664246;-30.660943;15.3948043183407;1.77495235091167;0.8817;0.0332169594209641;0.0123291268422395;NA;NA;NA;NA;0.188007839398273;0.262566873245405;0.000171447539768686;2.15605365895039e-05;16;0.867533687036507;20.5030414874616;3.45870380007758;0.125288258443446;0.00611071574527441;0.0362240497265582;-0.185788207057286;1.03284599903714e-13;1.11411760495306;0.951239813872906;0.203636363636364;1.17720998078585;1.74267315864563;0.192727272727273;1.07097383056368;1.29857778549194;3;3.04969825578342;0.139624999582521;1.48100394616693;1.22865469807759;2.17261592096194;0.643856805544075;1.78571748733521;7;0.909449306218514;0.157647676438329;1.41219704072984;3.2798728979856;1.6292765446585;1.43549483472651;1.61115049232136;1.67802115259785;2.54553127160444;-1.09179141292615;-1.42231392860413;1.94591014905531;2.77258872223978;1.13088832182043;1.57738780975342;0.749523422750972;0.040539854774575;130;15.3
"235";"biocom_50_57";"biocom";"50";57;3;0.572825;0.503125;"kept";"unimod";"bing";0.568408855932698;-0.829232631824037;-0.558903607358354;-71.663568;-30.662454;15.3297097167559;1.66770682055808;0.8817;0.0327263343535101;0.018463487224253;NA;NA;NA;NA;0.188007839398273;0.262566873245405;0.000171447539768686;2.15605365895039e-05;16;0.867533687036507;20.5030414874616;3.45870380007758;0.125288258443446;0.00611071574527441;0.0362240497265582;-0.185788207057286;1.03284599903714e-13;1.11411760495306;0.951239813872906;0.203636363636364;1.17720998078585;1.74267315864563;0.192727272727273;1.07097383056368;1.29857778549194;3;3.04969825578342;0.139624999582521;1.48100394616693;1.22865469807759;2.17261592096194;0.643856805544075;1.78571748733521;7;0.909449306218514;0.157647676438329;1.41219704072984;3.2798728979856;1.6292765446585;1.43549483472651;1.61115049232136;1.67802115259785;2.54553127160444;-1.09179141292615;-1.42231392860413;1.94591014905531;2.77258872223978;1.13088832182043;1.57738780975342;0.749523422750972;0.040539854774575;130;15.3
"236";"biocom_50_57";"biocom";"50";57;2;0.572825;0.576675;"kept";"unimod";"bing";0.501770957226804;-0.829232631824037;-0.558903607358354;-71.663568;-30.662454;15.3297097167559;1.66770682055808;0.8817;0.0181357080794636;0.016906236138089;NA;NA;NA;NA;0.188007839398273;0.262566873245405;0.000171447539768686;2.15605365895039e-05;16;0.867533687036507;20.5030414874616;3.45870380007758;0.125288258443446;0.00611071574527441;0.0362240497265582;-0.185788207057286;1.03284599903714e-13;1.11411760495306;0.951239813872906;0.203636363636364;1.17720998078585;1.74267315864563;0.192727272727273;1.07097383056368;1.29857778549194;3;3.04969825578342;0.139624999582521;1.48100394616693;1.22865469807759;2.17261592096194;0.643856805544075;1.78571748733521;7;0.909449306218514;0.157647676438329;1.41219704072984;3.2798728979856;1.6292765446585;1.43549483472651;1.61115049232136;1.67802115259785;2.54553127160444;-1.09179141292615;-1.42231392860413;1.94591014905531;2.77258872223978;1.13088832182043;1.57738780975342;0.749523422750972;0.040539854774575;130;15.3
"237";"biocom_50_57";"biocom";"50";57;1;0.572825;0.478025;"kept";"unimod";"bing";0.545076912925582;-0.829232631824037;-0.558903607358354;-71.663568;-30.662454;15.3297097167559;1.66770682055808;0.8817;0.150202322496682;0.150713269532171;NA;NA;NA;NA;0.188007839398273;0.262566873245405;0.000171447539768686;2.15605365895039e-05;16;0.867533687036507;20.5030414874616;3.45870380007758;0.125288258443446;0.00611071574527441;0.0362240497265582;-0.185788207057286;1.03284599903714e-13;1.11411760495306;0.951239813872906;0.203636363636364;1.17720998078585;1.74267315864563;0.192727272727273;1.07097383056368;1.29857778549194;3;3.04969825578342;0.139624999582521;1.48100394616693;1.22865469807759;2.17261592096194;0.643856805544075;1.78571748733521;7;0.909449306218514;0.157647676438329;1.41219704072984;3.2798728979856;1.6292765446585;1.43549483472651;1.61115049232136;1.67802115259785;2.54553127160444;-1.09179141292615;-1.42231392860413;1.94591014905531;2.77258872223978;1.13088832182043;1.57738780975342;0.749523422750972;0.040539854774575;130;15.3
"241";"biocom_50_60";"biocom";"50";60;2;0.352583333333333;0.345684512759585;"kept";"unimod";"bing";0.396341344465671;-0.783083983244333;-0.621915971161851;-71.585444;-31.199813;19.5448202856921;2.55722731136763;0.8459;0.0406500057766135;0.0446923560052189;NA;NA;NA;NA;0.27962286138037;0.145781026537423;0.000317062362109023;1.60602005816617e-05;4;0.833612752323251;15.2595826255388;3.2569734120871;0.146234445860011;0.00958312225494748;0.0448988761521091;-0.146936104039517;8.48431422743108e-27;1.33335661678569;1.32334510281111;0.272727272727273;1.21834373371354;3.42506289482117;0.218181818181818;1.1477988646144;2.12305784225464;4.12310562561766;1.23178402599506;0.280166636190268;1.49725089567464;1.89864830730607;1.04041540159238;1.03204199230778;1.92453038692474;16;0.475116858271565;1.48141485565131;1.78488119840622;3.2798728979856;1.37610168161152;1.87923006450429;2.10213831593009;2.15484540552628;1.99243016469021;-1.29310881652174;-2.27236090103785;1.44691898293633;1.13943428318836;0.965788091168118;1.45480094850063;0.719048185372103;0.0541032583304078;177;14.3
"242";"biocom_50_60";"biocom";"50";60;3;0.352583333333333;0.29699759906933;"kept";"unimod";"bing";0.506644856813753;-0.783083983244333;-0.621915971161851;-71.585444;-31.199813;19.5448202856921;2.55722731136763;0.8459;0.0202063412179927;0.020660707164528;NA;NA;NA;NA;0.27962286138037;0.145781026537423;0.000317062362109023;1.60602005816617e-05;4;0.833612752323251;15.2595826255388;3.2569734120871;0.146234445860011;0.00958312225494748;0.0448988761521091;-0.146936104039517;8.48431422743108e-27;1.33335661678569;1.32334510281111;0.272727272727273;1.21834373371354;3.42506289482117;0.218181818181818;1.1477988646144;2.12305784225464;4.12310562561766;1.23178402599506;0.280166636190268;1.49725089567464;1.89864830730607;1.04041540159238;1.03204199230778;1.92453038692474;16;0.475116858271565;1.48141485565131;1.78488119840622;3.2798728979856;1.37610168161152;1.87923006450429;2.10213831593009;2.15484540552628;1.99243016469021;-1.29310881652174;-2.27236090103785;1.44691898293633;1.13943428318836;0.965788091168118;1.45480094850063;0.719048185372103;0.0541032583304078;177;14.3
"243";"biocom_50_60";"biocom";"50";60;1;0.352583333333333;0.281428677507982;"kept";"unimod";"bing";0.453035608532676;-0.783083983244333;-0.621915971161851;-71.585444;-31.199813;19.5448202856921;2.55722731136763;0.8459;0.0199879455536294;0.0177837929317365;NA;NA;NA;NA;0.27962286138037;0.145781026537423;0.000317062362109023;1.60602005816617e-05;4;0.833612752323251;15.2595826255388;3.2569734120871;0.146234445860011;0.00958312225494748;0.0448988761521091;-0.146936104039517;8.48431422743108e-27;1.33335661678569;1.32334510281111;0.272727272727273;1.21834373371354;3.42506289482117;0.218181818181818;1.1477988646144;2.12305784225464;4.12310562561766;1.23178402599506;0.280166636190268;1.49725089567464;1.89864830730607;1.04041540159238;1.03204199230778;1.92453038692474;16;0.475116858271565;1.48141485565131;1.78488119840622;3.2798728979856;1.37610168161152;1.87923006450429;2.10213831593009;2.15484540552628;1.99243016469021;-1.29310881652174;-2.27236090103785;1.44691898293633;1.13943428318836;0.965788091168118;1.45480094850063;0.719048185372103;0.0541032583304078;177;14.3
"244";"biocom_50_68";"biocom";"50";68;3;0.07675;0.124120303910927;"kept";"unimod";"bing";0.677509871463506;-0.630436700122114;0.776240663157464;-79.428497;-3.974567;42.3792402008342;2.99071973173045;0.4105;0.00621227439307906;0.00557260000906695;NA;NA;NA;NA;0.133089676359977;0.50897822977912;0.000113495002869232;6.28085934295674e-05;10;0.660472851249055;17.6473802531789;5.22407762684585;0.199310826043666;0.0112940744282859;0.0381523477023837;0.0993066661962523;1.79477103091679e-05;1.41035548472447;2.08680082146458;0.170909090909091;1.12419717627413;1.50210177898407;0.225454545454545;0.877694061824254;1.41952157020569;2.82842712474619;3.06582389134286;-0.0790511404414654;1.16456352074941;1.22865469807759;2.45091770916881;0.110504737276135;1.42495707219297;6;1.08949429416146;-0.0491749095250706;1.30361438619679;1.76028085660087;2.1161366106821;1.25406218710399;1.39743369533902;NA;NA;NA;NA;1.75785791755237;1.7227665977411;0.757434886118228;0.916815590858459;0.484962937452149;0.0582562474715701;921;19
"245";"biocom_50_68";"biocom";"50";68;1;0.07675;0.0904730226532684;"kept";"bimod";"bing";0.662294862889685;-0.630436700122114;0.776240663157464;-79.428497;-3.974567;42.3792402008342;2.99071973173045;0.4105;0.00534075391222981;0.005;NA;NA;NA;NA;0.133089676359977;0.50897822977912;0.000113495002869232;6.28085934295674e-05;10;0.660472851249055;17.6473802531789;5.22407762684585;0.199310826043666;0.0112940744282859;0.0381523477023837;0.0993066661962523;1.79477103091679e-05;1.41035548472447;2.08680082146458;0.170909090909091;1.12419717627413;1.50210177898407;0.225454545454545;0.877694061824254;1.41952157020569;2.82842712474619;3.06582389134286;-0.0790511404414654;1.16456352074941;1.22865469807759;2.45091770916881;0.110504737276135;1.42495707219297;6;1.08949429416146;-0.0491749095250706;1.30361438619679;1.76028085660087;2.1161366106821;1.25406218710399;1.39743369533902;NA;NA;NA;NA;1.75785791755237;1.7227665977411;0.757434886118228;0.916815590858459;0.484962937452149;0.0582562474715701;921;19
"246";"biocom_50_68";"biocom";"50";68;2;0.07675;0.119988795910507;"kept";"unimod";"bing";0.677672339525522;-0.630436700122114;0.776240663157464;-79.428497;-3.974567;42.3792402008342;2.99071973173045;0.4105;0.00593798482933932;0.00557260000906695;NA;NA;NA;NA;0.133089676359977;0.50897822977912;0.000113495002869232;6.28085934295674e-05;10;0.660472851249055;17.6473802531789;5.22407762684585;0.199310826043666;0.0112940744282859;0.0381523477023837;0.0993066661962523;1.79477103091679e-05;1.41035548472447;2.08680082146458;0.170909090909091;1.12419717627413;1.50210177898407;0.225454545454545;0.877694061824254;1.41952157020569;2.82842712474619;3.06582389134286;-0.0790511404414654;1.16456352074941;1.22865469807759;2.45091770916881;0.110504737276135;1.42495707219297;6;1.08949429416146;-0.0491749095250706;1.30361438619679;1.76028085660087;2.1161366106821;1.25406218710399;1.39743369533902;NA;NA;NA;NA;1.75785791755237;1.7227665977411;0.757434886118228;0.916815590858459;0.484962937452149;0.0582562474715701;921;19
"265";"biocom_50_77";"biocom";"50";77;1;0.287;0.298694023318511;"kept";"unimod";"bing";0.5960151520282;-0.577925721370361;0.816089370460459;-79.494428;-4.004225;43.7835585579793;2.7408400239252;0.309;0.00866339366322851;0.008290331086658;NA;NA;NA;NA;-0.220062441194081;-0.17246172269267;-0.000359252761685307;-1.42462471054313e-05;5;0.717018370389527;21.4707181375066;6.97270848985068;0.276673228190607;0.012886072390252;0.0396794486092925;0.140133080000516;4.25216809473336e-21;1.33225599016309;2.01700535478591;0.218978102189781;1.15480506160985;2.25610589981079;0.244525547445255;0.997819708741229;1.86479663848877;3.60555127546399;1.73729412983761;0.144272563304141;1.43571419760866;1.89864830730607;1.39002985318143;0.681996575993278;1.89145676294963;12;0.47008431256204;0.23869712010322;1.44723396951502;4.67909549225421;1.01892829446503;1.47624691575766;1.62502666562796;1.36129818269696;1.6094379124341;-1.24766531685988;-1.79706601301829;1.09861228866811;1.38629436111989;0.778805068915799;0.974156826734543;0.447478229000305;0.0616523802409707;1010;18
"266";"biocom_50_77";"biocom";"50";77;3;0.287;0.307377192675326;"kept";"bimod";"bing";0.619467966970634;-0.577925721370361;0.816089370460459;-79.494428;-4.004225;43.7835585579793;2.7408400239252;0.309;0.0121136125605891;0.012313626763256;NA;NA;NA;NA;-0.220062441194081;-0.17246172269267;-0.000359252761685307;-1.42462471054313e-05;5;0.717018370389527;21.4707181375066;6.97270848985068;0.276673228190607;0.012886072390252;0.0396794486092925;0.140133080000516;4.25216809473336e-21;1.33225599016309;2.01700535478591;0.218978102189781;1.15480506160985;2.25610589981079;0.244525547445255;0.997819708741229;1.86479663848877;3.60555127546399;1.73729412983761;0.144272563304141;1.43571419760866;1.89864830730607;1.39002985318143;0.681996575993278;1.89145676294963;12;0.47008431256204;0.23869712010322;1.44723396951502;4.67909549225421;1.01892829446503;1.47624691575766;1.62502666562796;1.36129818269696;1.6094379124341;-1.24766531685988;-1.79706601301829;1.09861228866811;1.38629436111989;0.778805068915799;0.974156826734543;0.447478229000305;0.0616523802409707;1010;18
"267";"biocom_50_77";"biocom";"50";77;2;0.287;0.229543783480971;"kept";"unimod";"bing";0.526677001085019;-0.577925721370361;0.816089370460459;-79.494428;-4.004225;43.7835585579793;2.7408400239252;0.309;0.0109164168822499;0.010234095439807;NA;NA;NA;NA;-0.220062441194081;-0.17246172269267;-0.000359252761685307;-1.42462471054313e-05;5;0.717018370389527;21.4707181375066;6.97270848985068;0.276673228190607;0.012886072390252;0.0396794486092925;0.140133080000516;4.25216809473336e-21;1.33225599016309;2.01700535478591;0.218978102189781;1.15480506160985;2.25610589981079;0.244525547445255;0.997819708741229;1.86479663848877;3.60555127546399;1.73729412983761;0.144272563304141;1.43571419760866;1.89864830730607;1.39002985318143;0.681996575993278;1.89145676294963;12;0.47008431256204;0.23869712010322;1.44723396951502;4.67909549225421;1.01892829446503;1.47624691575766;1.62502666562796;1.36129818269696;1.6094379124341;-1.24766531685988;-1.79706601301829;1.09861228866811;1.38629436111989;0.778805068915799;0.974156826734543;0.447478229000305;0.0616523802409707;1010;18
"268";"biocom_50_78";"biocom";"50";78;2;0.2915;0.253282448093554;"kept";"unimod";"bing";0.669925030690935;-0.577187740534886;0.8166114817808;-79.495332;-4.004382;44.1134900002256;2.70805020110221;0.309;0.00691369829030807;0.00614347517004249;NA;NA;NA;NA;-0.220062441194081;-0.17246172269267;-0.000359252761685307;-1.42462471054313e-05;5;0.717018370389527;21.4707181375066;6.97270848985068;0.276673228190607;0.012886072390252;0.0396794486092925;0.140133080000516;4.25216809473336e-21;1.33225599016309;2.01700535478591;0.218978102189781;1.15480506160985;2.25610589981079;0.244525547445255;0.997819708741229;1.86479663848877;3.60555127546399;1.73729412983761;0.144272563304141;1.43571419760866;1.89864830730607;1.39002985318143;0.681996575993278;1.89145676294963;12;0.47008431256204;0.23869712010322;1.44723396951502;4.67909549225421;1.01892829446503;1.47624691575766;1.62502666562796;1.36129818269696;1.6094379124341;-1.24766531685988;-1.79706601301829;1.09861228866811;1.38629436111989;0.778805068915799;0.974156826734543;0.447478229000305;0.0616523802409707;1010;18
"269";"biocom_50_78";"biocom";"50";78;3;0.2915;0.201323483071321;"kept";"bimod";"bing";0.612606241641489;-0.577187740534886;0.8166114817808;-79.495332;-4.004382;44.1134900002256;2.70805020110221;0.309;0.00567219798771252;0.005;NA;NA;NA;NA;-0.220062441194081;-0.17246172269267;-0.000359252761685307;-1.42462471054313e-05;5;0.717018370389527;21.4707181375066;6.97270848985068;0.276673228190607;0.012886072390252;0.0396794486092925;0.140133080000516;4.25216809473336e-21;1.33225599016309;2.01700535478591;0.218978102189781;1.15480506160985;2.25610589981079;0.244525547445255;0.997819708741229;1.86479663848877;3.60555127546399;1.73729412983761;0.144272563304141;1.43571419760866;1.89864830730607;1.39002985318143;0.681996575993278;1.89145676294963;12;0.47008431256204;0.23869712010322;1.44723396951502;4.67909549225421;1.01892829446503;1.47624691575766;1.62502666562796;1.36129818269696;1.6094379124341;-1.24766531685988;-1.79706601301829;1.09861228866811;1.38629436111989;0.778805068915799;0.974156826734543;0.447478229000305;0.0616523802409707;1010;18
"270";"biocom_50_78";"biocom";"50";78;1;0.2915;0.266552291586429;"kept";"bimod";"bing";0.832606715961717;-0.577187740534886;0.8166114817808;-79.495332;-4.004382;44.1134900002256;2.70805020110221;0.309;0.00524018648895305;0.005;NA;NA;NA;NA;-0.220062441194081;-0.17246172269267;-0.000359252761685307;-1.42462471054313e-05;5;0.717018370389527;21.4707181375066;6.97270848985068;0.276673228190607;0.012886072390252;0.0396794486092925;0.140133080000516;4.25216809473336e-21;1.33225599016309;2.01700535478591;0.218978102189781;1.15480506160985;2.25610589981079;0.244525547445255;0.997819708741229;1.86479663848877;3.60555127546399;1.73729412983761;0.144272563304141;1.43571419760866;1.89864830730607;1.39002985318143;0.681996575993278;1.89145676294963;12;0.47008431256204;0.23869712010322;1.44723396951502;4.67909549225421;1.01892829446503;1.47624691575766;1.62502666562796;1.36129818269696;1.6094379124341;-1.24766531685988;-1.79706601301829;1.09861228866811;1.38629436111989;0.778805068915799;0.974156826734543;0.447478229000305;0.0616523802409707;1010;18
"271";"biocom_50_79";"biocom";"50";79;3;0.13225;0.19047619047619;"kept";"unimod";"bing";0.629986278780866;-0.585297292605029;0.810818770915686;-79.485366;-4.012594;39.6862696659689;2.91235066461494;0.5172;0.00721539070189336;0.00648314399850003;NA;NA;NA;NA;0.0686561445706197;0.0215089239152414;-1.06267872303235e-05;-7.34785284932746e-06;16;0.697471470095368;17.3849519153298;5.827204246946;0.203787951302353;0.0117220888671343;0.0349718222780945;0.0791818663098562;0.699102065987375;1.1729660407698;2.5612950808529;0.156934306569343;1.31327133343138;2.04628992080688;0.175182481751825;0.917742980378015;1.33857309818268;2.64575131106459;2.83662954402152;-0.116356314746903;1.03995078360593;1.22865469807759;2.33759188026311;0.16456063046753;1.27315397063891;7;1.03193842122455;0.113119248395407;1.48595708347203;0;2.39399445930676;1.52940877125813;2.04628992080688;1.75480019260307;2.94443897916644;-1.09835783268015;-1.49764859676361;NA;NA;NA;NA;0.537576113417055;0.0616095439307341;847;20.5
"272";"biocom_50_79";"biocom";"50";79;2;0.13225;0.172998144322678;"kept";"unimod";"bing";0.699038035162849;-0.585297292605029;0.810818770915686;-79.485366;-4.012594;39.6862696659689;2.91235066461494;0.5172;0.00599488547795715;0.00513127219752502;NA;NA;NA;NA;0.0686561445706197;0.0215089239152414;-1.06267872303235e-05;-7.34785284932746e-06;16;0.697471470095368;17.3849519153298;5.827204246946;0.203787951302353;0.0117220888671343;0.0349718222780945;0.0791818663098562;0.699102065987375;1.1729660407698;2.5612950808529;0.156934306569343;1.31327133343138;2.04628992080688;0.175182481751825;0.917742980378015;1.33857309818268;2.64575131106459;2.83662954402152;-0.116356314746903;1.03995078360593;1.22865469807759;2.33759188026311;0.16456063046753;1.27315397063891;7;1.03193842122455;0.113119248395407;1.48595708347203;0;2.39399445930676;1.52940877125813;2.04628992080688;1.75480019260307;2.94443897916644;-1.09835783268015;-1.49764859676361;NA;NA;NA;NA;0.537576113417055;0.0616095439307341;847;20.5
"273";"biocom_50_79";"biocom";"50";79;1;0.13225;0.124291383219955;"kept";"bimod";"bing";0.608868437249188;-0.585297292605029;0.810818770915686;-79.485366;-4.012594;39.6862696659689;2.91235066461494;0.5172;0.00646527920754649;0.00585308942016505;NA;NA;NA;NA;0.0686561445706197;0.0215089239152414;-1.06267872303235e-05;-7.34785284932746e-06;16;0.697471470095368;17.3849519153298;5.827204246946;0.203787951302353;0.0117220888671343;0.0349718222780945;0.0791818663098562;0.699102065987375;1.1729660407698;2.5612950808529;0.156934306569343;1.31327133343138;2.04628992080688;0.175182481751825;0.917742980378015;1.33857309818268;2.64575131106459;2.83662954402152;-0.116356314746903;1.03995078360593;1.22865469807759;2.33759188026311;0.16456063046753;1.27315397063891;7;1.03193842122455;0.113119248395407;1.48595708347203;0;2.39399445930676;1.52940877125813;2.04628992080688;1.75480019260307;2.94443897916644;-1.09835783268015;-1.49764859676361;NA;NA;NA;NA;0.537576113417055;0.0616095439307341;847;20.5
"277";"biocom_50_81";"biocom";"50";81;1;0.11125;0.0655439235320892;"kept";"unimod";"bing";0.569390337538906;-0.591440939942589;0.806348320863773;-79.477768;-4.015926;37.8549864614954;2.31253542384721;0.5461;0.00551696154461758;0.005;NA;NA;NA;NA;-0.217204301075269;0.14167063933471;-0.000508324602796953;7.55423702579869e-06;6;0.745368425678851;16.3798146330853;4.93629875066005;0.158736204683633;0.009690964656157;0.0321569282374589;0.113644908880998;1.35107385208561e-30;1.45838688481023;1.84792039197399;0.207272727272727;1.12241176561433;2.46725964546204;0.243636363636364;1.04757011175156;1.64716589450836;3.16227766016838;2.39502412716686;0.139748185900838;1.55634131789208;2.15484540552628;1.41531791130011;0.57145708472135;1.79556911786397;12;0.789386222500091;0.0725263447381338;1.37327459880284;3.99120339078684;1.21070858372401;1.42583368718624;1.57841674983501;1.22865469807759;1.67397643357167;-0.850419585572349;-1.16336842377981;1.38629436111989;1.94591014905531;0.818222452886403;1.15631890296936;0.507044415979115;0.0520831827686767;756;21.8
"278";"biocom_50_81";"biocom";"50";81;3;0.11125;0.0917304421768707;"kept";"unimod";"bing";0.632244005703343;-0.591440939942589;0.806348320863773;-79.477768;-4.015926;37.8549864614954;2.31253542384721;0.5461;0.00563098609582631;0.005;NA;NA;NA;NA;-0.217204301075269;0.14167063933471;-0.000508324602796953;7.55423702579869e-06;6;0.745368425678851;16.3798146330853;4.93629875066005;0.158736204683633;0.009690964656157;0.0321569282374589;0.113644908880998;1.35107385208561e-30;1.45838688481023;1.84792039197399;0.207272727272727;1.12241176561433;2.46725964546204;0.243636363636364;1.04757011175156;1.64716589450836;3.16227766016838;2.39502412716686;0.139748185900838;1.55634131789208;2.15484540552628;1.41531791130011;0.57145708472135;1.79556911786397;12;0.789386222500091;0.0725263447381338;1.37327459880284;3.99120339078684;1.21070858372401;1.42583368718624;1.57841674983501;1.22865469807759;1.67397643357167;-0.850419585572349;-1.16336842377981;1.38629436111989;1.94591014905531;0.818222452886403;1.15631890296936;0.507044415979115;0.0520831827686767;756;21.8
"279";"biocom_50_81";"biocom";"50";81;2;0.11125;0.0741570673295753;"kept";"unimod";"bing";0.570128894351432;-0.591440939942589;0.806348320863773;-79.477768;-4.015926;37.8549864614954;2.31253542384721;0.5461;0.00526331557909532;0.005;NA;NA;NA;NA;-0.217204301075269;0.14167063933471;-0.000508324602796953;7.55423702579869e-06;6;0.745368425678851;16.3798146330853;4.93629875066005;0.158736204683633;0.009690964656157;0.0321569282374589;0.113644908880998;1.35107385208561e-30;1.45838688481023;1.84792039197399;0.207272727272727;1.12241176561433;2.46725964546204;0.243636363636364;1.04757011175156;1.64716589450836;3.16227766016838;2.39502412716686;0.139748185900838;1.55634131789208;2.15484540552628;1.41531791130011;0.57145708472135;1.79556911786397;12;0.789386222500091;0.0725263447381338;1.37327459880284;3.99120339078684;1.21070858372401;1.42583368718624;1.57841674983501;1.22865469807759;1.67397643357167;-0.850419585572349;-1.16336842377981;1.38629436111989;1.94591014905531;0.818222452886403;1.15631890296936;0.507044415979115;0.0520831827686767;756;21.8
"280";"biocom_50_82";"biocom";"50";82;1;0.0965;0.074017016210917;"kept";"bimod";"bing";0.639667747678303;-0.591244979840552;0.806492017203733;-79.478011;-4.016062;37.868192457523;2.32238772029023;0.5461;0.0050671241646987;0.005;NA;NA;NA;NA;-0.217204301075269;0.14167063933471;-0.000508324602796953;7.55423702579869e-06;6;0.745368425678851;16.3798146330853;4.93629875066005;0.158736204683633;0.009690964656157;0.0321569282374589;0.113644908880998;1.35107385208561e-30;1.45838688481023;1.84792039197399;0.207272727272727;1.12241176561433;2.46725964546204;0.243636363636364;1.04757011175156;1.64716589450836;3.16227766016838;2.39502412716686;0.139748185900838;1.55634131789208;2.15484540552628;1.41531791130011;0.57145708472135;1.79556911786397;12;0.789386222500091;0.0725263447381338;1.37327459880284;3.99120339078684;1.21070858372401;1.42583368718624;1.57841674983501;1.22865469807759;1.67397643357167;-0.850419585572349;-1.16336842377981;1.38629436111989;1.94591014905531;0.818222452886403;1.15631890296936;0.507044415979115;0.0520831827686767;756;21.8
"281";"biocom_50_82";"biocom";"50";82;2;0.0965;0.121319281537761;"kept";"unimod";"bing";0.561702921687474;-0.591244979840552;0.806492017203733;-79.478011;-4.016062;37.868192457523;2.32238772029023;0.5461;0.00654745200097941;0.00504326252294152;NA;NA;NA;NA;-0.217204301075269;0.14167063933471;-0.000508324602796953;7.55423702579869e-06;6;0.745368425678851;16.3798146330853;4.93629875066005;0.158736204683633;0.009690964656157;0.0321569282374589;0.113644908880998;1.35107385208561e-30;1.45838688481023;1.84792039197399;0.207272727272727;1.12241176561433;2.46725964546204;0.243636363636364;1.04757011175156;1.64716589450836;3.16227766016838;2.39502412716686;0.139748185900838;1.55634131789208;2.15484540552628;1.41531791130011;0.57145708472135;1.79556911786397;12;0.789386222500091;0.0725263447381338;1.37327459880284;3.99120339078684;1.21070858372401;1.42583368718624;1.57841674983501;1.22865469807759;1.67397643357167;-0.850419585572349;-1.16336842377981;1.38629436111989;1.94591014905531;0.818222452886403;1.15631890296936;0.507044415979115;0.0520831827686767;756;21.8
"282";"biocom_50_82";"biocom";"50";82;3;0.0965;0.121634396554742;"kept";"bimod";"bing";0.640633960731858;-0.591244979840552;0.806492017203733;-79.478011;-4.016062;37.868192457523;2.32238772029023;0.5461;0.00537383376939962;0.005;NA;NA;NA;NA;-0.217204301075269;0.14167063933471;-0.000508324602796953;7.55423702579869e-06;6;0.745368425678851;16.3798146330853;4.93629875066005;0.158736204683633;0.009690964656157;0.0321569282374589;0.113644908880998;1.35107385208561e-30;1.45838688481023;1.84792039197399;0.207272727272727;1.12241176561433;2.46725964546204;0.243636363636364;1.04757011175156;1.64716589450836;3.16227766016838;2.39502412716686;0.139748185900838;1.55634131789208;2.15484540552628;1.41531791130011;0.57145708472135;1.79556911786397;12;0.789386222500091;0.0725263447381338;1.37327459880284;3.99120339078684;1.21070858372401;1.42583368718624;1.57841674983501;1.22865469807759;1.67397643357167;-0.850419585572349;-1.16336842377981;1.38629436111989;1.94591014905531;0.818222452886403;1.15631890296936;0.507044415979115;0.0520831827686767;756;21.8
"295";"biocom_50_cropped_10";"biocom";"50_cropped";10;2;0.213603045685279;0.211206057328286;"kept";"bimod";"bing";0.510889281574036;-0.978105839760646;0.208108063818105;-66.183086;-38.700489;15.5884572681199;0.405465108108164;0.7822;0.00956925962773828;0.008934610586983;NA;NA;NA;NA;-0.337041156840934;-0.0243339159913131;-0.000608820514963306;-2.46364421964188e-06;6;0.863895638036409;9.88216008719141;2.30470416666151;0.0796604698565926;0.00806103818939779;0.0345642928966389;0.167481589308735;9.74518326687264e-68;0.962305327031823;1.22388708955998;0.32;1.29178187964668;2.50003886222839;0.210909090909091;1.1604694553784;1.57254076004028;3;2.20770192896878;0.321935339667095;1.69782366041552;2.37886580797276;1.0045004921072;0.878983239364002;1.79570583034964;11;0.73805542262267;1.24614825403696;1.91692782149595;3.99120339078684;1.68123621451669;1.77175462813604;2.15411283856346;2.3484990743831;2.316769727986;-1.18643596188162;-1.79413749490465;1.67397643357167;1.79175946922805;1.16386495339413;1.73019059499105;0.704711844126111;0.0225137476475915;313;15.2
"296";"biocom_50_cropped_10";"biocom";"50_cropped";10;3;0.213603045685279;0.179664683612764;"kept";"unimod";"bing";0.492620395748632;-0.978105839760646;0.208108063818105;-66.183086;-38.700489;15.5884572681199;0.405465108108164;0.7822;0.00957594934778203;0.00923199385020795;NA;NA;NA;NA;-0.337041156840934;-0.0243339159913131;-0.000608820514963306;-2.46364421964188e-06;6;0.863895638036409;9.88216008719141;2.30470416666151;0.0796604698565926;0.00806103818939779;0.0345642928966389;0.167481589308735;9.74518326687264e-68;0.962305327031823;1.22388708955998;0.32;1.29178187964668;2.50003886222839;0.210909090909091;1.1604694553784;1.57254076004028;3;2.20770192896878;0.321935339667095;1.69782366041552;2.37886580797276;1.0045004921072;0.878983239364002;1.79570583034964;11;0.73805542262267;1.24614825403696;1.91692782149595;3.99120339078684;1.68123621451669;1.77175462813604;2.15411283856346;2.3484990743831;2.316769727986;-1.18643596188162;-1.79413749490465;1.67397643357167;1.79175946922805;1.16386495339413;1.73019059499105;0.704711844126111;0.0225137476475915;313;15.2
"297";"biocom_50_cropped_10";"biocom";"50_cropped";10;1;0.213603045685279;0.207809626825311;"kept";"bimod";"bing";0.543620057612087;-0.978105839760646;0.208108063818105;-66.183086;-38.700489;15.5884572681199;0.405465108108164;0.7822;0.0108458264139838;0.010016714709498;NA;NA;NA;NA;-0.337041156840934;-0.0243339159913131;-0.000608820514963306;-2.46364421964188e-06;6;0.863895638036409;9.88216008719141;2.30470416666151;0.0796604698565926;0.00806103818939779;0.0345642928966389;0.167481589308735;9.74518326687264e-68;0.962305327031823;1.22388708955998;0.32;1.29178187964668;2.50003886222839;0.210909090909091;1.1604694553784;1.57254076004028;3;2.20770192896878;0.321935339667095;1.69782366041552;2.37886580797276;1.0045004921072;0.878983239364002;1.79570583034964;11;0.73805542262267;1.24614825403696;1.91692782149595;3.99120339078684;1.68123621451669;1.77175462813604;2.15411283856346;2.3484990743831;2.316769727986;-1.18643596188162;-1.79413749490465;1.67397643357167;1.79175946922805;1.16386495339413;1.73019059499105;0.704711844126111;0.0225137476475915;313;15.2
"298";"biocom_50_cropped_100";"biocom";"50_cropped";100;3;0.312925;0.379724670933462;"kept";"unimod";"bing";0.56141274641248;0.640686783646809;0.767802347782492;-99.655561;22.246529;35.0998575495685;1.64865862558738;0.7254;0.018850233655487;0.018383579511253;NA;NA;NA;NA;-0.0475342973674453;0.104761904761905;0.000253504473100274;2.45006178992098e-05;3;0.840010089311248;17.0835095769289;4.09274891327162;0.130632449331114;0.00764669863313868;0.0319180218721725;-0.0150003172119456;6.26861265977117e-09;1.35319688804611;1.04431789858837;0.258181818181818;1.15899520066746;2.4146249294281;0.236363636363636;0.943619829766891;1.53450071811676;4;1.42821388043556;0.445989120007653;1.79864927530289;2.57858283255199;0.778920885182722;1.12740439939448;1.97052712738514;13;0.34877606555652;0.733135231894256;1.58036680277004;3.2798728979856;1.02946037781238;1.81390322248141;2.04726594686508;1.59753955386447;1.70474809223843;-1.26346087136439;-1.86449420452118;1.41369333530801;1.44036158239017;1.11296298120177;1.83958752950033;0.692567546737697;0.0363700440316502;475;20.7
"299";"biocom_50_cropped_100";"biocom";"50_cropped";100;1;0.312925;0.298242965825383;"kept";"unimod";"bing";0.547367387735802;0.640686783646809;0.767802347782492;-99.655561;22.246529;35.0998575495685;1.64865862558738;0.7254;0.0116840496146581;0.0101179477056885;NA;NA;NA;NA;-0.0475342973674453;0.104761904761905;0.000253504473100274;2.45006178992098e-05;3;0.840010089311248;17.0835095769289;4.09274891327162;0.130632449331114;0.00764669863313868;0.0319180218721725;-0.0150003172119456;6.26861265977117e-09;1.35319688804611;1.04431789858837;0.258181818181818;1.15899520066746;2.4146249294281;0.236363636363636;0.943619829766891;1.53450071811676;4;1.42821388043556;0.445989120007653;1.79864927530289;2.57858283255199;0.778920885182722;1.12740439939448;1.97052712738514;13;0.34877606555652;0.733135231894256;1.58036680277004;3.2798728979856;1.02946037781238;1.81390322248141;2.04726594686508;1.59753955386447;1.70474809223843;-1.26346087136439;-1.86449420452118;1.41369333530801;1.44036158239017;1.11296298120177;1.83958752950033;0.692567546737697;0.0363700440316502;475;20.7
"300";"biocom_50_cropped_100";"biocom";"50_cropped";100;2;0.312925;0.378305760173892;"kept";"unimod";"bing";0.514103462343812;0.640686783646809;0.767802347782492;-99.655561;22.246529;35.0998575495685;1.64865862558738;0.7254;0.0217363087268028;0.020511886958584;NA;NA;NA;NA;-0.0475342973674453;0.104761904761905;0.000253504473100274;2.45006178992098e-05;3;0.840010089311248;17.0835095769289;4.09274891327162;0.130632449331114;0.00764669863313868;0.0319180218721725;-0.0150003172119456;6.26861265977117e-09;1.35319688804611;1.04431789858837;0.258181818181818;1.15899520066746;2.4146249294281;0.236363636363636;0.943619829766891;1.53450071811676;4;1.42821388043556;0.445989120007653;1.79864927530289;2.57858283255199;0.778920885182722;1.12740439939448;1.97052712738514;13;0.34877606555652;0.733135231894256;1.58036680277004;3.2798728979856;1.02946037781238;1.81390322248141;2.04726594686508;1.59753955386447;1.70474809223843;-1.26346087136439;-1.86449420452118;1.41369333530801;1.44036158239017;1.11296298120177;1.83958752950033;0.692567546737697;0.0363700440316502;475;20.7
"304";"biocom_50_cropped_103";"biocom";"50_cropped";103;2;0.068;0.166374833957252;"kept";"bimod";"bing";0.548378812454725;0.804235755388151;0.594310398491605;-99.894557;22.64831;32;1.09861228866811;0.6789;0.00576704436725436;0.005;NA;NA;NA;NA;-0.248134124187441;-0.262973582262689;-0.00042546494043482;-3.0142560782767e-05;2;0.834129816690459;17.0257746131707;4.00654745338401;0.0997468277094558;0.00585857794877035;0.0248959556500966;-0.180330381250735;1.58451418449126e-22;1.18804541929491;1.6659466170612;0.247272727272727;1.23107171967878;2.64747524261475;0.229090909090909;0.97760882973671;1.49941611289978;4.69041575982343;0.803866526987886;0.337445372540941;1.51568260292212;2.7592278695768;0.305394467282392;0.937455554405523;1.73908669298345;16;0.265174379783022;0.501965532357064;1.62019745856524;5.99943266849411;0.539196348402949;1.69927197236281;1.91508356424479;1.48372058054829;1.67397643357167;-1.0139465769132;-1.94600526491801;1.07451473708905;0.971860583028966;0.880037573831422;1.53983910594668;0.618456251353949;0.0362431243915074;571;22
"305";"biocom_50_cropped_103";"biocom";"50_cropped";103;1;0.068;0.163959666706919;"kept";"bimod";"bing";0.537994312875133;0.804235755388151;0.594310398491605;-99.894557;22.64831;32;1.09861228866811;0.6789;0.00586724084123152;0.005;NA;NA;NA;NA;-0.248134124187441;-0.262973582262689;-0.00042546494043482;-3.0142560782767e-05;2;0.834129816690459;17.0257746131707;4.00654745338401;0.0997468277094558;0.00585857794877035;0.0248959556500966;-0.180330381250735;1.58451418449126e-22;1.18804541929491;1.6659466170612;0.247272727272727;1.23107171967878;2.64747524261475;0.229090909090909;0.97760882973671;1.49941611289978;4.69041575982343;0.803866526987886;0.337445372540941;1.51568260292212;2.7592278695768;0.305394467282392;0.937455554405523;1.73908669298345;16;0.265174379783022;0.501965532357064;1.62019745856524;5.99943266849411;0.539196348402949;1.69927197236281;1.91508356424479;1.48372058054829;1.67397643357167;-1.0139465769132;-1.94600526491801;1.07451473708905;0.971860583028966;0.880037573831422;1.53983910594668;0.618456251353949;0.0362431243915074;571;22
"306";"biocom_50_cropped_103";"biocom";"50_cropped";103;3;0.068;0.155566960512015;"kept";"unimod";"bing";0.450433337997836;0.804235755388151;0.594310398491605;-99.894557;22.64831;32;1.09861228866811;0.6789;0.00569158308554346;0.005;NA;NA;NA;NA;-0.248134124187441;-0.262973582262689;-0.00042546494043482;-3.0142560782767e-05;2;0.834129816690459;17.0257746131707;4.00654745338401;0.0997468277094558;0.00585857794877035;0.0248959556500966;-0.180330381250735;1.58451418449126e-22;1.18804541929491;1.6659466170612;0.247272727272727;1.23107171967878;2.64747524261475;0.229090909090909;0.97760882973671;1.49941611289978;4.69041575982343;0.803866526987886;0.337445372540941;1.51568260292212;2.7592278695768;0.305394467282392;0.937455554405523;1.73908669298345;16;0.265174379783022;0.501965532357064;1.62019745856524;5.99943266849411;0.539196348402949;1.69927197236281;1.91508356424479;1.48372058054829;1.67397643357167;-1.0139465769132;-1.94600526491801;1.07451473708905;0.971860583028966;0.880037573831422;1.53983910594668;0.618456251353949;0.0362431243915074;571;22
"307";"biocom_50_cropped_104";"biocom";"50_cropped";104;2;0.6125;0.648750335931201;"kept";"unimod";"bing";0.410475362627313;0.865603941853931;-0.500729283991795;-101.055406;23.254883;46.9041575982343;2.04122032885964;0.7716;0.175420193660907;0.177256031223686;NA;NA;NA;NA;0.0353938238254145;-0.145992902166428;3.75235238292413e-05;-1.12300437548057e-05;3;0.844350523878886;20.8718726288901;4.7805743539805;0.109186380118863;0.00523126899345539;0.0228395945830129;0.00201556595595;0.15703436110983;1.14972972931284;2.17896532400889;0.247272727272727;1.23722725324943;2.89535331726074;0.207272727272727;0.935354736116197;1.09095680713654;3.74165738677394;1.5715286739465;0.283161303680171;1.6159087860066;2.57858283255199;1.0045004921072;0.965661863651851;1.9263059461818;14;0.459433120476068;0.639370479128169;1.66534586350123;4.67909549225421;1.12747864270941;1.64238839289721;1.90795379526475;1.84255428918632;1.97408102602201;-1.08850659118758;-1.87465462684631;1.32913594727994;1.35812348415319;0.965763826703742;1.51453545358446;0.526277127166622;0.0353705101483116;371;16.5
"308";"biocom_50_cropped_104";"biocom";"50_cropped";104;3;0.6125;0.649765594672878;"kept";"bimod";"bing";0.481103360100264;0.865603941853931;-0.500729283991795;-101.055406;23.254883;46.9041575982343;2.04122032885964;0.7716;0.11169009665894;0.0702158485376605;NA;NA;NA;NA;0.0353938238254145;-0.145992902166428;3.75235238292413e-05;-1.12300437548057e-05;3;0.844350523878886;20.8718726288901;4.7805743539805;0.109186380118863;0.00523126899345539;0.0228395945830129;0.00201556595595;0.15703436110983;1.14972972931284;2.17896532400889;0.247272727272727;1.23722725324943;2.89535331726074;0.207272727272727;0.935354736116197;1.09095680713654;3.74165738677394;1.5715286739465;0.283161303680171;1.6159087860066;2.57858283255199;1.0045004921072;0.965661863651851;1.9263059461818;14;0.459433120476068;0.639370479128169;1.66534586350123;4.67909549225421;1.12747864270941;1.64238839289721;1.90795379526475;1.84255428918632;1.97408102602201;-1.08850659118758;-1.87465462684631;1.32913594727994;1.35812348415319;0.965763826703742;1.51453545358446;0.526277127166622;0.0353705101483116;371;16.5
"309";"biocom_50_cropped_104";"biocom";"50_cropped";104;1;0.6125;0.565409537460062;"kept";"unimod";"bing";0.396044291528534;0.865603941853931;-0.500729283991795;-101.055406;23.254883;46.9041575982343;2.04122032885964;0.7716;0.0652309031856374;0.063626780457141;NA;NA;NA;NA;0.0353938238254145;-0.145992902166428;3.75235238292413e-05;-1.12300437548057e-05;3;0.844350523878886;20.8718726288901;4.7805743539805;0.109186380118863;0.00523126899345539;0.0228395945830129;0.00201556595595;0.15703436110983;1.14972972931284;2.17896532400889;0.247272727272727;1.23722725324943;2.89535331726074;0.207272727272727;0.935354736116197;1.09095680713654;3.74165738677394;1.5715286739465;0.283161303680171;1.6159087860066;2.57858283255199;1.0045004921072;0.965661863651851;1.9263059461818;14;0.459433120476068;0.639370479128169;1.66534586350123;4.67909549225421;1.12747864270941;1.64238839289721;1.90795379526475;1.84255428918632;1.97408102602201;-1.08850659118758;-1.87465462684631;1.32913594727994;1.35812348415319;0.965763826703742;1.51453545358446;0.526277127166622;0.0353705101483116;371;16.5
"310";"biocom_50_cropped_105";"biocom";"50_cropped";105;3;0.185325;0.127581209998792;"kept";"unimod";"bing";0.399056317257236;0.736547842426746;-0.676385449146051;-101.273809;23.204697;46.4865571966778;1.09861228866811;0.7912;0.00847102021161168;0.0079739580868855;NA;NA;NA;NA;-0.288585200487314;0.392870385083956;-0.000365318709727319;2.61867450154254e-05;4;0.812418044951234;15.1434789826006;3.14448594178379;0.064477797043416;0.00425779288349125;0.0205050358745886;0.232266760718274;6.10220388156674e-20;1.48074923453395;1.54991272331472;0.276363636363636;1.22884187148168;2.20940661430359;0.225454545454545;1.17874645728331;1.97235310077667;3.60555127546399;1.76448604205105;0.389880975932116;1.69001578700309;2.37886580797276;1.04041540159238;1.02421392998793;1.93767253557841;13;0.479548611315932;0.948415760559836;1.64888567873772;3.2798728979856;1.34099683762085;1.65202732647167;1.87185316927293;2.00565516176701;2.07944154167984;-1.1379409194384;-1.64167010784149;1.42711635564015;1.64222773525709;1.19919247254729;1.95253777503967;0.561484864403464;0.0252443638718315;345;16.8
"311";"biocom_50_cropped_105";"biocom";"50_cropped";105;2;0.185325;0.167280521676126;"kept";"unimod";"bing";0.398988187957326;0.736547842426746;-0.676385449146051;-101.273809;23.204697;46.4865571966778;1.09861228866811;0.7912;0.0105768755656107;0.0102499371125585;NA;NA;NA;NA;-0.288585200487314;0.392870385083956;-0.000365318709727319;2.61867450154254e-05;4;0.812418044951234;15.1434789826006;3.14448594178379;0.064477797043416;0.00425779288349125;0.0205050358745886;0.232266760718274;6.10220388156674e-20;1.48074923453395;1.54991272331472;0.276363636363636;1.22884187148168;2.20940661430359;0.225454545454545;1.17874645728331;1.97235310077667;3.60555127546399;1.76448604205105;0.389880975932116;1.69001578700309;2.37886580797276;1.04041540159238;1.02421392998793;1.93767253557841;13;0.479548611315932;0.948415760559836;1.64888567873772;3.2798728979856;1.34099683762085;1.65202732647167;1.87185316927293;2.00565516176701;2.07944154167984;-1.1379409194384;-1.64167010784149;1.42711635564015;1.64222773525709;1.19919247254729;1.95253777503967;0.561484864403464;0.0252443638718315;345;16.8
"312";"biocom_50_cropped_105";"biocom";"50_cropped";105;1;0.185325;0.100591715976331;"kept";"unimod";"bing";0.351069635887928;0.736547842426746;-0.676385449146051;-101.273809;23.204697;46.4865571966778;1.09861228866811;0.7912;0.00965089296674249;0.00937413779664598;NA;NA;NA;NA;-0.288585200487314;0.392870385083956;-0.000365318709727319;2.61867450154254e-05;4;0.812418044951234;15.1434789826006;3.14448594178379;0.064477797043416;0.00425779288349125;0.0205050358745886;0.232266760718274;6.10220388156674e-20;1.48074923453395;1.54991272331472;0.276363636363636;1.22884187148168;2.20940661430359;0.225454545454545;1.17874645728331;1.97235310077667;3.60555127546399;1.76448604205105;0.389880975932116;1.69001578700309;2.37886580797276;1.04041540159238;1.02421392998793;1.93767253557841;13;0.479548611315932;0.948415760559836;1.64888567873772;3.2798728979856;1.34099683762085;1.65202732647167;1.87185316927293;2.00565516176701;2.07944154167984;-1.1379409194384;-1.64167010784149;1.42711635564015;1.64222773525709;1.19919247254729;1.95253777503967;0.561484864403464;0.0252443638718315;345;16.8
"313";"biocom_50_cropped_106";"biocom";"50_cropped";106;3;0.046;0.276687867658037;"kept";"unimod";"bing";0.126435013959436;0.753389975114983;-0.657573984731943;-101.248559;23.737999;44.7883913531174;1.38629436111989;0.8198;0.0129714697023046;0.0115156601650435;NA;NA;NA;NA;0.451877747762064;0.715493405371047;0.000759573630358037;2.34251882039154e-05;2;0.748589899002957;21.2257175698573;3.68336297629833;0.044194316825167;0.00208211179102503;0.0119983604954353;0.328859240384127;3.62296770696623e-66;1.50766751965396;2.00910162612118;0.272727272727273;1.2174406182968;2.03702521324158;0.243636363636364;1.17996579110622;2.29537868499756;4.47213595499958;1.02362896841745;0.343093846469343;1.54071736335754;2.7592278695768;0.669670084631926;0.893560938319272;1.85398209946496;17;0.487127936174175;1.06880624925337;1.66194745389427;5.99943266849411;0.485597742762829;1.68733138839404;1.73366099596024;2.7592278695768;2.07944154167984;-1.39212596416473;-1.74907624721527;1.70474809223843;1.01160091167848;0.876045593453778;1.52875277896722;0.716912783591768;0.0118686346805332;313;17.2
"314";"biocom_50_cropped_106";"biocom";"50_cropped";106;2;0.046;0.209471766848816;"kept";"unimod";"bing";0.0262781864239467;0.753389975114983;-0.657573984731943;-101.248559;23.737999;44.7883913531174;1.38629436111989;0.8198;0.0112536453328636;0.0105316773851025;NA;NA;NA;NA;0.451877747762064;0.715493405371047;0.000759573630358037;2.34251882039154e-05;2;0.748589899002957;21.2257175698573;3.68336297629833;0.044194316825167;0.00208211179102503;0.0119983604954353;0.328859240384127;3.62296770696623e-66;1.50766751965396;2.00910162612118;0.272727272727273;1.2174406182968;2.03702521324158;0.243636363636364;1.17996579110622;2.29537868499756;4.47213595499958;1.02362896841745;0.343093846469343;1.54071736335754;2.7592278695768;0.669670084631926;0.893560938319272;1.85398209946496;17;0.487127936174175;1.06880624925337;1.66194745389427;5.99943266849411;0.485597742762829;1.68733138839404;1.73366099596024;2.7592278695768;2.07944154167984;-1.39212596416473;-1.74907624721527;1.70474809223843;1.01160091167848;0.876045593453778;1.52875277896722;0.716912783591768;0.0118686346805332;313;17.2
"315";"biocom_50_cropped_106";"biocom";"50_cropped";106;1;0.046;0.264385320553017;"kept";"bimod";"bing";0.10797078960052;0.753389975114983;-0.657573984731943;-101.248559;23.737999;44.7883913531174;1.38629436111989;0.8198;0.0622698410784153;0.0726404676816811;NA;NA;NA;NA;0.451877747762064;0.715493405371047;0.000759573630358037;2.34251882039154e-05;2;0.748589899002957;21.2257175698573;3.68336297629833;0.044194316825167;0.00208211179102503;0.0119983604954353;0.328859240384127;3.62296770696623e-66;1.50766751965396;2.00910162612118;0.272727272727273;1.2174406182968;2.03702521324158;0.243636363636364;1.17996579110622;2.29537868499756;4.47213595499958;1.02362896841745;0.343093846469343;1.54071736335754;2.7592278695768;0.669670084631926;0.893560938319272;1.85398209946496;17;0.487127936174175;1.06880624925337;1.66194745389427;5.99943266849411;0.485597742762829;1.68733138839404;1.73366099596024;2.7592278695768;2.07944154167984;-1.39212596416473;-1.74907624721527;1.70474809223843;1.01160091167848;0.876045593453778;1.52875277896722;0.716912783591768;0.0118686346805332;313;17.2
"319";"biocom_50_cropped_108";"biocom";"50_cropped";108;3;0.74125;0.475687555324929;"kept";"unimod";"bing";0.697509256017472;-0.346481597832123;-0.938056769264898;-102.455579;22.352438;48.9591666595746;2.4423470353692;0.6376;0.0465092607749181;0.030502626793263;NA;NA;NA;NA;0.15925631654219;-0.111372424386885;0.000192113497695576;-5.03520791897281e-06;2;0.818649208024205;15.7261967788952;3.64906881861773;0.120310105048642;0.00765029884467047;0.0329700838840896;0.00730745595310043;6.54638309026375e-07;1.28180671825857;1.44199485253966;0.247272727272727;1.24096266852051;2.07212281227112;0.254545454545455;1.22108362750574;1.85697150230408;4.69041575982343;0.917390086714294;0.457105619342363;1.66258144861943;2.92446596230557;0.165666468943581;1.23706269651501;1.92806461724368;19;0.416470027004331;0.543470817455789;1.51050007059461;5.34753955386447;0.679978363357478;1.58067012750185;1.66637811293969;1.84255428918632;1.94591014905531;-1.02369536928655;-1.538696372509;1.41369333530801;0.893817876022097;0.942814660844979;1.56667849752638;0.611126298623522;0.0524181317024347;563;15.4
"320";"biocom_50_cropped_108";"biocom";"50_cropped";108;1;0.74125;0.372027715881689;"kept";"bimod";"bing";0.630623965183818;-0.346481597832123;-0.938056769264898;-102.455579;22.352438;48.9591666595746;2.4423470353692;0.6376;0.0119959803124112;0.010666591486011;NA;NA;NA;NA;0.15925631654219;-0.111372424386885;0.000192113497695576;-5.03520791897281e-06;2;0.818649208024205;15.7261967788952;3.64906881861773;0.120310105048642;0.00765029884467047;0.0329700838840896;0.00730745595310043;6.54638309026375e-07;1.28180671825857;1.44199485253966;0.247272727272727;1.24096266852051;2.07212281227112;0.254545454545455;1.22108362750574;1.85697150230408;4.69041575982343;0.917390086714294;0.457105619342363;1.66258144861943;2.92446596230557;0.165666468943581;1.23706269651501;1.92806461724368;19;0.416470027004331;0.543470817455789;1.51050007059461;5.34753955386447;0.679978363357478;1.58067012750185;1.66637811293969;1.84255428918632;1.94591014905531;-1.02369536928655;-1.538696372509;1.41369333530801;0.893817876022097;0.942814660844979;1.56667849752638;0.611126298623522;0.0524181317024347;563;15.4
"321";"biocom_50_cropped_108";"biocom";"50_cropped";108;2;0.74125;0.443881444400354;"kept";"unimod";"bing";0.765930652100884;-0.346481597832123;-0.938056769264898;-102.455579;22.352438;48.9591666595746;2.4423470353692;0.6376;0.0140270373513105;0.0120518657100855;NA;NA;NA;NA;0.15925631654219;-0.111372424386885;0.000192113497695576;-5.03520791897281e-06;2;0.818649208024205;15.7261967788952;3.64906881861773;0.120310105048642;0.00765029884467047;0.0329700838840896;0.00730745595310043;6.54638309026375e-07;1.28180671825857;1.44199485253966;0.247272727272727;1.24096266852051;2.07212281227112;0.254545454545455;1.22108362750574;1.85697150230408;4.69041575982343;0.917390086714294;0.457105619342363;1.66258144861943;2.92446596230557;0.165666468943581;1.23706269651501;1.92806461724368;19;0.416470027004331;0.543470817455789;1.51050007059461;5.34753955386447;0.679978363357478;1.58067012750185;1.66637811293969;1.84255428918632;1.94591014905531;-1.02369536928655;-1.538696372509;1.41369333530801;0.893817876022097;0.942814660844979;1.56667849752638;0.611126298623522;0.0524181317024347;563;15.4
"322";"biocom_50_cropped_109";"biocom";"50_cropped";109;2;0.27275;0.243338115442142;"kept";"unimod";"bing";0.414445630944994;0.414635527464579;-0.909987570994335;-101.674219;21.769669;48.8364617882991;1.87180217690159;0.6097;0.00689070636740884;0.00627719860015799;NA;NA;NA;NA;0.346172996451083;-0.116923565866836;0.000423152357607959;-2.94380609624528e-06;3;0.731321503652891;24.6961947952734;3.14809255350061;0.0768959861988391;0.00311367750523073;0.0244262152055639;0.195641086897087;1.23772270122464e-23;1.54168216120705;1.63735021300234;0.254545454545455;1.23182359536489;3.19219279289246;0.250909090909091;1.32959274555507;2.12742018699646;4.24264068711928;1.16123174033904;0.541207572621354;1.64522128349001;2.57858283255199;0.886230371770148;1.06694985374587;1.87612024475546;15;0.513775695356959;0.750313128809298;1.99127505487866;5.34753955386447;0.570836448276214;1.82955367366473;1.99208875497182;1.48372058054829;1.92181259747625;-1.1778388454746;-1.98348538080851;1.42138568093116;1.145132304303;0.956113201202381;1.48544568674905;0.422255609906125;0.0301739435141385;598;15.9
"323";"biocom_50_cropped_109";"biocom";"50_cropped";109;3;0.27275;0.185372851866549;"kept";"unimod";"bing";0.419185612980511;0.414635527464579;-0.909987570994335;-101.674219;21.769669;48.8364617882991;1.87180217690159;0.6097;0.00619090822377068;0.00537644491050099;NA;NA;NA;NA;0.346172996451083;-0.116923565866836;0.000423152357607959;-2.94380609624528e-06;3;0.731321503652891;24.6961947952734;3.14809255350061;0.0768959861988391;0.00311367750523073;0.0244262152055639;0.195641086897087;1.23772270122464e-23;1.54168216120705;1.63735021300234;0.254545454545455;1.23182359536489;3.19219279289246;0.250909090909091;1.32959274555507;2.12742018699646;4.24264068711928;1.16123174033904;0.541207572621354;1.64522128349001;2.57858283255199;0.886230371770148;1.06694985374587;1.87612024475546;15;0.513775695356959;0.750313128809298;1.99127505487866;5.34753955386447;0.570836448276214;1.82955367366473;1.99208875497182;1.48372058054829;1.92181259747625;-1.1778388454746;-1.98348538080851;1.42138568093116;1.145132304303;0.956113201202381;1.48544568674905;0.422255609906125;0.0301739435141385;598;15.9
"324";"biocom_50_cropped_109";"biocom";"50_cropped";109;1;0.27275;0.229480174597845;"kept";"unimod";"bing";0.379175999617292;0.414635527464579;-0.909987570994335;-101.674219;21.769669;48.8364617882991;1.87180217690159;0.6097;0.00762951156977329;0.00766198366403203;NA;NA;NA;NA;0.346172996451083;-0.116923565866836;0.000423152357607959;-2.94380609624528e-06;3;0.731321503652891;24.6961947952734;3.14809255350061;0.0768959861988391;0.00311367750523073;0.0244262152055639;0.195641086897087;1.23772270122464e-23;1.54168216120705;1.63735021300234;0.254545454545455;1.23182359536489;3.19219279289246;0.250909090909091;1.32959274555507;2.12742018699646;4.24264068711928;1.16123174033904;0.541207572621354;1.64522128349001;2.57858283255199;0.886230371770148;1.06694985374587;1.87612024475546;15;0.513775695356959;0.750313128809298;1.99127505487866;5.34753955386447;0.570836448276214;1.82955367366473;1.99208875497182;1.48372058054829;1.92181259747625;-1.1778388454746;-1.98348538080851;1.42138568093116;1.145132304303;0.956113201202381;1.48544568674905;0.422255609906125;0.0301739435141385;598;15.9
"325";"biocom_50_cropped_11";"biocom";"50_cropped";11;2;0.04508774175303;0.0807449270202919;"kept";"unimod";"bing";0.625369151815559;-0.306095596284288;0.952000780427919;-67.233153;-37.671353;19.131126469709;0.405465108108164;0.8112;0.00567397709110734;0.00521029630324005;NA;NA;NA;NA;-0.569256846231262;0.0147359499973516;-0.000544897585928887;5.6107110047831e-07;3;0.846531493541581;20.4216387968755;3.60845067826531;0.0408161011364499;0.00199866923229955;0.0113112537140376;0.270458305875762;1.05300576211572e-93;1.32478894922212;1.87427999915325;0.290909090909091;1.28190450062827;2.14447951316833;0.2;1.38014770405633;2.27370882034302;4;1.84252287408455;0.261773930052098;1.55960666879695;2.7592278695768;0.468255208912133;0.844863004512717;1.67512960617359;16;0.408509874856412;0.933712181989311;1.59587928143943;3.99120339078684;0.986292191198846;1.71948675675826;1.80931235443462;1.54162013447847;1.54044504094715;-1.20594315599828;-1.75784609715144;1.47590651980958;1.25276296849537;0.968928117504609;1.5271510630846;0.503093636854103;0.00837957425446428;275;14.7
"326";"biocom_50_cropped_11";"biocom";"50_cropped";11;3;0.04508774175303;0.127180491278035;"kept";"unimod";"bing";0.640785631302922;-0.306095596284288;0.952000780427919;-67.233153;-37.671353;19.131126469709;0.405465108108164;0.8112;0.00630614839575106;0.00563040928212799;NA;NA;NA;NA;-0.569256846231262;0.0147359499973516;-0.000544897585928887;5.6107110047831e-07;3;0.846531493541581;20.4216387968755;3.60845067826531;0.0408161011364499;0.00199866923229955;0.0113112537140376;0.270458305875762;1.05300576211572e-93;1.32478894922212;1.87427999915325;0.290909090909091;1.28190450062827;2.14447951316833;0.2;1.38014770405633;2.27370882034302;4;1.84252287408455;0.261773930052098;1.55960666879695;2.7592278695768;0.468255208912133;0.844863004512717;1.67512960617359;16;0.408509874856412;0.933712181989311;1.59587928143943;3.99120339078684;0.986292191198846;1.71948675675826;1.80931235443462;1.54162013447847;1.54044504094715;-1.20594315599828;-1.75784609715144;1.47590651980958;1.25276296849537;0.968928117504609;1.5271510630846;0.503093636854103;0.00837957425446428;275;14.7
"327";"biocom_50_cropped_11";"biocom";"50_cropped";11;1;0.04508774175303;0.13810519757921;"kept";"unimod";"bing";0.55576203139558;-0.306095596284288;0.952000780427919;-67.233153;-37.671353;19.131126469709;0.405465108108164;0.8112;0.0082704803262863;0.00765947925092703;NA;NA;NA;NA;-0.569256846231262;0.0147359499973516;-0.000544897585928887;5.6107110047831e-07;3;0.846531493541581;20.4216387968755;3.60845067826531;0.0408161011364499;0.00199866923229955;0.0113112537140376;0.270458305875762;1.05300576211572e-93;1.32478894922212;1.87427999915325;0.290909090909091;1.28190450062827;2.14447951316833;0.2;1.38014770405633;2.27370882034302;4;1.84252287408455;0.261773930052098;1.55960666879695;2.7592278695768;0.468255208912133;0.844863004512717;1.67512960617359;16;0.408509874856412;0.933712181989311;1.59587928143943;3.99120339078684;0.986292191198846;1.71948675675826;1.80931235443462;1.54162013447847;1.54044504094715;-1.20594315599828;-1.75784609715144;1.47590651980958;1.25276296849537;0.968928117504609;1.5271510630846;0.503093636854103;0.00837957425446428;275;14.7
"328";"biocom_50_cropped_110";"biocom";"50_cropped";110;2;0.555;0.539513445865511;"kept";"bimod";"bing";0.668230899400984;0.415275146215983;-0.909695857380528;-101.673516;21.771804;48.7954915950234;2.14006616349627;0.6097;0.0140846044127207;0.013437166537062;NA;NA;NA;NA;-0.254748662535092;-0.164553207267334;-0.000225033495635011;-6.68370550444806e-06;21;0.717768627453321;27.0388736925937;3.56620701772328;0.0798736653886377;0.00295403078903084;0.0223973720515054;0.162977571890506;4.17683588550103e-11;1.04548464450962;1.49761105472248;0.243636363636364;1.27772543245348;2.15595889091492;0.269090909090909;1.25423806905746;1.92323780059814;2.23606797749979;3.73835925944192;0.464184196659408;1.75715796247361;1.22865469807759;1.96478692919388;0.959422619336667;1.83979242262633;5;1.03233075312083;0.820700242020406;1.9302546515547;0.92637640824031;1.98387637417789;1.80231608390808;2.14942551612854;2.57858283255199;2.63905732961526;-1.03846441830198;-1.46409088373184;0.916290731874155;2.99573227355399;1.08762110543974;1.40886026620865;0.475485328538973;0.0275869755848078;598;15.9
"329";"biocom_50_cropped_110";"biocom";"50_cropped";110;3;0.555;0.47758004944904;"kept";"unimod";"bing";0.806431786357806;0.415275146215983;-0.909695857380528;-101.673516;21.771804;48.7954915950234;2.14006616349627;0.6097;0.146536492918634;0.16323283906661;NA;NA;NA;NA;-0.254748662535092;-0.164553207267334;-0.000225033495635011;-6.68370550444806e-06;21;0.717768627453321;27.0388736925937;3.56620701772328;0.0798736653886377;0.00295403078903084;0.0223973720515054;0.162977571890506;4.17683588550103e-11;1.04548464450962;1.49761105472248;0.243636363636364;1.27772543245348;2.15595889091492;0.269090909090909;1.25423806905746;1.92323780059814;2.23606797749979;3.73835925944192;0.464184196659408;1.75715796247361;1.22865469807759;1.96478692919388;0.959422619336667;1.83979242262633;5;1.03233075312083;0.820700242020406;1.9302546515547;0.92637640824031;1.98387637417789;1.80231608390808;2.14942551612854;2.57858283255199;2.63905732961526;-1.03846441830198;-1.46409088373184;0.916290731874155;2.99573227355399;1.08762110543974;1.40886026620865;0.475485328538973;0.0275869755848078;598;15.9
"330";"biocom_50_cropped_110";"biocom";"50_cropped";110;1;0.555;0.361557950001526;"kept";"unimod";"bing";0.817875867377052;0.415275146215983;-0.909695857380528;-101.673516;21.771804;48.7954915950234;2.14006616349627;0.6097;0.011746259085134;0.00827543183361049;NA;NA;NA;NA;-0.254748662535092;-0.164553207267334;-0.000225033495635011;-6.68370550444806e-06;21;0.717768627453321;27.0388736925937;3.56620701772328;0.0798736653886377;0.00295403078903084;0.0223973720515054;0.162977571890506;4.17683588550103e-11;1.04548464450962;1.49761105472248;0.243636363636364;1.27772543245348;2.15595889091492;0.269090909090909;1.25423806905746;1.92323780059814;2.23606797749979;3.73835925944192;0.464184196659408;1.75715796247361;1.22865469807759;1.96478692919388;0.959422619336667;1.83979242262633;5;1.03233075312083;0.820700242020406;1.9302546515547;0.92637640824031;1.98387637417789;1.80231608390808;2.14942551612854;2.57858283255199;2.63905732961526;-1.03846441830198;-1.46409088373184;0.916290731874155;2.99573227355399;1.08762110543974;1.40886026620865;0.475485328538973;0.0275869755848078;598;15.9
"331";"biocom_50_cropped_111";"biocom";"50_cropped";111;2;0.283333333333333;0.2819;"kept";"unimod";"bing";0.532676468619282;-0.752461672786338;-0.658636038330417;-2.422588;33.052487;36.592348927064;1.01160091167848;0.7954;0.0135383838177285;0.0134998002743995;NA;NA;NA;NA;-0.483404841358123;-0.473806875364161;-0.000578250949516585;-1.02081293910938e-05;17;0.905797174980913;15.2239053641333;2.61454341220267;0.0235167551402488;0.00154472552067047;0.00899459348446489;-0.0498247240299221;3.33292480274614e-68;1.15527155029747;1.12547692085084;0.356363636363636;1.36200066792722;2.13928532600403;0.145454545454545;0.727774177278791;0.962551534175873;2.82842712474619;2.72539687368413;0.0634574677646343;1.43825064574258;1.59753955386447;2.23936349890978;1.14049230216408;2.32593054430826;7;0.873081064145127;2.13420460570281;1.83624609907468;2.539291416276;1.5565254970159;1.76196335120635;1.95647039738568;1.22865469807759;1.46633706879343;-0.895088579754035;-1.15149478117625;1.29928298413026;2.23359222150709;1.15513953056775;1.53646234671275;0.780341439170197;0.00497688036553148;283;15.3
"332";"biocom_50_cropped_111";"biocom";"50_cropped";111;3;0.283333333333333;0.220825;"kept";"unimod";"bing";0.434745690161592;-0.752461672786338;-0.658636038330417;-2.422588;33.052487;36.592348927064;1.01160091167848;0.7954;0.00968314125444022;0.009337281047582;NA;NA;NA;NA;-0.483404841358123;-0.473806875364161;-0.000578250949516585;-1.02081293910938e-05;17;0.905797174980913;15.2239053641333;2.61454341220267;0.0235167551402488;0.00154472552067047;0.00899459348446489;-0.0498247240299221;3.33292480274614e-68;1.15527155029747;1.12547692085084;0.356363636363636;1.36200066792722;2.13928532600403;0.145454545454545;0.727774177278791;0.962551534175873;2.82842712474619;2.72539687368413;0.0634574677646343;1.43825064574258;1.59753955386447;2.23936349890978;1.14049230216408;2.32593054430826;7;0.873081064145127;2.13420460570281;1.83624609907468;2.539291416276;1.5565254970159;1.76196335120635;1.95647039738568;1.22865469807759;1.46633706879343;-0.895088579754035;-1.15149478117625;1.29928298413026;2.23359222150709;1.15513953056775;1.53646234671275;0.780341439170197;0.00497688036553148;283;15.3
"333";"biocom_50_cropped_111";"biocom";"50_cropped";111;1;0.283333333333333;0.24755;"kept";"unimod";"bing";0.50608377082032;-0.752461672786338;-0.658636038330417;-2.422588;33.052487;36.592348927064;1.01160091167848;0.7954;0.0131945061009572;0.013357179476689;NA;NA;NA;NA;-0.483404841358123;-0.473806875364161;-0.000578250949516585;-1.02081293910938e-05;17;0.905797174980913;15.2239053641333;2.61454341220267;0.0235167551402488;0.00154472552067047;0.00899459348446489;-0.0498247240299221;3.33292480274614e-68;1.15527155029747;1.12547692085084;0.356363636363636;1.36200066792722;2.13928532600403;0.145454545454545;0.727774177278791;0.962551534175873;2.82842712474619;2.72539687368413;0.0634574677646343;1.43825064574258;1.59753955386447;2.23936349890978;1.14049230216408;2.32593054430826;7;0.873081064145127;2.13420460570281;1.83624609907468;2.539291416276;1.5565254970159;1.76196335120635;1.95647039738568;1.22865469807759;1.46633706879343;-0.895088579754035;-1.15149478117625;1.29928298413026;2.23359222150709;1.15513953056775;1.53646234671275;0.780341439170197;0.00497688036553148;283;15.3
"334";"biocom_50_cropped_112";"biocom";"50_cropped";112;2;0.225833333333333;0.207042150986435;"kept";"unimod";"bing";0.458551340282101;-0.71882292652544;-0.695193210770503;-2.372904;34.159182;31.6543835826888;1.83258146374831;0.7721;0.00920291478261788;0.0097817672225895;NA;NA;NA;NA;-0.112431802531914;-0.0842735314370464;-9.76232953874925e-05;7.88899575786635e-07;23;0.838513977035621;21.526364224037;3.40709446301455;0.040767932881771;0.00189386059148104;0.0119656009906165;0.0737168755902847;0.105061269319582;1.19638134244792;1.40736058504911;0.305454545454545;1.34562040920611;2.0923171043396;0.203636363636364;0.908158421516418;0.908158421516418;3;2.95780072395689;0.179601549079504;1.56705458308088;1.59753955386447;1.97258438239769;0.752286874922836;1.94649719673654;6;1.00443442573594;1.48994194430138;1.80973899559897;3.2798728979856;1.72805305029381;1.76299062797001;1.91844470728011;2.15484540552628;1.94591014905531;-1.0380819950785;-1.22891521453857;1.76358859226136;2.058388132482;0.977826578045885;1.33963547150294;0.481287386573552;0.00801056150819737;294;14.7
"335";"biocom_50_cropped_112";"biocom";"50_cropped";112;1;0.225833333333333;0.256715765973452;"kept";"unimod";"bing";0.389873718267356;-0.71882292652544;-0.695193210770503;-2.372904;34.159182;31.6543835826888;1.83258146374831;0.7721;0.0146785319185978;0.0139371881218375;NA;NA;NA;NA;-0.112431802531914;-0.0842735314370464;-9.76232953874925e-05;7.88899575786635e-07;23;0.838513977035621;21.526364224037;3.40709446301455;0.040767932881771;0.00189386059148104;0.0119656009906165;0.0737168755902847;0.105061269319582;1.19638134244792;1.40736058504911;0.305454545454545;1.34562040920611;2.0923171043396;0.203636363636364;0.908158421516418;0.908158421516418;3;2.95780072395689;0.179601549079504;1.56705458308088;1.59753955386447;1.97258438239769;0.752286874922836;1.94649719673654;6;1.00443442573594;1.48994194430138;1.80973899559897;3.2798728979856;1.72805305029381;1.76299062797001;1.91844470728011;2.15484540552628;1.94591014905531;-1.0380819950785;-1.22891521453857;1.76358859226136;2.058388132482;0.977826578045885;1.33963547150294;0.481287386573552;0.00801056150819737;294;14.7
"336";"biocom_50_cropped_112";"biocom";"50_cropped";112;3;0.225833333333333;0.234657477735446;"kept";"bimod";"bing";0.452481266492653;-0.71882292652544;-0.695193210770503;-2.372904;34.159182;31.6543835826888;1.83258146374831;0.7721;0.00974458054486827;0.00970785664406404;NA;NA;NA;NA;-0.112431802531914;-0.0842735314370464;-9.76232953874925e-05;7.88899575786635e-07;23;0.838513977035621;21.526364224037;3.40709446301455;0.040767932881771;0.00189386059148104;0.0119656009906165;0.0737168755902847;0.105061269319582;1.19638134244792;1.40736058504911;0.305454545454545;1.34562040920611;2.0923171043396;0.203636363636364;0.908158421516418;0.908158421516418;3;2.95780072395689;0.179601549079504;1.56705458308088;1.59753955386447;1.97258438239769;0.752286874922836;1.94649719673654;6;1.00443442573594;1.48994194430138;1.80973899559897;3.2798728979856;1.72805305029381;1.76299062797001;1.91844470728011;2.15484540552628;1.94591014905531;-1.0380819950785;-1.22891521453857;1.76358859226136;2.058388132482;0.977826578045885;1.33963547150294;0.481287386573552;0.00801056150819737;294;14.7
"337";"biocom_50_cropped_113";"biocom";"50_cropped";113;2;0.367083333333333;0.445412409910456;"kept";"unimod";"bing";0.584568296315564;-0.582505436695445;-0.812826805795828;-2.192604;34.430867;30.7571129984594;1.90954250488444;0.7481;0.0282499605999679;0.015435207119141;NA;NA;NA;NA;0.262545685682504;0.0988293871497431;0.000492957011056924;4.92867799754391e-06;24;0.86369935770237;16.5439705115347;3.48928661482556;0.0456012460249399;0.0027563664957663;0.0130689310047463;-0.0426101161750802;1.46785294371468e-45;1.4429112024486;1.52514737241073;0.309090909090909;1.37706766831569;1.87446928024292;0.189090909090909;1.02902555465698;1.03544723987579;2.64575131106459;3.03068755759166;0.141086173649971;1.57845431663951;2.15484540552628;1.55515587782424;0.629690387242028;1.68642883551748;4;1.04238722484111;1.57501119870552;1.75253481045365;3.2798728979856;1.36277816650921;1.68724935163151;1.764918663285;2.57858283255199;2.14006616349627;-1.16064422284112;-1.31507533788681;1.09861228866811;2.12823170584927;1.20310290714105;1.52248628139496;0.572281109468086;0.0118105361501988;321;14.5
"338";"biocom_50_cropped_113";"biocom";"50_cropped";113;3;0.367083333333333;0.34613797956757;"kept";"unimod";"bing";0.42775293508814;-0.582505436695445;-0.812826805795828;-2.192604;34.430867;30.7571129984594;1.90954250488444;0.7481;0.0260398733340481;0.0210969822541525;NA;NA;NA;NA;0.262545685682504;0.0988293871497431;0.000492957011056924;4.92867799754391e-06;24;0.86369935770237;16.5439705115347;3.48928661482556;0.0456012460249399;0.0027563664957663;0.0130689310047463;-0.0426101161750802;1.46785294371468e-45;1.4429112024486;1.52514737241073;0.309090909090909;1.37706766831569;1.87446928024292;0.189090909090909;1.02902555465698;1.03544723987579;2.64575131106459;3.03068755759166;0.141086173649971;1.57845431663951;2.15484540552628;1.55515587782424;0.629690387242028;1.68642883551748;4;1.04238722484111;1.57501119870552;1.75253481045365;3.2798728979856;1.36277816650921;1.68724935163151;1.764918663285;2.57858283255199;2.14006616349627;-1.16064422284112;-1.31507533788681;1.09861228866811;2.12823170584927;1.20310290714105;1.52248628139496;0.572281109468086;0.0118105361501988;321;14.5
"339";"biocom_50_cropped_113";"biocom";"50_cropped";113;1;0.367083333333333;0.338396952122109;"kept";"unimod";"bing";0.486954069660843;-0.582505436695445;-0.812826805795828;-2.192604;34.430867;30.7571129984594;1.90954250488444;0.7481;0.013293135255396;0.011598356122386;NA;NA;NA;NA;0.262545685682504;0.0988293871497431;0.000492957011056924;4.92867799754391e-06;24;0.86369935770237;16.5439705115347;3.48928661482556;0.0456012460249399;0.0027563664957663;0.0130689310047463;-0.0426101161750802;1.46785294371468e-45;1.4429112024486;1.52514737241073;0.309090909090909;1.37706766831569;1.87446928024292;0.189090909090909;1.02902555465698;1.03544723987579;2.64575131106459;3.03068755759166;0.141086173649971;1.57845431663951;2.15484540552628;1.55515587782424;0.629690387242028;1.68642883551748;4;1.04238722484111;1.57501119870552;1.75253481045365;3.2798728979856;1.36277816650921;1.68724935163151;1.764918663285;2.57858283255199;2.14006616349627;-1.16064422284112;-1.31507533788681;1.09861228866811;2.12823170584927;1.20310290714105;1.52248628139496;0.572281109468086;0.0118105361501988;321;14.5
"340";"biocom_50_cropped_116";"biocom";"50_cropped";116;2;0.459166666666667;0.411050984008348;"kept";"bimod";"bing";0.404577269949283;-0.900046402085097;0.435794073036419;-3.592513;34.442005;32.0624390837628;2.72457950305342;0.6826;0.0347873437855236;0.0407854935089585;NA;NA;NA;NA;0.318650352243233;-0.328163567985592;0.000697729594505942;-9.97123139253664e-06;24;0.798433468345678;31.754242084762;3.17870818557651;0.0492113603988807;0.00154975704561048;0.0154815596543838;-0.208501438943523;7.09889817641459e-23;1.54441580010367;1.4270804549891;0.418181818181818;1.33467077083058;2.08901977539062;0.214545454545455;1.28429809212685;1.88559532165527;1.73205080756888;4.18702244441736;0.46951898315835;2.02897363720518;0.743491774985175;2.13853861659657;1.74211226821718;2.37659608234059;10;0.760269461257539;2.19696720813428;1.75550576469355;1.76028085660087;1.70806003277216;1.83504545191924;1.99077307681243;0;1.38629436111989;-0.837936818599701;-1.02554523944855;1.79175946922805;3.29583686600433;1.92730699905327;2.42608332633972;0.411249939552375;0.0113853875871584;399;14.8
"341";"biocom_50_cropped_116";"biocom";"50_cropped";116;1;0.459166666666667;0.422189327574074;"kept";"unimod";"bing";0.382734856593762;-0.900046402085097;0.435794073036419;-3.592513;34.442005;32.0624390837628;2.72457950305342;0.6826;0.0465251892550062;0.047450816755914;NA;NA;NA;NA;0.318650352243233;-0.328163567985592;0.000697729594505942;-9.97123139253664e-06;24;0.798433468345678;31.754242084762;3.17870818557651;0.0492113603988807;0.00154975704561048;0.0154815596543838;-0.208501438943523;7.09889817641459e-23;1.54441580010367;1.4270804549891;0.418181818181818;1.33467077083058;2.08901977539062;0.214545454545455;1.28429809212685;1.88559532165527;1.73205080756888;4.18702244441736;0.46951898315835;2.02897363720518;0.743491774985175;2.13853861659657;1.74211226821718;2.37659608234059;10;0.760269461257539;2.19696720813428;1.75550576469355;1.76028085660087;1.70806003277216;1.83504545191924;1.99077307681243;0;1.38629436111989;-0.837936818599701;-1.02554523944855;1.79175946922805;3.29583686600433;1.92730699905327;2.42608332633972;0.411249939552375;0.0113853875871584;399;14.8
"342";"biocom_50_cropped_116";"biocom";"50_cropped";116;3;0.459166666666667;0.414157101604019;"kept";"unimod";"bing";0.400912506308253;-0.900046402085097;0.435794073036419;-3.592513;34.442005;32.0624390837628;2.72457950305342;0.6826;0.046680272971583;0.0395573276600025;NA;NA;NA;NA;0.318650352243233;-0.328163567985592;0.000697729594505942;-9.97123139253664e-06;24;0.798433468345678;31.754242084762;3.17870818557651;0.0492113603988807;0.00154975704561048;0.0154815596543838;-0.208501438943523;7.09889817641459e-23;1.54441580010367;1.4270804549891;0.418181818181818;1.33467077083058;2.08901977539062;0.214545454545455;1.28429809212685;1.88559532165527;1.73205080756888;4.18702244441736;0.46951898315835;2.02897363720518;0.743491774985175;2.13853861659657;1.74211226821718;2.37659608234059;10;0.760269461257539;2.19696720813428;1.75550576469355;1.76028085660087;1.70806003277216;1.83504545191924;1.99077307681243;0;1.38629436111989;-0.837936818599701;-1.02554523944855;1.79175946922805;3.29583686600433;1.92730699905327;2.42608332633972;0.411249939552375;0.0113853875871584;399;14.8
"343";"biocom_50_cropped_117";"biocom";"50_cropped";117;1;0.185;0.139168628212284;"kept";"unimod";"bing";0.159510066827977;-0.415511136032674;-0.909588091298933;-1.999301;34.309672;33.8230690505755;2.07944154167984;0.7054;0.0104007267680314;0.010281855758147;NA;NA;NA;NA;0.379013718946978;0.186609460246835;0.000337846668543836;4.93357900550584e-06;12;0.840897441706699;20.7485223478988;3.7431214199104;0.0337107887202684;0.00162473202452811;0.00900606337292564;-0.0267808387230524;2.07061712330585e-29;1.23025068046454;1.57965292293005;0.341818181818182;1.31651574789092;2.28151631355286;0.214545454545455;1.17603785991669;1.3771208524704;2.82842712474619;2.40646566645966;0.347365427177668;1.71203856780881;2.15484540552628;1.69788867531393;1.01146568655633;1.94914126396179;10;0.890005576427906;1.55359014685336;1.87216871338231;3.2798728979856;1.55856396196612;1.74131587931984;1.96447752651416;1.59753955386447;2.19722457733622;-1.0168580801059;-1.38145661354065;1.6094379124341;2.01490302054226;1.21666227076854;1.60005211830139;0.583643937828616;0.0080450798388059;377;13.9
"344";"biocom_50_cropped_117";"biocom";"50_cropped";117;2;0.185;0.0687471183479337;"kept";"unimod";"bing";0.229925134148356;-0.415511136032674;-0.909588091298933;-1.999301;34.309672;33.8230690505755;2.07944154167984;0.7054;0.00727669013104217;0.00658729045851902;NA;NA;NA;NA;0.379013718946978;0.186609460246835;0.000337846668543836;4.93357900550584e-06;12;0.840897441706699;20.7485223478988;3.7431214199104;0.0337107887202684;0.00162473202452811;0.00900606337292564;-0.0267808387230524;2.07061712330585e-29;1.23025068046454;1.57965292293005;0.341818181818182;1.31651574789092;2.28151631355286;0.214545454545455;1.17603785991669;1.3771208524704;2.82842712474619;2.40646566645966;0.347365427177668;1.71203856780881;2.15484540552628;1.69788867531393;1.01146568655633;1.94914126396179;10;0.890005576427906;1.55359014685336;1.87216871338231;3.2798728979856;1.55856396196612;1.74131587931984;1.96447752651416;1.59753955386447;2.19722457733622;-1.0168580801059;-1.38145661354065;1.6094379124341;2.01490302054226;1.21666227076854;1.60005211830139;0.583643937828616;0.0080450798388059;377;13.9
"345";"biocom_50_cropped_117";"biocom";"50_cropped";117;3;0.185;0.0995898954111966;"kept";"bimod";"bing";0.252429590343679;-0.415511136032674;-0.909588091298933;-1.999301;34.309672;33.8230690505755;2.07944154167984;0.7054;0.00886545125725082;0.00633373346417451;NA;NA;NA;NA;0.379013718946978;0.186609460246835;0.000337846668543836;4.93357900550584e-06;12;0.840897441706699;20.7485223478988;3.7431214199104;0.0337107887202684;0.00162473202452811;0.00900606337292564;-0.0267808387230524;2.07061712330585e-29;1.23025068046454;1.57965292293005;0.341818181818182;1.31651574789092;2.28151631355286;0.214545454545455;1.17603785991669;1.3771208524704;2.82842712474619;2.40646566645966;0.347365427177668;1.71203856780881;2.15484540552628;1.69788867531393;1.01146568655633;1.94914126396179;10;0.890005576427906;1.55359014685336;1.87216871338231;3.2798728979856;1.55856396196612;1.74131587931984;1.96447752651416;1.59753955386447;2.19722457733622;-1.0168580801059;-1.38145661354065;1.6094379124341;2.01490302054226;1.21666227076854;1.60005211830139;0.583643937828616;0.0080450798388059;377;13.9
"346";"biocom_50_cropped_120";"biocom";"50_cropped";120;3;0.177916666666667;0.185025;"kept";"unimod";"bing";0.296403731935189;-0.915967158800078;-0.401253241731095;-2.728708;33.06768;37.7756535350482;1.90954250488444;0.7727;0.0189512634367456;0.0189446449175755;NA;NA;NA;NA;-0.348312940304041;-0.432194501827427;-0.000375199902231802;-6.68864670737995e-06;15;0.860851291799465;19.4548072332692;3.52432523196678;0.0209810208902309;0.0010784491790981;0.00595320224703615;-0.0600642468085031;3.24056955273091e-15;1.18420988572769;1.75339049577488;0.367272727272727;1.3083168996705;2.16721963882446;0.189090909090909;0.959649467468262;1.19448435306549;2.64575131106459;2.92065900139343;0.189565028245335;1.49370028835828;1.89864830730607;2.04946014976279;0.937379004773279;1.99896425008774;10;0.912666454073431;1.70878263397944;1.87869045035592;1.76028085660087;1.90478039658077;1.75572555541992;2.0565883398056;2.37886580797276;2.07944154167984;-1.09674844890833;-1.41013377904892;2.14006616349627;2.35137525716348;1.13094892005762;1.49173042178154;0.610757080641107;0.00359886464343072;310;14.6
"347";"biocom_50_cropped_120";"biocom";"50_cropped";120;1;0.177916666666667;0.172225;"kept";"unimod";"bing";0.385350456464919;-0.915967158800078;-0.401253241731095;-2.728708;33.06768;37.7756535350482;1.90954250488444;0.7727;0.0119525832365667;0.0114165434433924;NA;NA;NA;NA;-0.348312940304041;-0.432194501827427;-0.000375199902231802;-6.68864670737995e-06;15;0.860851291799465;19.4548072332692;3.52432523196678;0.0209810208902309;0.0010784491790981;0.00595320224703615;-0.0600642468085031;3.24056955273091e-15;1.18420988572769;1.75339049577488;0.367272727272727;1.3083168996705;2.16721963882446;0.189090909090909;0.959649467468262;1.19448435306549;2.64575131106459;2.92065900139343;0.189565028245335;1.49370028835828;1.89864830730607;2.04946014976279;0.937379004773279;1.99896425008774;10;0.912666454073431;1.70878263397944;1.87869045035592;1.76028085660087;1.90478039658077;1.75572555541992;2.0565883398056;2.37886580797276;2.07944154167984;-1.09674844890833;-1.41013377904892;2.14006616349627;2.35137525716348;1.13094892005762;1.49173042178154;0.610757080641107;0.00359886464343072;310;14.6
"348";"biocom_50_cropped_120";"biocom";"50_cropped";120;2;0.177916666666667;0.15045;"kept";"unimod";"bing";0.274784759139897;-0.915967158800078;-0.401253241731095;-2.728708;33.06768;37.7756535350482;1.90954250488444;0.7727;0.0210118707894141;0.0210230950703665;NA;NA;NA;NA;-0.348312940304041;-0.432194501827427;-0.000375199902231802;-6.68864670737995e-06;15;0.860851291799465;19.4548072332692;3.52432523196678;0.0209810208902309;0.0010784491790981;0.00595320224703615;-0.0600642468085031;3.24056955273091e-15;1.18420988572769;1.75339049577488;0.367272727272727;1.3083168996705;2.16721963882446;0.189090909090909;0.959649467468262;1.19448435306549;2.64575131106459;2.92065900139343;0.189565028245335;1.49370028835828;1.89864830730607;2.04946014976279;0.937379004773279;1.99896425008774;10;0.912666454073431;1.70878263397944;1.87869045035592;1.76028085660087;1.90478039658077;1.75572555541992;2.0565883398056;2.37886580797276;2.07944154167984;-1.09674844890833;-1.41013377904892;2.14006616349627;2.35137525716348;1.13094892005762;1.49173042178154;0.610757080641107;0.00359886464343072;310;14.6
"349";"biocom_50_cropped_123";"biocom";"50_cropped";123;1;0.082;0.137404081632653;"kept";"bimod";"bing";0.259338314202375;-0.621992915294874;-0.783022868965513;-71.35712;-16.189754;62.5779513886481;2.2512917986065;0.7302;0.0146134609009615;0.0141042634943435;NA;NA;NA;NA;0.263032999629218;0.226590391440225;0.00014351504419179;3.82195992915355e-06;23;0.667736682401527;14.465763909598;3.21520602985056;0.00958803144853521;0.000662808511769889;0.00298208928433145;0.395763495917199;2.01124862130515e-06;1.08529495135005;1.55595535297408;0.170909090909091;1.19776070256566;1.46307301521301;0.24;1.23408112972975;2.20086574554443;1.73205080756888;4.04176260444599;0.661429758363409;1.77932859934293;0.743491774985175;2.66173252912641;1.72355462461402;2.26080138981343;6;1.06588604719054;-0.0405304305961338;1.22975272709323;1.76028085660087;1.7598255454222;1.33672909935315;1.39997994403044;NA;NA;NA;NA;1.38629436111989;2.7408400239252;1.28665168997314;1.58996680378914;0.152115800850518;0.00337475118248565;326;6.4
"350";"biocom_50_cropped_123";"biocom";"50_cropped";123;2;0.082;0.146481632653061;"kept";"unimod";"bing";0.173858310078204;-0.621992915294874;-0.783022868965513;-71.35712;-16.189754;62.5779513886481;2.2512917986065;0.7302;0.0255646179519866;0.024925951808015;NA;NA;NA;NA;0.263032999629218;0.226590391440225;0.00014351504419179;3.82195992915355e-06;23;0.667736682401527;14.465763909598;3.21520602985056;0.00958803144853521;0.000662808511769889;0.00298208928433145;0.395763495917199;2.01124862130515e-06;1.08529495135005;1.55595535297408;0.170909090909091;1.19776070256566;1.46307301521301;0.24;1.23408112972975;2.20086574554443;1.73205080756888;4.04176260444599;0.661429758363409;1.77932859934293;0.743491774985175;2.66173252912641;1.72355462461402;2.26080138981343;6;1.06588604719054;-0.0405304305961338;1.22975272709323;1.76028085660087;1.7598255454222;1.33672909935315;1.39997994403044;NA;NA;NA;NA;1.38629436111989;2.7408400239252;1.28665168997314;1.58996680378914;0.152115800850518;0.00337475118248565;326;6.4
"351";"biocom_50_cropped_123";"biocom";"50_cropped";123;3;0.082;0.0845061224489796;"kept";"unimod";"bing";0.13980438315974;-0.621992915294874;-0.783022868965513;-71.35712;-16.189754;62.5779513886481;2.2512917986065;0.7302;0.00963908758676992;0.00866063981417697;NA;NA;NA;NA;0.263032999629218;0.226590391440225;0.00014351504419179;3.82195992915355e-06;23;0.667736682401527;14.465763909598;3.21520602985056;0.00958803144853521;0.000662808511769889;0.00298208928433145;0.395763495917199;2.01124862130515e-06;1.08529495135005;1.55595535297408;0.170909090909091;1.19776070256566;1.46307301521301;0.24;1.23408112972975;2.20086574554443;1.73205080756888;4.04176260444599;0.661429758363409;1.77932859934293;0.743491774985175;2.66173252912641;1.72355462461402;2.26080138981343;6;1.06588604719054;-0.0405304305961338;1.22975272709323;1.76028085660087;1.7598255454222;1.33672909935315;1.39997994403044;NA;NA;NA;NA;1.38629436111989;2.7408400239252;1.28665168997314;1.58996680378914;0.152115800850518;0.00337475118248565;326;6.4
"352";"biocom_50_cropped_124";"biocom";"50_cropped";124;3;0.16025;0.180865306122449;"kept";"unimod";"bing";0.0697111671981532;-0.624082929527125;-0.781358110646355;-71.359792;-16.215578;61.773780845922;2.56494935746154;0.7551;0.0526131187649032;0.050762990908801;NA;NA;NA;NA;0.167611460088862;0.589113353323557;5.71535751563596e-05;2.63165756130499e-06;NA;NA;16.0599213492561;3.60648558457526;0.0101822910686012;0.00063401873814736;0.00282332781590762;0.425379603624372;0.000893369863222519;NA;NA;NA;NA;NA;NA;NA;NA;NA;NA;NA;NA;NA;NA;NA;NA;NA;NA;NA;NA;NA;NA;NA;NA;NA;NA;NA;NA;NA;NA;NA;NA;0.524847584039867;0.00216657410719451;303;7.2
"353";"biocom_50_cropped_124";"biocom";"50_cropped";124;1;0.16025;0.139134693877551;"kept";"unimod";"bing";0.15791205895177;-0.624082929527125;-0.781358110646355;-71.359792;-16.215578;61.773780845922;2.56494935746154;0.7551;0.0277235848799255;0.0265500441720415;NA;NA;NA;NA;0.167611460088862;0.589113353323557;5.71535751563596e-05;2.63165756130499e-06;NA;NA;16.0599213492561;3.60648558457526;0.0101822910686012;0.00063401873814736;0.00282332781590762;0.425379603624372;0.000893369863222519;NA;NA;NA;NA;NA;NA;NA;NA;NA;NA;NA;NA;NA;NA;NA;NA;NA;NA;NA;NA;NA;NA;NA;NA;NA;NA;NA;NA;NA;NA;NA;NA;0.524847584039867;0.00216657410719451;303;7.2
"354";"biocom_50_cropped_124";"biocom";"50_cropped";124;2;0.16025;0.173518367346939;"kept";"unimod";"bing";0.0888975031944184;-0.624082929527125;-0.781358110646355;-71.359792;-16.215578;61.773780845922;2.56494935746154;0.7551;0.0419014452583129;0.042428572988622;NA;NA;NA;NA;0.167611460088862;0.589113353323557;5.71535751563596e-05;2.63165756130499e-06;NA;NA;16.0599213492561;3.60648558457526;0.0101822910686012;0.00063401873814736;0.00282332781590762;0.425379603624372;0.000893369863222519;NA;NA;NA;NA;NA;NA;NA;NA;NA;NA;NA;NA;NA;NA;NA;NA;NA;NA;NA;NA;NA;NA;NA;NA;NA;NA;NA;NA;NA;NA;NA;NA;0.524847584039867;0.00216657410719451;303;7.2
"355";"biocom_50_cropped_125";"biocom";"50_cropped";125;2;0.2705;0.272097959183673;"kept";"unimod";"bing";0.194988447230758;-0.680125852856127;-0.733095371883308;-71.433769;-16.210425;64.2884126417817;1.94591014905531;0.7003;0.0603671937418462;0.0635105856461075;NA;NA;NA;NA;0.223677908919658;0.212566916060919;0.000433986144737751;3.53944718738891e-06;15;0.746468199599791;28.7654673992959;4.05474902666486;0.0199641233447932;0.000694030904058311;0.00492363971567786;0.333721541670614;8.92714530385781e-11;1.16321287303731;2.16932840636939;0.200729927007299;1.14665485739708;1.85338950157166;0.237226277372263;1.10196686141631;1.56446373462677;1.73205080756888;3.85069701950764;0.432605456223035;1.849789417707;1.22865469807759;2.46722305074961;1.32581472120281;2.22468851010005;7;0.858224121432956;0.0636222930825071;1.31515999797915;1.76028085660087;1.77802992511373;1.42701317310333;1.61335165500641;1.98827118771579;2.53897387105828;-0.959987132913537;-1.22588415940603;0.693147180559945;2.19722457733622;0.848223268985748;0.96189284324646;0.232177641046011;0.00404083446558117;335;4.7
"356";"biocom_50_cropped_125";"biocom";"50_cropped";125;1;0.2705;0.193991836734694;"kept";"unimod";"bing";0.260499407599216;-0.680125852856127;-0.733095371883308;-71.433769;-16.210425;64.2884126417817;1.94591014905531;0.7003;0.00726832524607799;0.006658254705671;NA;NA;NA;NA;0.223677908919658;0.212566916060919;0.000433986144737751;3.53944718738891e-06;15;0.746468199599791;28.7654673992959;4.05474902666486;0.0199641233447932;0.000694030904058311;0.00492363971567786;0.333721541670614;8.92714530385781e-11;1.16321287303731;2.16932840636939;0.200729927007299;1.14665485739708;1.85338950157166;0.237226277372263;1.10196686141631;1.56446373462677;1.73205080756888;3.85069701950764;0.432605456223035;1.849789417707;1.22865469807759;2.46722305074961;1.32581472120281;2.22468851010005;7;0.858224121432956;0.0636222930825071;1.31515999797915;1.76028085660087;1.77802992511373;1.42701317310333;1.61335165500641;1.98827118771579;2.53897387105828;-0.959987132913537;-1.22588415940603;0.693147180559945;2.19722457733622;0.848223268985748;0.96189284324646;0.232177641046011;0.00404083446558117;335;4.7
"357";"biocom_50_cropped_125";"biocom";"50_cropped";125;3;0.2705;0.277061224489796;"kept";"unimod";"bing";0.0870914701679637;-0.680125852856127;-0.733095371883308;-71.433769;-16.210425;64.2884126417817;1.94591014905531;0.7003;0.080083539832086;0.0799139917911371;NA;NA;NA;NA;0.223677908919658;0.212566916060919;0.000433986144737751;3.53944718738891e-06;15;0.746468199599791;28.7654673992959;4.05474902666486;0.0199641233447932;0.000694030904058311;0.00492363971567786;0.333721541670614;8.92714530385781e-11;1.16321287303731;2.16932840636939;0.200729927007299;1.14665485739708;1.85338950157166;0.237226277372263;1.10196686141631;1.56446373462677;1.73205080756888;3.85069701950764;0.432605456223035;1.849789417707;1.22865469807759;2.46722305074961;1.32581472120281;2.22468851010005;7;0.858224121432956;0.0636222930825071;1.31515999797915;1.76028085660087;1.77802992511373;1.42701317310333;1.61335165500641;1.98827118771579;2.53897387105828;-0.959987132913537;-1.22588415940603;0.693147180559945;2.19722457733622;0.848223268985748;0.96189284324646;0.232177641046011;0.00404083446558117;335;4.7
"358";"biocom_50_cropped_126";"biocom";"50_cropped";126;2;0.23025;0.198367346938776;"kept";"unimod";"bing";0.214438421331337;-0.685301991709641;-0.728259006232534;-71.440853;-16.175231;64.4437739428721;2.26176309847379;0.7041;0.00681439952033757;0.00659887908593298;NA;NA;NA;NA;0.00119709730388262;0.24184543672864;6.89338737888564e-05;3.99888886235642e-06;17;0.754531650111558;13.2284231325182;2.76427105369077;0.0134953269539972;0.0010201765409834;0.00488205631498354;0.292791912514308;0.391718212747021;1.18900401402808;1.56384215091117;0.189090909090909;1.15297956977572;1.93303847312927;0.243636363636364;1.15327769738657;2.169278383255;1.73205080756888;3.92122353704828;0.446525745203623;1.85207015917851;1.59753955386447;2.41935468616821;1.42698827864313;2.22707521397135;7;1.02419393645547;0.059982607985299;1.43055176330825;2.539291416276;1.68021725092716;1.41884199778239;1.57763551175594;1.67802115259785;2.30258509299405;-0.889986073805226;-1.13439163565636;NA;NA;NA;NA;0.256561829731408;0.00481202266703109;338;5.1
"359";"biocom_50_cropped_126";"biocom";"50_cropped";126;3;0.23025;0.276081632653061;"kept";"unimod";"bing";0.273370900063171;-0.685301991709641;-0.728259006232534;-71.440853;-16.175231;64.4437739428721;2.26176309847379;0.7041;0.00959158354479856;0.00902126369971301;NA;NA;NA;NA;0.00119709730388262;0.24184543672864;6.89338737888564e-05;3.99888886235642e-06;17;0.754531650111558;13.2284231325182;2.76427105369077;0.0134953269539972;0.0010201765409834;0.00488205631498354;0.292791912514308;0.391718212747021;1.18900401402808;1.56384215091117;0.189090909090909;1.15297956977572;1.93303847312927;0.243636363636364;1.15327769738657;2.169278383255;1.73205080756888;3.92122353704828;0.446525745203623;1.85207015917851;1.59753955386447;2.41935468616821;1.42698827864313;2.22707521397135;7;1.02419393645547;0.059982607985299;1.43055176330825;2.539291416276;1.68021725092716;1.41884199778239;1.57763551175594;1.67802115259785;2.30258509299405;-0.889986073805226;-1.13439163565636;NA;NA;NA;NA;0.256561829731408;0.00481202266703109;338;5.1
"360";"biocom_50_cropped_126";"biocom";"50_cropped";126;1;0.23025;0.222987755102041;"kept";"unimod";"bing";0.130774911257451;-0.685301991709641;-0.728259006232534;-71.440853;-16.175231;64.4437739428721;2.26176309847379;0.7041;0.0542844860357541;0.053180890509905;NA;NA;NA;NA;0.00119709730388262;0.24184543672864;6.89338737888564e-05;3.99888886235642e-06;17;0.754531650111558;13.2284231325182;2.76427105369077;0.0134953269539972;0.0010201765409834;0.00488205631498354;0.292791912514308;0.391718212747021;1.18900401402808;1.56384215091117;0.189090909090909;1.15297956977572;1.93303847312927;0.243636363636364;1.15327769738657;2.169278383255;1.73205080756888;3.92122353704828;0.446525745203623;1.85207015917851;1.59753955386447;2.41935468616821;1.42698827864313;2.22707521397135;7;1.02419393645547;0.059982607985299;1.43055176330825;2.539291416276;1.68021725092716;1.41884199778239;1.57763551175594;1.67802115259785;2.30258509299405;-0.889986073805226;-1.13439163565636;NA;NA;NA;NA;0.256561829731408;0.00481202266703109;338;5.1
"361";"biocom_50_cropped_127";"biocom";"50_cropped";127;3;0.1015;0.107102040816327;"kept";"unimod";"bing";0.196416765578369;-0.711494181343536;-0.702691987939446;-71.477457;-16.181926;68.3227634101549;2.01490302054226;0.569;0.00708391940046413;0.00628121235845402;NA;NA;NA;NA;0.119336746096785;0.0490522663658326;0.000102524575833406;-1.28607304332332e-06;3;0.601367867629674;11.3680630954784;5.90121902871181;0.00526746000961351;0.000463355979411181;0.000892605406439786;0.0746152941373808;9.13201122433569e-05;1.8874589037678;2.13976588703623;0.281021897810219;1.20078906135739;1.92810690402985;0.211678832116788;1.31074919303258;2.49995088577271;4.35889894354067;1.21208886628286;0.301234402465636;1.49082485603732;1.89864830730607;1.08511080603354;1.00689721655142;1.91602231906011;17;0.490682534907818;0.603559683513984;1.83570712669329;4.67909549225421;0.485597742762829;1.55353803104824;1.60563906033834;1.14329839541574;1.75785791755237;-0.939839160634261;-1.77027733325958;1.28785428830664;1.13943428318836;0.879234698919269;1.40889943391085;-0.0363815628734975;0.00319456737900168;415;1.6
"362";"biocom_50_cropped_127";"biocom";"50_cropped";127;1;0.1015;0.0855510204081633;"kept";"unimod";"bing";0.112698697604016;-0.711494181343536;-0.702691987939446;-71.477457;-16.181926;68.3227634101549;2.01490302054226;0.569;0.00834763874519446;0.0083932906578279;NA;NA;NA;NA;0.119336746096785;0.0490522663658326;0.000102524575833406;-1.28607304332332e-06;3;0.601367867629674;11.3680630954784;5.90121902871181;0.00526746000961351;0.000463355979411181;0.000892605406439786;0.0746152941373808;9.13201122433569e-05;1.8874589037678;2.13976588703623;0.281021897810219;1.20078906135739;1.92810690402985;0.211678832116788;1.31074919303258;2.49995088577271;4.35889894354067;1.21208886628286;0.301234402465636;1.49082485603732;1.89864830730607;1.08511080603354;1.00689721655142;1.91602231906011;17;0.490682534907818;0.603559683513984;1.83570712669329;4.67909549225421;0.485597742762829;1.55353803104824;1.60563906033834;1.14329839541574;1.75785791755237;-0.939839160634261;-1.77027733325958;1.28785428830664;1.13943428318836;0.879234698919269;1.40889943391085;-0.0363815628734975;0.00319456737900168;415;1.6
"363";"biocom_50_cropped_127";"biocom";"50_cropped";127;2;0.1015;0.11934693877551;"kept";"bimod";"bing";0.235376796843166;-0.711494181343536;-0.702691987939446;-71.477457;-16.181926;68.3227634101549;2.01490302054226;0.569;0.0159256441531743;0.016306367703097;NA;NA;NA;NA;0.119336746096785;0.0490522663658326;0.000102524575833406;-1.28607304332332e-06;3;0.601367867629674;11.3680630954784;5.90121902871181;0.00526746000961351;0.000463355979411181;0.000892605406439786;0.0746152941373808;9.13201122433569e-05;1.8874589037678;2.13976588703623;0.281021897810219;1.20078906135739;1.92810690402985;0.211678832116788;1.31074919303258;2.49995088577271;4.35889894354067;1.21208886628286;0.301234402465636;1.49082485603732;1.89864830730607;1.08511080603354;1.00689721655142;1.91602231906011;17;0.490682534907818;0.603559683513984;1.83570712669329;4.67909549225421;0.485597742762829;1.55353803104824;1.60563906033834;1.14329839541574;1.75785791755237;-0.939839160634261;-1.77027733325958;1.28785428830664;1.13943428318836;0.879234698919269;1.40889943391085;-0.0363815628734975;0.00319456737900168;415;1.6
"364";"biocom_50_cropped_128";"biocom";"50_cropped";128;3;0.22375;0.274481632653061;"kept";"unimod";"bing";-0.0887899984091128;-0.643533886180961;-0.76541762282876;-71.384941;-16.26659;63.6003144646314;2.7408400239252;0.7306;0.0811879364998189;0.0808502276459571;NA;NA;NA;NA;0.297223237120935;0.365807192442194;0.00100191044886038;6.31619435568226e-14;17;0.724706551248173;19.2361793643135;3.16349321733747;1.46133791501976e-10;7.59681996795477e-12;4.61938058539505e-11;0.356147007307656;1.68787452534265e-40;NA;NA;NA;NA;NA;NA;NA;NA;1.73205080756888;3.92122353704828;0.509049879172327;1.94736423125634;1.59753955386447;2.41935468616821;1.57771026958957;2.36866112377333;8;1.02749022109003;0.102968493319593;1.4381548289595;1.76028085660087;1.73258641991018;1.47304771257484;1.6276943165323;NA;NA;NA;NA;NA;NA;NA;NA;-0.165887086205889;5.03510118618845e-11;311;5.8
"365";"biocom_50_cropped_128";"biocom";"50_cropped";128;2;0.22375;0.270040816326531;"kept";"unimod";"bing";-0.11550766915696;-0.643533886180961;-0.76541762282876;-71.384941;-16.26659;63.6003144646314;2.7408400239252;0.7306;0.0800898279336679;0.0788155941420595;NA;NA;NA;NA;0.297223237120935;0.365807192442194;0.00100191044886038;6.31619435568226e-14;17;0.724706551248173;19.2361793643135;3.16349321733747;1.46133791501976e-10;7.59681996795477e-12;4.61938058539505e-11;0.356147007307656;1.68787452534265e-40;NA;NA;NA;NA;NA;NA;NA;NA;1.73205080756888;3.92122353704828;0.509049879172327;1.94736423125634;1.59753955386447;2.41935468616821;1.57771026958957;2.36866112377333;8;1.02749022109003;0.102968493319593;1.4381548289595;1.76028085660087;1.73258641991018;1.47304771257484;1.6276943165323;NA;NA;NA;NA;NA;NA;NA;NA;-0.165887086205889;5.03510118618845e-11;311;5.8
"366";"biocom_50_cropped_128";"biocom";"50_cropped";128;1;0.22375;0.198791836734694;"kept";"unimod";"bing";-0.0585233060759772;-0.643533886180961;-0.76541762282876;-71.384941;-16.26659;63.6003144646314;2.7408400239252;0.7306;0.0210884383892938;0.0207575044833045;NA;NA;NA;NA;0.297223237120935;0.365807192442194;0.00100191044886038;6.31619435568226e-14;17;0.724706551248173;19.2361793643135;3.16349321733747;1.46133791501976e-10;7.59681996795477e-12;4.61938058539505e-11;0.356147007307656;1.68787452534265e-40;NA;NA;NA;NA;NA;NA;NA;NA;1.73205080756888;3.92122353704828;0.509049879172327;1.94736423125634;1.59753955386447;2.41935468616821;1.57771026958957;2.36866112377333;8;1.02749022109003;0.102968493319593;1.4381548289595;1.76028085660087;1.73258641991018;1.47304771257484;1.6276943165323;NA;NA;NA;NA;NA;NA;NA;NA;-0.165887086205889;5.03510118618845e-11;311;5.8
"367";"biocom_50_cropped_129";"biocom";"50_cropped";129;1;0.13175;0.0779428571428571;"kept";"unimod";"bing";0.15008726011345;-0.666909347552359;-0.745138860983164;-71.415888;-16.052056;63.3798075099633;1.38629436111989;0.6994;0.0142841119722725;0.0143914263653501;NA;NA;NA;NA;0.413316383283013;0.254875787912495;0.000464958782382105;1.17618660242785e-07;2;0.719687772309335;28.8098635031618;7.76025967169198;0.0117926641762667;0.0004093273185752;0.00151962236770043;0.128471866097275;1.07853136331774e-42;1.43568026439704;1.77127868399055;0.261818181818182;1.2482706988067;2.55390119552612;0.225454545454545;1.09392638752858;2.58026194572449;4.47213595499958;0.947990848241911;0.355667656835452;1.54247762968666;2.7592278695768;0.669670084631926;0.943444238660557;1.84983270366987;19;0.138708840678845;0.912333046841264;1.77203900719944;3.99120339078684;0.245103036022052;1.99446105957031;2.11465164593288;1.22865469807759;1.79175946922805;-1.12793836908208;-1.89524396260579;1.65822807660353;1.09861228866811;0.979915096291474;1.68324255943298;0.162832150938073;0.0025588568265089;358;6.1
"368";"biocom_50_cropped_129";"biocom";"50_cropped";129;3;0.13175;0.1456;"kept";"unimod";"bing";0.050500732320479;-0.666909347552359;-0.745138860983164;-71.415888;-16.052056;63.3798075099633;1.38629436111989;0.6994;0.0151693707974344;0.014975677836685;NA;NA;NA;NA;0.413316383283013;0.254875787912495;0.000464958782382105;1.17618660242785e-07;2;0.719687772309335;28.8098635031618;7.76025967169198;0.0117926641762667;0.0004093273185752;0.00151962236770043;0.128471866097275;1.07853136331774e-42;1.43568026439704;1.77127868399055;0.261818181818182;1.2482706988067;2.55390119552612;0.225454545454545;1.09392638752858;2.58026194572449;4.47213595499958;0.947990848241911;0.355667656835452;1.54247762968666;2.7592278695768;0.669670084631926;0.943444238660557;1.84983270366987;19;0.138708840678845;0.912333046841264;1.77203900719944;3.99120339078684;0.245103036022052;1.99446105957031;2.11465164593288;1.22865469807759;1.79175946922805;-1.12793836908208;-1.89524396260579;1.65822807660353;1.09861228866811;0.979915096291474;1.68324255943298;0.162832150938073;0.0025588568265089;358;6.1
"369";"biocom_50_cropped_129";"biocom";"50_cropped";129;2;0.13175;0.110726530612245;"kept";"unimod";"bing";0.23090418872132;-0.666909347552359;-0.745138860983164;-71.415888;-16.052056;63.3798075099633;1.38629436111989;0.6994;0.0064261579331531;0.00585308942016505;NA;NA;NA;NA;0.413316383283013;0.254875787912495;0.000464958782382105;1.17618660242785e-07;2;0.719687772309335;28.8098635031618;7.76025967169198;0.0117926641762667;0.0004093273185752;0.00151962236770043;0.128471866097275;1.07853136331774e-42;1.43568026439704;1.77127868399055;0.261818181818182;1.2482706988067;2.55390119552612;0.225454545454545;1.09392638752858;2.58026194572449;4.47213595499958;0.947990848241911;0.355667656835452;1.54247762968666;2.7592278695768;0.669670084631926;0.943444238660557;1.84983270366987;19;0.138708840678845;0.912333046841264;1.77203900719944;3.99120339078684;0.245103036022052;1.99446105957031;2.11465164593288;1.22865469807759;1.79175946922805;-1.12793836908208;-1.89524396260579;1.65822807660353;1.09861228866811;0.979915096291474;1.68324255943298;0.162832150938073;0.0025588568265089;358;6.1
"373";"biocom_50_cropped_130";"biocom";"50_cropped";130;1;0.22675;0.270530612244898;"kept";"bimod";"bing";0.349285454331436;-0.518484185361032;-0.85508721749919;-71.230912;-16.381181;66.7532770731145;2.01490302054226;0.6415;0.00791131377141785;0.00658124186190301;NA;NA;NA;NA;-0.131670109645638;0.674198845277822;-5.85775790675622e-05;1.77770144160991e-06;1;0.598106705449022;32.3772432648249;5.13142500179633;0.00969894865413995;0.000299560669041797;0.00189010823518705;0.399480890890437;0.0723112239065617;1.64861457584193;2.89516696834205;0.28;1.26038106896661;2.9948263168335;0.250909090909091;1.23003325859706;2.51519584655762;4;0.758260131555653;0.346884643479811;1.47545590079748;1.59753955386447;0.330874516542511;0.951569525586617;1.87582859992981;18;-0.0949584822295479;0.721249766337687;1.68545706041398;2.539291416276;0.325400619257649;1.81675505638123;2.01661381721497;0.492802716530589;1.6094379124341;-0.924630520483922;-1.76847989559174;1.01160091167848;1.01160091167848;0.857095756963827;1.43762874603271;0.0686756150347967;0.00227624510914936;370;3
"374";"biocom_50_cropped_130";"biocom";"50_cropped";130;2;0.22675;0.200261224489796;"kept";"unimod";"bing";0.229412947686511;-0.518484185361032;-0.85508721749919;-71.230912;-16.381181;66.7532770731145;2.01490302054226;0.6415;0.00774363557721295;0.00735947830379802;NA;NA;NA;NA;-0.131670109645638;0.674198845277822;-5.85775790675622e-05;1.77770144160991e-06;1;0.598106705449022;32.3772432648249;5.13142500179633;0.00969894865413995;0.000299560669041797;0.00189010823518705;0.399480890890437;0.0723112239065617;1.64861457584193;2.89516696834205;0.28;1.26038106896661;2.9948263168335;0.250909090909091;1.23003325859706;2.51519584655762;4;0.758260131555653;0.346884643479811;1.47545590079748;1.59753955386447;0.330874516542511;0.951569525586617;1.87582859992981;18;-0.0949584822295479;0.721249766337687;1.68545706041398;2.539291416276;0.325400619257649;1.81675505638123;2.01661381721497;0.492802716530589;1.6094379124341;-0.924630520483922;-1.76847989559174;1.01160091167848;1.01160091167848;0.857095756963827;1.43762874603271;0.0686756150347967;0.00227624510914936;370;3
"375";"biocom_50_cropped_130";"biocom";"50_cropped";130;3;0.22675;0.201959183673469;"kept";"unimod";"bing";0.386835374142139;-0.518484185361032;-0.85508721749919;-71.230912;-16.381181;66.7532770731145;2.01490302054226;0.6415;0.00666128826455944;0.00582766281416502;NA;NA;NA;NA;-0.131670109645638;0.674198845277822;-5.85775790675622e-05;1.77770144160991e-06;1;0.598106705449022;32.3772432648249;5.13142500179633;0.00969894865413995;0.000299560669041797;0.00189010823518705;0.399480890890437;0.0723112239065617;1.64861457584193;2.89516696834205;0.28;1.26038106896661;2.9948263168335;0.250909090909091;1.23003325859706;2.51519584655762;4;0.758260131555653;0.346884643479811;1.47545590079748;1.59753955386447;0.330874516542511;0.951569525586617;1.87582859992981;18;-0.0949584822295479;0.721249766337687;1.68545706041398;2.539291416276;0.325400619257649;1.81675505638123;2.01661381721497;0.492802716530589;1.6094379124341;-0.924630520483922;-1.76847989559174;1.01160091167848;1.01160091167848;0.857095756963827;1.43762874603271;0.0686756150347967;0.00227624510914936;370;3
"376";"biocom_50_cropped_133";"biocom";"50_cropped";133;1;0.1305;0.127444897959184;"kept";"unimod";"bing";0.395309129965447;-0.322343693164759;-0.946622703867229;-71.014039;-16.434337;66.9402718847182;2.01490302054226;0.583;0.00588289153275779;0.00540150572995496;NA;NA;NA;NA;-0.492748556597277;0.634154351395731;-0.000565650568802939;7.49704588498804e-06;5;0.453681563414779;15.0306216205486;5.26427479491638;0.0103481424728483;0.000688470692303313;0.00196572992026201;0.244082083914547;6.5231044986333e-64;1.53318587360336;2.59287505938754;0.261818181818182;1.17278749723824;1.88502299785614;0.225454545454545;1.36864828211921;2.40548205375671;3.46410161513775;1.78399213884209;0.442695452663032;1.67490397910682;1.59753955386447;1.5444715933586;1.28720856268052;2.16303000730626;13;0.638509140295082;0.353048870839937;1.46148135542869;3.2798728979856;1.25146312959109;1.57888958851496;1.78387139240901;0.348051878625344;2.17475172148416;-0.940891535573328;-1.48775324821472;0.810930216216329;1.55814461804655;1.05179772341535;1.34744474291801;-0.125046629908118;0.00478754314938975;417;2.7
"377";"biocom_50_cropped_133";"biocom";"50_cropped";133;2;0.1305;0.102628571428571;"kept";"unimod";"bing";0.321668624521534;-0.322343693164759;-0.946622703867229;-71.014039;-16.434337;66.9402718847182;2.01490302054226;0.583;0.00734616560496328;0.00591119606936896;NA;NA;NA;NA;-0.492748556597277;0.634154351395731;-0.000565650568802939;7.49704588498804e-06;5;0.453681563414779;15.0306216205486;5.26427479491638;0.0103481424728483;0.000688470692303313;0.00196572992026201;0.244082083914547;6.5231044986333e-64;1.53318587360336;2.59287505938754;0.261818181818182;1.17278749723824;1.88502299785614;0.225454545454545;1.36864828211921;2.40548205375671;3.46410161513775;1.78399213884209;0.442695452663032;1.67490397910682;1.59753955386447;1.5444715933586;1.28720856268052;2.16303000730626;13;0.638509140295082;0.353048870839937;1.46148135542869;3.2798728979856;1.25146312959109;1.57888958851496;1.78387139240901;0.348051878625344;2.17475172148416;-0.940891535573328;-1.48775324821472;0.810930216216329;1.55814461804655;1.05179772341535;1.34744474291801;-0.125046629908118;0.00478754314938975;417;2.7
"378";"biocom_50_cropped_133";"biocom";"50_cropped";133;3;0.1305;0.0983836734693878;"kept";"unimod";"bing";0.252529667717915;-0.322343693164759;-0.946622703867229;-71.014039;-16.434337;66.9402718847182;2.01490302054226;0.583;0.0141055284256056;0.014636359476611;NA;NA;NA;NA;-0.492748556597277;0.634154351395731;-0.000565650568802939;7.49704588498804e-06;5;0.453681563414779;15.0306216205486;5.26427479491638;0.0103481424728483;0.000688470692303313;0.00196572992026201;0.244082083914547;6.5231044986333e-64;1.53318587360336;2.59287505938754;0.261818181818182;1.17278749723824;1.88502299785614;0.225454545454545;1.36864828211921;2.40548205375671;3.46410161513775;1.78399213884209;0.442695452663032;1.67490397910682;1.59753955386447;1.5444715933586;1.28720856268052;2.16303000730626;13;0.638509140295082;0.353048870839937;1.46148135542869;3.2798728979856;1.25146312959109;1.57888958851496;1.78387139240901;0.348051878625344;2.17475172148416;-0.940891535573328;-1.48775324821472;0.810930216216329;1.55814461804655;1.05179772341535;1.34744474291801;-0.125046629908118;0.00478754314938975;417;2.7
"379";"biocom_50_cropped_14";"biocom";"50_cropped";14;3;0.610083333333333;0.64814139941691;"kept";"unimod";"bing";0.635986520163786;-0.662481789140921;0.74907801933887;-66.820115;-31.356;22.8254244210267;0.693147180559945;0.7679;0.036670182882314;0.01811027031207;NA;NA;NA;NA;-0.458276391758038;0.316256157635468;-0.000520271290022912;1.90002520054094e-05;8;0.742195957230687;17.9339833133316;4.90000331774092;0.123774258166758;0.00690166016128431;0.0252600355837764;-0.00244080347889271;2.02971357770237e-70;1.61071453942196;1.37770829982019;0.410909090909091;1.34685661651755;2.24869155883789;0.0981818181818182;1.02346501747767;1.18740856647491;2.64575131106459;3.13267948944164;-0.186888403380516;1.20457087622749;1.89864830730607;1.63374826313752;0.255336895690847;1.3961405527024;9;0.775765107248958;3.05069865127765;1.95857100216848;3.2798728979856;1.37610168161152;1.87120470675555;2.01574991507964;0;2.60268968544438;-1.2770647658656;-1.88229560852051;1.94591014905531;2.19722457733622;1.0997670352459;1.36802208423615;0.479201371559539;0.0304452195584426;355;19.2
"380";"biocom_50_cropped_14";"biocom";"50_cropped";14;1;0.610083333333333;0.666649312786339;"kept";"unimod";"bing";0.70738574785279;-0.662481789140921;0.74907801933887;-66.820115;-31.356;22.8254244210267;0.693147180559945;0.7679;0.0146554053660331;0.0083589078683575;NA;NA;NA;NA;-0.458276391758038;0.316256157635468;-0.000520271290022912;1.90002520054094e-05;8;0.742195957230687;17.9339833133316;4.90000331774092;0.123774258166758;0.00690166016128431;0.0252600355837764;-0.00244080347889271;2.02971357770237e-70;1.61071453942196;1.37770829982019;0.410909090909091;1.34685661651755;2.24869155883789;0.0981818181818182;1.02346501747767;1.18740856647491;2.64575131106459;3.13267948944164;-0.186888403380516;1.20457087622749;1.89864830730607;1.63374826313752;0.255336895690847;1.3961405527024;9;0.775765107248958;3.05069865127765;1.95857100216848;3.2798728979856;1.37610168161152;1.87120470675555;2.01574991507964;0;2.60268968544438;-1.2770647658656;-1.88229560852051;1.94591014905531;2.19722457733622;1.0997670352459;1.36802208423615;0.479201371559539;0.0304452195584426;355;19.2
"381";"biocom_50_cropped_14";"biocom";"50_cropped";14;2;0.610083333333333;0.57780612244898;"kept";"bimod";"bing";0.64909766680558;-0.662481789140921;0.74907801933887;-66.820115;-31.356;22.8254244210267;0.693147180559945;0.7679;0.0304978733385158;0.0364072577826175;NA;NA;NA;NA;-0.458276391758038;0.316256157635468;-0.000520271290022912;1.90002520054094e-05;8;0.742195957230687;17.9339833133316;4.90000331774092;0.123774258166758;0.00690166016128431;0.0252600355837764;-0.00244080347889271;2.02971357770237e-70;1.61071453942196;1.37770829982019;0.410909090909091;1.34685661651755;2.24869155883789;0.0981818181818182;1.02346501747767;1.18740856647491;2.64575131106459;3.13267948944164;-0.186888403380516;1.20457087622749;1.89864830730607;1.63374826313752;0.255336895690847;1.3961405527024;9;0.775765107248958;3.05069865127765;1.95857100216848;3.2798728979856;1.37610168161152;1.87120470675555;2.01574991507964;0;2.60268968544438;-1.2770647658656;-1.88229560852051;1.94591014905531;2.19722457733622;1.0997670352459;1.36802208423615;0.479201371559539;0.0304452195584426;355;19.2
"382";"biocom_50_cropped_15";"biocom";"50_cropped";15;3;0.482;0.379241928418666;"kept";"unimod";"bing";0.591806283511252;-0.260019166576936;0.965603455364901;-67.2812;-31.488289;22.9782505861521;0.693147180559945;0.8289;0.0206766243148104;0.0155479250191715;NA;NA;NA;NA;0.112813178664124;0.521881455585571;0.000151792507672905;1.82547520637409e-05;2;0.552127319475866;18.6301863417129;4.94262624718598;0.043636493649481;0.00234224676281305;0.00882860476741992;0.305329553270818;2.52782513793637e-08;1.48919479320387;1.8908098363262;0.381818181818182;1.33951303724087;2.79901075363159;0.149090909090909;1.11908273233308;1.88780426979065;4.69041575982343;0.900486748398508;0.015897055091691;1.24932029764903;2.7592278695768;0.497997834943236;0.384685649202625;1.47040716807048;18;0.141084537353278;2.25397467640657;1.81404945585463;4.67909549225421;0.218237501049815;1.84372065961361;1.85710214078427;2.21349952953607;1.90954250488444;-1.19202075153589;-2.03050082921982;1.65822807660353;0.916290731874155;0.748220835843434;1.56308081746101;0.546942982960562;0.00834540664050454;267;18.8
"383";"biocom_50_cropped_15";"biocom";"50_cropped";15;2;0.482;0.276714164240254;"kept";"bimod";"bing";0.619021893501486;-0.260019166576936;0.965603455364901;-67.2812;-31.488289;22.9782505861521;0.693147180559945;0.8289;0.00995464248730977;0.00940564976904495;NA;NA;NA;NA;0.112813178664124;0.521881455585571;0.000151792507672905;1.82547520637409e-05;2;0.552127319475866;18.6301863417129;4.94262624718598;0.043636493649481;0.00234224676281305;0.00882860476741992;0.305329553270818;2.52782513793637e-08;1.48919479320387;1.8908098363262;0.381818181818182;1.33951303724087;2.79901075363159;0.149090909090909;1.11908273233308;1.88780426979065;4.69041575982343;0.900486748398508;0.015897055091691;1.24932029764903;2.7592278695768;0.497997834943236;0.384685649202625;1.47040716807048;18;0.141084537353278;2.25397467640657;1.81404945585463;4.67909549225421;0.218237501049815;1.84372065961361;1.85710214078427;2.21349952953607;1.90954250488444;-1.19202075153589;-2.03050082921982;1.65822807660353;0.916290731874155;0.748220835843434;1.56308081746101;0.546942982960562;0.00834540664050454;267;18.8
"384";"biocom_50_cropped_15";"biocom";"50_cropped";15;1;0.482;0.308897420701384;"kept";"unimod";"bing";0.499020985172084;-0.260019166576936;0.965603455364901;-67.2812;-31.488289;22.9782505861521;0.693147180559945;0.8289;0.0200038506048722;0.019997392285219;NA;NA;NA;NA;0.112813178664124;0.521881455585571;0.000151792507672905;1.82547520637409e-05;2;0.552127319475866;18.6301863417129;4.94262624718598;0.043636493649481;0.00234224676281305;0.00882860476741992;0.305329553270818;2.52782513793637e-08;1.48919479320387;1.8908098363262;0.381818181818182;1.33951303724087;2.79901075363159;0.149090909090909;1.11908273233308;1.88780426979065;4.69041575982343;0.900486748398508;0.015897055091691;1.24932029764903;2.7592278695768;0.497997834943236;0.384685649202625;1.47040716807048;18;0.141084537353278;2.25397467640657;1.81404945585463;4.67909549225421;0.218237501049815;1.84372065961361;1.85710214078427;2.21349952953607;1.90954250488444;-1.19202075153589;-2.03050082921982;1.65822807660353;0.916290731874155;0.748220835843434;1.56308081746101;0.546942982960562;0.00834540664050454;267;18.8
"385";"biocom_50_cropped_150";"biocom";"50_cropped";150;3;0.148583333333333;0.18087612852109;"kept";"bimod";"bing";0.351383143948883;-0.886296464841968;0.46311831793682;-3.623103;39.990464;24.2280828791714;2.86220088092947;0.6481;0.0117883708819434;0.011227155500303;NA;NA;NA;NA;0.0664424601696448;0.132363427379445;9.71097237899613e-05;4.59143914390582e-06;5;0.873760706815782;21.5716707464549;6.84187683587537;0.0909489765870739;0.00421613038953047;0.013292986525303;-0.00159880701594853;9.44517968471326e-05;1.70555350091503;1.57120559242889;0.295620437956204;1.30870781994578;1.9746527671814;0.193430656934307;1.41471638778845;2.41905236244202;3.74165738677394;1.73656529772788;0.225009005637771;1.51478295423547;1.89864830730607;1.12155271602684;0.893857345823762;2.01494727815901;14;0.493753754440333;1.19571193567572;1.63288225518896;3.99120339078684;1.22175626864882;1.68195033073425;1.76121884233811;1.59753955386447;1.79175946922805;-1.0360806706327;-1.49799578719669;1.7227665977411;1.68639895357023;1.28710433977765;1.89283194541931;0.262459427106538;0.024835580029711;409;14.6
"386";"biocom_50_cropped_150";"biocom";"50_cropped";150;2;0.148583333333333;0.131502679260232;"kept";"unimod";"bing";0.364578499022326;-0.886296464841968;0.46311831793682;-3.623103;39.990464;24.2280828791714;2.86220088092947;0.6481;0.0109262680483678;0.0102547326883701;NA;NA;NA;NA;0.0664424601696448;0.132363427379445;9.71097237899613e-05;4.59143914390582e-06;5;0.873760706815782;21.5716707464549;6.84187683587537;0.0909489765870739;0.00421613038953047;0.013292986525303;-0.00159880701594853;9.44517968471326e-05;1.70555350091503;1.57120559242889;0.295620437956204;1.30870781994578;1.9746527671814;0.193430656934307;1.41471638778845;2.41905236244202;3.74165738677394;1.73656529772788;0.225009005637771;1.51478295423547;1.89864830730607;1.12155271602684;0.893857345823762;2.01494727815901;14;0.493753754440333;1.19571193567572;1.63288225518896;3.99120339078684;1.22175626864882;1.68195033073425;1.76121884233811;1.59753955386447;1.79175946922805;-1.0360806706327;-1.49799578719669;1.7227665977411;1.68639895357023;1.28710433977765;1.89283194541931;0.262459427106538;0.024835580029711;409;14.6
"387";"biocom_50_cropped_150";"biocom";"50_cropped";150;1;0.148583333333333;0.267675819937032;"kept";"unimod";"bing";0.57453394319059;-0.886296464841968;0.46311831793682;-3.623103;39.990464;24.2280828791714;2.86220088092947;0.6481;0.00836252035754588;0.00655410361123498;NA;NA;NA;NA;0.0664424601696448;0.132363427379445;9.71097237899613e-05;4.59143914390582e-06;5;0.873760706815782;21.5716707464549;6.84187683587537;0.0909489765870739;0.00421613038953047;0.013292986525303;-0.00159880701594853;9.44517968471326e-05;1.70555350091503;1.57120559242889;0.295620437956204;1.30870781994578;1.9746527671814;0.193430656934307;1.41471638778845;2.41905236244202;3.74165738677394;1.73656529772788;0.225009005637771;1.51478295423547;1.89864830730607;1.12155271602684;0.893857345823762;2.01494727815901;14;0.493753754440333;1.19571193567572;1.63288225518896;3.99120339078684;1.22175626864882;1.68195033073425;1.76121884233811;1.59753955386447;1.79175946922805;-1.0360806706327;-1.49799578719669;1.7227665977411;1.68639895357023;1.28710433977765;1.89283194541931;0.262459427106538;0.024835580029711;409;14.6
"388";"biocom_50_cropped_153";"biocom";"50_cropped";153;3;0.566333333333333;0.54640228519005;"kept";"bimod";"google";0.247306537779695;-0.935235958215289;0.354025002593222;-3.503464;40.1861;24.7991935352745;2.93119375241642;0.6186;0.0975846048311436;0.042408059061837;NA;NA;NA;NA;0.443953599237248;0.537708565072302;0.000511766587027912;1.21655022589367e-05;2;0.905501439168893;35.7971421156842;9.5896527638781;0.133685996775464;0.00373454384552366;0.0139406504142702;0.0586517903521502;7.43627741049439e-58;1.68792465300673;2.21064005702186;0.258181818181818;1.30800715041539;2.19972801208496;0.214545454545455;1.36838024286997;2.17367315292358;4.58257569495584;0.941678930756147;0.323477039748728;1.50612750407812;2.7592278695768;0.305394467282392;0.893947370253621;1.79041114720431;18;0.138708840678845;0.821976626744121;1.54226165696194;7.26185390940288;0.261194427088797;1.60257311967703;1.64741389568035;1.72450838772609;1.7227665977411;-1.0472382014233;-1.69810388088226;0.538996500732687;0.944461608840852;0.953403427784464;1.5986077444894;0.213769348813952;0.0220164769527797;429;14.1
"389";"biocom_50_cropped_153";"biocom";"50_cropped";153;1;0.566333333333333;0.509872604824753;"kept";"unimod";"google";0.471908953953878;-0.935235958215289;0.354025002593222;-3.503464;40.1861;24.7991935352745;2.93119375241642;0.6186;0.0123949387451503;0.012447049563278;NA;NA;NA;NA;0.443953599237248;0.537708565072302;0.000511766587027912;1.21655022589367e-05;2;0.905501439168893;35.7971421156842;9.5896527638781;0.133685996775464;0.00373454384552366;0.0139406504142702;0.0586517903521502;7.43627741049439e-58;1.68792465300673;2.21064005702186;0.258181818181818;1.30800715041539;2.19972801208496;0.214545454545455;1.36838024286997;2.17367315292358;4.58257569495584;0.941678930756147;0.323477039748728;1.50612750407812;2.7592278695768;0.305394467282392;0.893947370253621;1.79041114720431;18;0.138708840678845;0.821976626744121;1.54226165696194;7.26185390940288;0.261194427088797;1.60257311967703;1.64741389568035;1.72450838772609;1.7227665977411;-1.0472382014233;-1.69810388088226;0.538996500732687;0.944461608840852;0.953403427784464;1.5986077444894;0.213769348813952;0.0220164769527797;429;14.1
"390";"biocom_50_cropped_153";"biocom";"50_cropped";153;2;0.566333333333333;0.597548007756302;"kept";"unimod";"google";0.528447825729801;-0.935235958215289;0.354025002593222;-3.503464;40.1861;24.7991935352745;2.93119375241642;0.6186;0.0115752940462156;0.010623721122508;NA;NA;NA;NA;0.443953599237248;0.537708565072302;0.000511766587027912;1.21655022589367e-05;2;0.905501439168893;35.7971421156842;9.5896527638781;0.133685996775464;0.00373454384552366;0.0139406504142702;0.0586517903521502;7.43627741049439e-58;1.68792465300673;2.21064005702186;0.258181818181818;1.30800715041539;2.19972801208496;0.214545454545455;1.36838024286997;2.17367315292358;4.58257569495584;0.941678930756147;0.323477039748728;1.50612750407812;2.7592278695768;0.305394467282392;0.893947370253621;1.79041114720431;18;0.138708840678845;0.821976626744121;1.54226165696194;7.26185390940288;0.261194427088797;1.60257311967703;1.64741389568035;1.72450838772609;1.7227665977411;-1.0472382014233;-1.69810388088226;0.538996500732687;0.944461608840852;0.953403427784464;1.5986077444894;0.213769348813952;0.0220164769527797;429;14.1
"391";"biocom_50_cropped_156";"biocom";"50_cropped";156;2;0.62775;0.479252400548697;"kept";"bimod";"google";0.504285575041738;-0.809493937095607;-0.587128236252911;-2.514086;39.208778;27.4226184016042;1.50407739677627;0.6412;0.0417718032106908;0.045740767204484;NA;NA;NA;NA;-0.14641665342444;-0.110546109433762;-0.000264635459235538;-2.22186575025006e-06;9;0.736212678883901;36.9196274197979;8.84208027732093;0.154776111427357;0.00419224467428831;0.0175044906371572;0.070772934693646;1.99159361689597e-09;1.59075009751539;2.20563912635971;0.341818181818182;1.32202501071466;2.32944750785828;0.181818181818182;1.34834366639455;1.88027024269104;3;2.41367166341571;0.195655950691156;1.66592002839878;1.89864830730607;1.79035770502249;0.749884033068498;2.00657829784212;13;0.583609946280771;1.63817047508274;1.81460685133934;2.539291416276;1.5058644061421;1.8137449754609;2.09152509768804;1.48372058054829;2.05127066471314;-1.10335293017663;-1.52256564299266;0.405465108108164;1.6094379124341;1.06642164890137;1.53309312462807;0.105172595003778;0.0241740272223017;426;13.8
"392";"biocom_50_cropped_156";"biocom";"50_cropped";156;3;0.62775;0.475351508916324;"kept";"bimod";"google";0.544251410727131;-0.809493937095607;-0.587128236252911;-2.514086;39.208778;27.4226184016042;1.50407739677627;0.6412;0.0225550676876444;0.007429341199228;NA;NA;NA;NA;-0.14641665342444;-0.110546109433762;-0.000264635459235538;-2.22186575025006e-06;9;0.736212678883901;36.9196274197979;8.84208027732093;0.154776111427357;0.00419224467428831;0.0175044906371572;0.070772934693646;1.99159361689597e-09;1.59075009751539;2.20563912635971;0.341818181818182;1.32202501071466;2.32944750785828;0.181818181818182;1.34834366639455;1.88027024269104;3;2.41367166341571;0.195655950691156;1.66592002839878;1.89864830730607;1.79035770502249;0.749884033068498;2.00657829784212;13;0.583609946280771;1.63817047508274;1.81460685133934;2.539291416276;1.5058644061421;1.8137449754609;2.09152509768804;1.48372058054829;2.05127066471314;-1.10335293017663;-1.52256564299266;0.405465108108164;1.6094379124341;1.06642164890137;1.53309312462807;0.105172595003778;0.0241740272223017;426;13.8
"393";"biocom_50_cropped_156";"biocom";"50_cropped";156;1;0.62775;0.471472050754458;"kept";"bimod";"google";0.418812858056229;-0.809493937095607;-0.587128236252911;-2.514086;39.208778;27.4226184016042;1.50407739677627;0.6412;0.0470958863394476;0.057350221721462;NA;NA;NA;NA;-0.14641665342444;-0.110546109433762;-0.000264635459235538;-2.22186575025006e-06;9;0.736212678883901;36.9196274197979;8.84208027732093;0.154776111427357;0.00419224467428831;0.0175044906371572;0.070772934693646;1.99159361689597e-09;1.59075009751539;2.20563912635971;0.341818181818182;1.32202501071466;2.32944750785828;0.181818181818182;1.34834366639455;1.88027024269104;3;2.41367166341571;0.195655950691156;1.66592002839878;1.89864830730607;1.79035770502249;0.749884033068498;2.00657829784212;13;0.583609946280771;1.63817047508274;1.81460685133934;2.539291416276;1.5058644061421;1.8137449754609;2.09152509768804;1.48372058054829;2.05127066471314;-1.10335293017663;-1.52256564299266;0.405465108108164;1.6094379124341;1.06642164890137;1.53309312462807;0.105172595003778;0.0241740272223017;426;13.8
"394";"biocom_50_cropped_157";"biocom";"50_cropped";157;3;0.4825;0.430469821673525;"kept";"unimod";"google";0.25827215131468;-0.809893583687739;-0.586576834780774;-2.514767;39.207539;27.3861278752583;1.01160091167848;0.6446;0.137095649883432;0.143328297929084;NA;NA;NA;NA;-0.0411356533714709;-0.0204354044176069;-7.43813749395968e-05;2.23348756933941e-07;11;0.805200618541234;30.9082036463219;7.61555018331934;0.11854282853636;0.0038353192535169;0.0155658915879787;0.084779578017883;0.258177505934951;1.4464422413933;2.22723694045006;0.352727272727273;1.31766724586487;2.17936992645264;0.192727272727273;1.27955632976123;1.85099029541016;3.16227766016838;2.43323655838369;0.134577365630254;1.57524471241852;1.89864830730607;1.7100889094717;0.67162965791055;1.86654317946661;14;0.562841088911376;1.74332951902197;1.74147835125526;3.99120339078684;1.33097701247715;1.78445553183556;1.95121845602989;1.66223369187248;2.15176220325946;-1.1961909613439;-1.55157051086426;0.405465108108164;2.52572864430826;1.26333113802089;1.92242240905762;0.141545068085161;0.0204686748672367;422;13.8
"395";"biocom_50_cropped_157";"biocom";"50_cropped";157;2;0.4825;0.390174897119342;"kept";"unimod";"google";0.233643251413526;-0.809893583687739;-0.586576834780774;-2.514767;39.207539;27.3861278752583;1.01160091167848;0.6446;0.118277654263281;0.124308723260054;NA;NA;NA;NA;-0.0411356533714709;-0.0204354044176069;-7.43813749395968e-05;2.23348756933941e-07;11;0.805200618541234;30.9082036463219;7.61555018331934;0.11854282853636;0.0038353192535169;0.0155658915879787;0.084779578017883;0.258177505934951;1.4464422413933;2.22723694045006;0.352727272727273;1.31766724586487;2.17936992645264;0.192727272727273;1.27955632976123;1.85099029541016;3.16227766016838;2.43323655838369;0.134577365630254;1.57524471241852;1.89864830730607;1.7100889094717;0.67162965791055;1.86654317946661;14;0.562841088911376;1.74332951902197;1.74147835125526;3.99120339078684;1.33097701247715;1.78445553183556;1.95121845602989;1.66223369187248;2.15176220325946;-1.1961909613439;-1.55157051086426;0.405465108108164;2.52572864430826;1.26333113802089;1.92242240905762;0.141545068085161;0.0204686748672367;422;13.8
"396";"biocom_50_cropped_157";"biocom";"50_cropped";157;1;0.4825;0.436578360768176;"kept";"bimod";"google";0.312343833091627;-0.809893583687739;-0.586576834780774;-2.514767;39.207539;27.3861278752583;1.01160091167848;0.6446;0.0577076758664463;0.0181389476671205;NA;NA;NA;NA;-0.0411356533714709;-0.0204354044176069;-7.43813749395968e-05;2.23348756933941e-07;11;0.805200618541234;30.9082036463219;7.61555018331934;0.11854282853636;0.0038353192535169;0.0155658915879787;0.084779578017883;0.258177505934951;1.4464422413933;2.22723694045006;0.352727272727273;1.31766724586487;2.17936992645264;0.192727272727273;1.27955632976123;1.85099029541016;3.16227766016838;2.43323655838369;0.134577365630254;1.57524471241852;1.89864830730607;1.7100889094717;0.67162965791055;1.86654317946661;14;0.562841088911376;1.74332951902197;1.74147835125526;3.99120339078684;1.33097701247715;1.78445553183556;1.95121845602989;1.66223369187248;2.15176220325946;-1.1961909613439;-1.55157051086426;0.405465108108164;2.52572864430826;1.26333113802089;1.92242240905762;0.141545068085161;0.0204686748672367;422;13.8
"397";"biocom_50_cropped_16";"biocom";"50_cropped";16;2;0.184666666666667;0.19887139581025;"kept";"unimod";"bing";0.490390520147194;0.57127458157716;0.820759009968115;-68.1523;-31.704389;24.2074368738204;0.693147180559945;0.9173;0.0162998823711374;0.016140778379002;NA;NA;NA;NA;-0.42643148471847;-0.153111923301022;-0.000783388648317958;-6.0190683123535e-06;9;0.581028155137111;12.6435617461699;3.12787466399946;0.0407469150837303;0.00322274022951433;0.0130270293604505;0.0523683309176459;3.62432800978086e-53;1.24201016961137;0.86333286809653;0.414545454545455;1.3554180973106;2.17018413543701;0.0981818181818182;1.26950330243391;1.70181167125702;3.16227766016838;2.42025499195073;-0.1742679353886;1.10686150108868;1.59753955386447;1.91617221844773;0.35273401481715;1.52541518729666;7;0.800199045235612;2.14764520004782;1.90066293676694;3.2798728979856;1.53118689855638;1.79844544331233;2.00755879614088;2.48138934869422;2.80336038090653;-1.35942247145943;-1.92968797683716;2.35137525716348;1.09861228866811;0.646479329094291;1.0518014729023;0.586978891357637;0.0161210292978989;130;17.7
"398";"biocom_50_cropped_16";"biocom";"50_cropped";16;3;0.184666666666667;0.163673374732665;"kept";"unimod";"bing";0.613716256115913;0.57127458157716;0.820759009968115;-68.1523;-31.704389;24.2074368738204;0.693147180559945;0.9173;0.00767044444737484;0.00661384002333099;NA;NA;NA;NA;-0.42643148471847;-0.153111923301022;-0.000783388648317958;-6.0190683123535e-06;9;0.581028155137111;12.6435617461699;3.12787466399946;0.0407469150837303;0.00322274022951433;0.0130270293604505;0.0523683309176459;3.62432800978086e-53;1.24201016961137;0.86333286809653;0.414545454545455;1.3554180973106;2.17018413543701;0.0981818181818182;1.26950330243391;1.70181167125702;3.16227766016838;2.42025499195073;-0.1742679353886;1.10686150108868;1.59753955386447;1.91617221844773;0.35273401481715;1.52541518729666;7;0.800199045235612;2.14764520004782;1.90066293676694;3.2798728979856;1.53118689855638;1.79844544331233;2.00755879614088;2.48138934869422;2.80336038090653;-1.35942247145943;-1.92968797683716;2.35137525716348;1.09861228866811;0.646479329094291;1.0518014729023;0.586978891357637;0.0161210292978989;130;17.7
"399";"biocom_50_cropped_16";"biocom";"50_cropped";16;1;0.184666666666667;0.182586513437605;"kept";"unimod";"bing";0.53798137553263;0.57127458157716;0.820759009968115;-68.1523;-31.704389;24.2074368738204;0.693147180559945;0.9173;0.00921386506968176;0.00851220637390648;NA;NA;NA;NA;-0.42643148471847;-0.153111923301022;-0.000783388648317958;-6.0190683123535e-06;9;0.581028155137111;12.6435617461699;3.12787466399946;0.0407469150837303;0.00322274022951433;0.0130270293604505;0.0523683309176459;3.62432800978086e-53;1.24201016961137;0.86333286809653;0.414545454545455;1.3554180973106;2.17018413543701;0.0981818181818182;1.26950330243391;1.70181167125702;3.16227766016838;2.42025499195073;-0.1742679353886;1.10686150108868;1.59753955386447;1.91617221844773;0.35273401481715;1.52541518729666;7;0.800199045235612;2.14764520004782;1.90066293676694;3.2798728979856;1.53118689855638;1.79844544331233;2.00755879614088;2.48138934869422;2.80336038090653;-1.35942247145943;-1.92968797683716;2.35137525716348;1.09861228866811;0.646479329094291;1.0518014729023;0.586978891357637;0.0161210292978989;130;17.7
"400";"biocom_50_cropped_162";"biocom";"50_cropped";162;3;0.311666666666667;0.257998918334235;"kept";"unimod";"google";0.137534346922155;-0.146370916486864;-0.989229778568557;-1.717695;38.791855;29.0688837074973;2.84781214347737;0.6376;0.0202218496111707;0.019488281138118;NA;NA;NA;NA;-0.0890195455267758;0.643731129826792;-0.000114845944087733;2.06526627180099e-05;7;0.732037193124239;20.1950265561423;6.00500101700765;0.0747924601961204;0.00370350888067401;0.0124550287309344;0.224224513368811;0.000703639479281361;1.48201315377003;1.6323323967042;0.312727272727273;1.35075189080089;2.2624351978302;0.2;1.3924096852541;2.00020575523376;3.74165738677394;2.14814044039067;0.250573113143674;1.66264237772744;2.15484540552628;1.42766130254812;0.823774227139026;1.8732690943612;13;0.584237567842992;1.3355171279221;1.69648448026405;5.99943266849411;1.27088664607898;1.73875476916631;1.85969354046716;2.03141194193818;2.30258509299405;-1.32305664125115;-2.01233869791031;1.25276296849537;1.55814461804655;1.02808168164144;1.43949273228645;0.326464420957201;0.0181365773261901;422;13.5
"401";"biocom_50_cropped_162";"biocom";"50_cropped";162;1;0.311666666666667;0.290470524607896;"kept";"bimod";"google";0.432716029251273;-0.146370916486864;-0.989229778568557;-1.717695;38.791855;29.0688837074973;2.84781214347737;0.6376;0.0163733109342402;0.00832278493254501;NA;NA;NA;NA;-0.0890195455267758;0.643731129826792;-0.000114845944087733;2.06526627180099e-05;7;0.732037193124239;20.1950265561423;6.00500101700765;0.0747924601961204;0.00370350888067401;0.0124550287309344;0.224224513368811;0.000703639479281361;1.48201315377003;1.6323323967042;0.312727272727273;1.35075189080089;2.2624351978302;0.2;1.3924096852541;2.00020575523376;3.74165738677394;2.14814044039067;0.250573113143674;1.66264237772744;2.15484540552628;1.42766130254812;0.823774227139026;1.8732690943612;13;0.584237567842992;1.3355171279221;1.69648448026405;5.99943266849411;1.27088664607898;1.73875476916631;1.85969354046716;2.03141194193818;2.30258509299405;-1.32305664125115;-2.01233869791031;1.25276296849537;1.55814461804655;1.02808168164144;1.43949273228645;0.326464420957201;0.0181365773261901;422;13.5
"402";"biocom_50_cropped_162";"biocom";"50_cropped";162;2;0.311666666666667;0.234202271498107;"kept";"unimod";"google";0.422388215916392;-0.146370916486864;-0.989229778568557;-1.717695;38.791855;29.0688837074973;2.84781214347737;0.6376;0.00716989506027891;0.00646700100029851;NA;NA;NA;NA;-0.0890195455267758;0.643731129826792;-0.000114845944087733;2.06526627180099e-05;7;0.732037193124239;20.1950265561423;6.00500101700765;0.0747924601961204;0.00370350888067401;0.0124550287309344;0.224224513368811;0.000703639479281361;1.48201315377003;1.6323323967042;0.312727272727273;1.35075189080089;2.2624351978302;0.2;1.3924096852541;2.00020575523376;3.74165738677394;2.14814044039067;0.250573113143674;1.66264237772744;2.15484540552628;1.42766130254812;0.823774227139026;1.8732690943612;13;0.584237567842992;1.3355171279221;1.69648448026405;5.99943266849411;1.27088664607898;1.73875476916631;1.85969354046716;2.03141194193818;2.30258509299405;-1.32305664125115;-2.01233869791031;1.25276296849537;1.55814461804655;1.02808168164144;1.43949273228645;0.326464420957201;0.0181365773261901;422;13.5
"403";"biocom_50_cropped_163";"biocom";"50_cropped";163;1;0.552670666356011;0.457621412339029;"kept";"unimod";"google";0.350859055302876;-0.93815897677974;-0.346204757748347;-2.78807;39.877405;28.8617393793236;2.75684036527164;0.5937;0.0208327598447857;0.021163964247236;NA;NA;NA;NA;-0.138683192965729;0.092918057100482;-0.000196290026328396;2.89593414638833e-06;7;0.78484043406972;27.9003696477542;9.85011835858755;0.169721619099461;0.00608313155854989;0.0172304141859873;-0.103761237864309;1.47056959239717e-05;1.63155923847763;1.85171478653565;0.294545454545455;1.34987830414492;2.20240879058838;0.218181818181818;1.21575070917606;1.83052110671997;3;2.2745765457422;0.228198195766249;1.71172654303638;2.15484540552628;1.35604283402408;0.909766896672634;1.92216082881479;10;0.638825660653386;1.53356197597097;1.74309595126026;4.67909549225421;1.04036861858372;1.69209810934569;1.80010156255019;1.67802115259785;2.2512917986065;-1.30590201752881;-1.82512876391411;1.65822807660353;1.70474809223843;1.22960347216576;1.84129476547241;0.151023896541295;0.0339213102587128;458;12.9
"404";"biocom_50_cropped_163";"biocom";"50_cropped";163;3;0.552670666356011;0.437484218500126;"kept";"unimod";"google";0.365819680978615;-0.93815897677974;-0.346204757748347;-2.78807;39.877405;28.8617393793236;2.75684036527164;0.5937;0.0192053202163548;0.0180777276196825;NA;NA;NA;NA;-0.138683192965729;0.092918057100482;-0.000196290026328396;2.89593414638833e-06;7;0.78484043406972;27.9003696477542;9.85011835858755;0.169721619099461;0.00608313155854989;0.0172304141859873;-0.103761237864309;1.47056959239717e-05;1.63155923847763;1.85171478653565;0.294545454545455;1.34987830414492;2.20240879058838;0.218181818181818;1.21575070917606;1.83052110671997;3;2.2745765457422;0.228198195766249;1.71172654303638;2.15484540552628;1.35604283402408;0.909766896672634;1.92216082881479;10;0.638825660653386;1.53356197597097;1.74309595126026;4.67909549225421;1.04036861858372;1.69209810934569;1.80010156255019;1.67802115259785;2.2512917986065;-1.30590201752881;-1.82512876391411;1.65822807660353;1.70474809223843;1.22960347216576;1.84129476547241;0.151023896541295;0.0339213102587128;458;12.9
"405";"biocom_50_cropped_163";"biocom";"50_cropped";163;2;0.552670666356011;0.437862974497096;"kept";"unimod";"google";0.379498779320816;-0.93815897677974;-0.346204757748347;-2.78807;39.877405;28.8617393793236;2.75684036527164;0.5937;0.0175235170670511;0.0169741603325375;NA;NA;NA;NA;-0.138683192965729;0.092918057100482;-0.000196290026328396;2.89593414638833e-06;7;0.78484043406972;27.9003696477542;9.85011835858755;0.169721619099461;0.00608313155854989;0.0172304141859873;-0.103761237864309;1.47056959239717e-05;1.63155923847763;1.85171478653565;0.294545454545455;1.34987830414492;2.20240879058838;0.218181818181818;1.21575070917606;1.83052110671997;3;2.2745765457422;0.228198195766249;1.71172654303638;2.15484540552628;1.35604283402408;0.909766896672634;1.92216082881479;10;0.638825660653386;1.53356197597097;1.74309595126026;4.67909549225421;1.04036861858372;1.69209810934569;1.80010156255019;1.67802115259785;2.2512917986065;-1.30590201752881;-1.82512876391411;1.65822807660353;1.70474809223843;1.22960347216576;1.84129476547241;0.151023896541295;0.0339213102587128;458;12.9
"406";"biocom_50_cropped_164";"biocom";"50_cropped";164;2;0.258907657657658;0.212325596773127;"kept";"unimod";"google";0.520896311258664;0.728224256530937;-0.685338917762565;-0.755069;38.310264;16.1245154965971;2.98315349134713;0.7095;0.00690808711848519;0.00608502506408998;NA;NA;NA;NA;0.240621108757889;0.697257372739754;0.000287607067413202;1.54819447192105e-05;17;0.798822854873233;27.0909729644863;4.41263285565794;0.0730992709370174;0.00269828887404094;0.0165659082294346;0.348241352715418;4.44110721751951e-10;1.50155694139085;2.01737223540579;0.281021897810219;1.24476858973503;2.08794760704041;0.186131386861314;1.02798792032095;1.57826340198517;3.3166247903554;2.50504432151994;0.155785585668895;1.40176391287854;1.59753955386447;2.19479128386469;0.879036573055006;1.8936364253362;5;1.10512148064008;0.793192639325641;1.83035355011622;2.539291416276;2.00263305280971;1.7049299677213;1.96121019124985;2.27030575550499;3.19867311755068;-1.10896773920173;-1.57515561580658;1.50407739677627;1.50407739677627;0.925603485355775;1.08453795313835;0.29086894640852;0.0161336822041292;353;17
"407";"biocom_50_cropped_164";"biocom";"50_cropped";164;3;0.258907657657658;0.214044832374529;"kept";"unimod";"google";0.497904523963052;0.728224256530937;-0.685338917762565;-0.755069;38.310264;16.1245154965971;2.98315349134713;0.7095;0.00578803989534109;0.005;NA;NA;NA;NA;0.240621108757889;0.697257372739754;0.000287607067413202;1.54819447192105e-05;17;0.798822854873233;27.0909729644863;4.41263285565794;0.0730992709370174;0.00269828887404094;0.0165659082294346;0.348241352715418;4.44110721751951e-10;1.50155694139085;2.01737223540579;0.281021897810219;1.24476858973503;2.08794760704041;0.186131386861314;1.02798792032095;1.57826340198517;3.3166247903554;2.50504432151994;0.155785585668895;1.40176391287854;1.59753955386447;2.19479128386469;0.879036573055006;1.8936364253362;5;1.10512148064008;0.793192639325641;1.83035355011622;2.539291416276;2.00263305280971;1.7049299677213;1.96121019124985;2.27030575550499;3.19867311755068;-1.10896773920173;-1.57515561580658;1.50407739677627;1.50407739677627;0.925603485355775;1.08453795313835;0.29086894640852;0.0161336822041292;353;17
"408";"biocom_50_cropped_164";"biocom";"50_cropped";164;1;0.258907657657658;0.307434591901959;"kept";"unimod";"google";0.550490919719184;0.728224256530937;-0.685338917762565;-0.755069;38.310264;16.1245154965971;2.98315349134713;0.7095;0.00692171177475428;0.00603714807059499;NA;NA;NA;NA;0.240621108757889;0.697257372739754;0.000287607067413202;1.54819447192105e-05;17;0.798822854873233;27.0909729644863;4.41263285565794;0.0730992709370174;0.00269828887404094;0.0165659082294346;0.348241352715418;4.44110721751951e-10;1.50155694139085;2.01737223540579;0.281021897810219;1.24476858973503;2.08794760704041;0.186131386861314;1.02798792032095;1.57826340198517;3.3166247903554;2.50504432151994;0.155785585668895;1.40176391287854;1.59753955386447;2.19479128386469;0.879036573055006;1.8936364253362;5;1.10512148064008;0.793192639325641;1.83035355011622;2.539291416276;2.00263305280971;1.7049299677213;1.96121019124985;2.27030575550499;3.19867311755068;-1.10896773920173;-1.57515561580658;1.50407739677627;1.50407739677627;0.925603485355775;1.08453795313835;0.29086894640852;0.0161336822041292;353;17
"409";"biocom_50_cropped_165";"biocom";"50_cropped";165;2;0.419300505050505;0.43287037037037;"kept";"bimod";"google";0.439423095920185;-0.634304600409722;-0.773083225726094;-2.257905;39.038238;28.3901391331568;2.22462355152433;0.6435;0.0374903044248893;0.042531685603186;NA;NA;NA;NA;-0.095375814396949;-0.021431219873934;0.000126785030559024;-2.93244042444531e-06;23;0.745075933938599;23.4396508673571;5.14009071774418;0.0829331160630698;0.00353815492100889;0.0161345627182756;0.223108394763762;0.0524421862936497;1.40058169197548;1.58575169709492;0.385454545454545;1.28553529388933;1.89948797225952;0.138181818181818;1.1176277200381;1.57080376148224;3;3.06115557562045;-0.147211317430366;1.10238448299211;1.59753955386447;2.34987902526351;0.226952408298253;1.47048656059348;7;0.956962922530508;1.84335258382693;1.71565080285072;3.99120339078684;1.51138439516018;1.69468908650535;1.80720879918053;0.854024564824462;2.69462718077007;-1.20098386239462;-1.5437159538269;0;3.2188758248682;1.14398160232947;1.57080376148224;0.397125376084494;0.0196650447254705;423;13.6
"410";"biocom_50_cropped_165";"biocom";"50_cropped";165;1;0.419300505050505;0.393132716049383;"kept";"unimod";"google";0.397358721531532;-0.634304600409722;-0.773083225726094;-2.257905;39.038238;28.3901391331568;2.22462355152433;0.6435;0.0120811926954077;0.0119719273389805;NA;NA;NA;NA;-0.095375814396949;-0.021431219873934;0.000126785030559024;-2.93244042444531e-06;23;0.745075933938599;23.4396508673571;5.14009071774418;0.0829331160630698;0.00353815492100889;0.0161345627182756;0.223108394763762;0.0524421862936497;1.40058169197548;1.58575169709492;0.385454545454545;1.28553529388933;1.89948797225952;0.138181818181818;1.1176277200381;1.57080376148224;3;3.06115557562045;-0.147211317430366;1.10238448299211;1.59753955386447;2.34987902526351;0.226952408298253;1.47048656059348;7;0.956962922530508;1.84335258382693;1.71565080285072;3.99120339078684;1.51138439516018;1.69468908650535;1.80720879918053;0.854024564824462;2.69462718077007;-1.20098386239462;-1.5437159538269;0;3.2188758248682;1.14398160232947;1.57080376148224;0.397125376084494;0.0196650447254705;423;13.6
"411";"biocom_50_cropped_165";"biocom";"50_cropped";165;3;0.419300505050505;0.36076817558299;"kept";"unimod";"google";0.348684696843032;-0.634304600409722;-0.773083225726094;-2.257905;39.038238;28.3901391331568;2.22462355152433;0.6435;0.0126469998413017;0.012139794675023;NA;NA;NA;NA;-0.095375814396949;-0.021431219873934;0.000126785030559024;-2.93244042444531e-06;23;0.745075933938599;23.4396508673571;5.14009071774418;0.0829331160630698;0.00353815492100889;0.0161345627182756;0.223108394763762;0.0524421862936497;1.40058169197548;1.58575169709492;0.385454545454545;1.28553529388933;1.89948797225952;0.138181818181818;1.1176277200381;1.57080376148224;3;3.06115557562045;-0.147211317430366;1.10238448299211;1.59753955386447;2.34987902526351;0.226952408298253;1.47048656059348;7;0.956962922530508;1.84335258382693;1.71565080285072;3.99120339078684;1.51138439516018;1.69468908650535;1.80720879918053;0.854024564824462;2.69462718077007;-1.20098386239462;-1.5437159538269;0;3.2188758248682;1.14398160232947;1.57080376148224;0.397125376084494;0.0196650447254705;423;13.6
"430";"biocom_50_cropped_174";"biocom";"50_cropped";174;2;0.4425;0.440488758114148;"kept";"unimod";"google";0.2881511635735;0.33199460254737;-0.943281285661607;-1.232379;37.593066;8.71779788708135;1.65822807660353;0.7588;0.0262338202991677;0.013670110136688;NA;NA;NA;NA;-0.0307688292708388;-0.175531081998017;-0.000149487201604984;-7.08557768432774e-14;18;0.92104213159348;18.8513526517892;3.64008704139849;6.3394828972332e-10;3.36287958446923e-11;1.74157453520607e-10;-0.0234778848141924;0.00430634051054272;NA;NA;NA;NA;NA;NA;NA;NA;2.82842712474619;2.8850290927956;0.305486624093415;1.53528776817154;1.22865469807759;2.28782393620036;0.770936009098858;1.79594484619473;8;0.811109986114028;0.600677933437874;1.56038177990523;3.2798728979856;1.54344449531499;1.60108053684234;1.80279895805177;NA;NA;NA;NA;NA;NA;NA;NA;0.487425714744324;1.74421252036527e-10;294;17.8
"431";"biocom_50_cropped_174";"biocom";"50_cropped";174;1;0.4425;0.480964039442061;"kept";"bimod";"google";0.246845255982427;0.33199460254737;-0.943281285661607;-1.232379;37.593066;8.71779788708135;1.65822807660353;0.7588;0.0789864275868944;0.018446864734888;NA;NA;NA;NA;-0.0307688292708388;-0.175531081998017;-0.000149487201604984;-7.08557768432774e-14;18;0.92104213159348;18.8513526517892;3.64008704139849;6.3394828972332e-10;3.36287958446923e-11;1.74157453520607e-10;-0.0234778848141924;0.00430634051054272;NA;NA;NA;NA;NA;NA;NA;NA;2.82842712474619;2.8850290927956;0.305486624093415;1.53528776817154;1.22865469807759;2.28782393620036;0.770936009098858;1.79594484619473;8;0.811109986114028;0.600677933437874;1.56038177990523;3.2798728979856;1.54344449531499;1.60108053684234;1.80279895805177;NA;NA;NA;NA;NA;NA;NA;NA;0.487425714744324;1.74421252036527e-10;294;17.8
"432";"biocom_50_cropped_174";"biocom";"50_cropped";174;3;0.4425;0.551604860627569;"kept";"unimod";"google";0.295117979789541;0.33199460254737;-0.943281285661607;-1.232379;37.593066;8.71779788708135;1.65822807660353;0.7588;0.180268219222298;0.187223382937541;NA;NA;NA;NA;-0.0307688292708388;-0.175531081998017;-0.000149487201604984;-7.08557768432774e-14;18;0.92104213159348;18.8513526517892;3.64008704139849;6.3394828972332e-10;3.36287958446923e-11;1.74157453520607e-10;-0.0234778848141924;0.00430634051054272;NA;NA;NA;NA;NA;NA;NA;NA;2.82842712474619;2.8850290927956;0.305486624093415;1.53528776817154;1.22865469807759;2.28782393620036;0.770936009098858;1.79594484619473;8;0.811109986114028;0.600677933437874;1.56038177990523;3.2798728979856;1.54344449531499;1.60108053684234;1.80279895805177;NA;NA;NA;NA;NA;NA;NA;NA;0.487425714744324;1.74421252036527e-10;294;17.8
"439";"biocom_50_cropped_18";"biocom";"50_cropped";18;3;0.255083333333333;0.239609368960808;"kept";"unimod";"bing";0.717068908516291;0.288886887517241;0.957363236300935;-67.837306;-31.7189;25.219040425837;0.916290731874155;0.8855;0.0142545376922646;0.014042549126018;NA;NA;NA;NA;0.0468774829175274;0.299221357063404;3.21817911326356e-05;9.55634207626502e-06;2;0.674179904701954;12.6101297414688;3.58357326526717;0.0302732852091597;0.00240071163658253;0.00844779301781701;0.13592895290121;0.237504956702064;1.60846634262354;1.76172517152114;0.349090909090909;1.36287541264918;3.3114287853241;0.149090909090909;1.17645954002034;2.05758142471313;4.35889894354067;1.65112320522019;-0.00165118494514893;1.44547418268715;2.7592278695768;0.497997834943236;0.596307728313784;1.61925275127093;18;0.0372144848555545;2.84305198461698;2.09180888182977;3.99120339078684;0.529435196710094;2.03075957298279;2.34471482038498;2.30721275810963;1.94591014905531;-1.29710296835632;-2.21169952551524;1.94591014905531;1.29928298413026;0.773588289817174;1.51531223456065;0.679129922120034;0.00941728849294487;179;17.7
"440";"biocom_50_cropped_18";"biocom";"50_cropped";18;2;0.255083333333333;0.245690432631606;"kept";"unimod";"bing";0.665081048335842;0.288886887517241;0.957363236300935;-67.837306;-31.7189;25.219040425837;0.916290731874155;0.8855;0.010279228630094;0.00917122157189648;NA;NA;NA;NA;0.0468774829175274;0.299221357063404;3.21817911326356e-05;9.55634207626502e-06;2;0.674179904701954;12.6101297414688;3.58357326526717;0.0302732852091597;0.00240071163658253;0.00844779301781701;0.13592895290121;0.237504956702064;1.60846634262354;1.76172517152114;0.349090909090909;1.36287541264918;3.3114287853241;0.149090909090909;1.17645954002034;2.05758142471313;4.35889894354067;1.65112320522019;-0.00165118494514893;1.44547418268715;2.7592278695768;0.497997834943236;0.596307728313784;1.61925275127093;18;0.0372144848555545;2.84305198461698;2.09180888182977;3.99120339078684;0.529435196710094;2.03075957298279;2.34471482038498;2.30721275810963;1.94591014905531;-1.29710296835632;-2.21169952551524;1.94591014905531;1.29928298413026;0.773588289817174;1.51531223456065;0.679129922120034;0.00941728849294487;179;17.7
"441";"biocom_50_cropped_18";"biocom";"50_cropped";18;1;0.255083333333333;0.223195650493442;"kept";"unimod";"bing";0.658810169673373;0.288886887517241;0.957363236300935;-67.837306;-31.7189;25.219040425837;0.916290731874155;0.8855;0.0255712170702628;0.0256800131285211;NA;NA;NA;NA;0.0468774829175274;0.299221357063404;3.21817911326356e-05;9.55634207626502e-06;2;0.674179904701954;12.6101297414688;3.58357326526717;0.0302732852091597;0.00240071163658253;0.00844779301781701;0.13592895290121;0.237504956702064;1.60846634262354;1.76172517152114;0.349090909090909;1.36287541264918;3.3114287853241;0.149090909090909;1.17645954002034;2.05758142471313;4.35889894354067;1.65112320522019;-0.00165118494514893;1.44547418268715;2.7592278695768;0.497997834943236;0.596307728313784;1.61925275127093;18;0.0372144848555545;2.84305198461698;2.09180888182977;3.99120339078684;0.529435196710094;2.03075957298279;2.34471482038498;2.30721275810963;1.94591014905531;-1.29710296835632;-2.21169952551524;1.94591014905531;1.29928298413026;0.773588289817174;1.51531223456065;0.679129922120034;0.00941728849294487;179;17.7
"451";"biocom_50_cropped_191";"biocom";"50_cropped";191;3;0.349166666666667;0.286781677572873;"kept";"unimod";"bing";0.454235543781226;-0.95734731966181;-0.288939629570517;9.717897;34.956452;21.142374511866;2.94443897916644;0.8317;0.0162376307544569;0.0150090831398205;NA;NA;NA;NA;0.113703056305948;-0.22826420890937;8.00711064776845e-05;-3.30476639404456e-06;8;0.872363858221492;15.7950138366474;4.28097151169795;0.0349081660644238;0.00221007505440927;0.00815426264085981;-0.130342411639949;9.53599963629887e-07;1.27951622525004;1.74422502750241;0.309090909090909;1.24143003019286;1.98318648338318;0.167272727272727;1.04802983999252;1.07631289958954;3;2.5773267400265;0.000536887246681439;1.3314738723467;1.89864830730607;1.44989947440567;0.313256986502536;1.42589050845096;9;0.677734592174299;1.22044732035657;1.71294064433486;3.99120339078684;1.34639362094519;1.70648918747902;1.85733510255814;3.0173561679217;2.32238772029023;-1.22292275941088;-1.66537625789642;2.13162729485041;1.6376087894008;1.01355554966632;1.29907408782414;0.716220964261611;0.00796717738451601;233;17.4
"452";"biocom_50_cropped_191";"biocom";"50_cropped";191;1;0.349166666666667;0.417703747769185;"kept";"unimod";"bing";0.533186087667245;-0.95734731966181;-0.288939629570517;9.717897;34.956452;21.142374511866;2.94443897916644;0.8317;0.0235991408612046;0.022866180918082;NA;NA;NA;NA;0.113703056305948;-0.22826420890937;8.00711064776845e-05;-3.30476639404456e-06;8;0.872363858221492;15.7950138366474;4.28097151169795;0.0349081660644238;0.00221007505440927;0.00815426264085981;-0.130342411639949;9.53599963629887e-07;1.27951622525004;1.74422502750241;0.309090909090909;1.24143003019286;1.98318648338318;0.167272727272727;1.04802983999252;1.07631289958954;3;2.5773267400265;0.000536887246681439;1.3314738723467;1.89864830730607;1.44989947440567;0.313256986502536;1.42589050845096;9;0.677734592174299;1.22044732035657;1.71294064433486;3.99120339078684;1.34639362094519;1.70648918747902;1.85733510255814;3.0173561679217;2.32238772029023;-1.22292275941088;-1.66537625789642;2.13162729485041;1.6376087894008;1.01355554966632;1.29907408782414;0.716220964261611;0.00796717738451601;233;17.4
"453";"biocom_50_cropped_191";"biocom";"50_cropped";191;2;0.349166666666667;0.384080904223676;"kept";"bimod";"bing";0.439159079583821;-0.95734731966181;-0.288939629570517;9.717897;34.956452;21.142374511866;2.94443897916644;0.8317;0.0344223340576267;0.036869786852903;NA;NA;NA;NA;0.113703056305948;-0.22826420890937;8.00711064776845e-05;-3.30476639404456e-06;8;0.872363858221492;15.7950138366474;4.28097151169795;0.0349081660644238;0.00221007505440927;0.00815426264085981;-0.130342411639949;9.53599963629887e-07;1.27951622525004;1.74422502750241;0.309090909090909;1.24143003019286;1.98318648338318;0.167272727272727;1.04802983999252;1.07631289958954;3;2.5773267400265;0.000536887246681439;1.3314738723467;1.89864830730607;1.44989947440567;0.313256986502536;1.42589050845096;9;0.677734592174299;1.22044732035657;1.71294064433486;3.99120339078684;1.34639362094519;1.70648918747902;1.85733510255814;3.0173561679217;2.32238772029023;-1.22292275941088;-1.66537625789642;2.13162729485041;1.6376087894008;1.01355554966632;1.29907408782414;0.716220964261611;0.00796717738451601;233;17.4
"457";"biocom_50_cropped_198";"biocom";"50_cropped";198;2;0.237333333333333;0.242919173885252;"kept";"unimod";"bing";0.236579367289702;-0.970022031500007;-0.243016992007964;-109.710268;38.173514;39.255572852781;1.38629436111989;0.814;0.0335722938524625;0.033934288104508;NA;NA;NA;NA;-0.271825838232957;0.0388050214524074;-0.00066990928872094;4.98985868761697e-07;10;0.900754456675421;75.3451210860088;14.0023637862017;0.0386972462456968;0.000513599894564144;0.00276362240237109;0.0429701793407901;4.59054841033093e-34;1.67350068621669;2.03649664726631;0.334545454545455;1.27177482059127;2.63194608688354;0.101818181818182;0.99872389766905;1.79350292682648;3.16227766016838;2.42095029540752;-0.158524012173109;1.28305040851787;1.59753955386447;1.70369234172951;0.300941630920807;1.64512791131672;8;0.859235187165959;1.63395561295964;1.94253098747947;3.2798728979856;1.6119454329976;1.79901406981728;2.04518488320437;1.59753955386447;2.50552593699074;-1.14131964477619;-1.74677386879921;2.9704144655697;1.79175946922805;1.05236157987799;1.61637854576111;0.341980949335125;0.00349561810131665;244;11.6
"458";"biocom_50_cropped_198";"biocom";"50_cropped";198;3;0.237333333333333;0.237034098172761;"kept";"unimod";"bing";0.245383576188433;-0.970022031500007;-0.243016992007964;-109.710268;38.173514;39.255572852781;1.38629436111989;0.814;0.0306845629854204;0.0307943766582905;NA;NA;NA;NA;-0.271825838232957;0.0388050214524074;-0.00066990928872094;4.98985868761697e-07;10;0.900754456675421;75.3451210860088;14.0023637862017;0.0386972462456968;0.000513599894564144;0.00276362240237109;0.0429701793407901;4.59054841033093e-34;1.67350068621669;2.03649664726631;0.334545454545455;1.27177482059127;2.63194608688354;0.101818181818182;0.99872389766905;1.79350292682648;3.16227766016838;2.42095029540752;-0.158524012173109;1.28305040851787;1.59753955386447;1.70369234172951;0.300941630920807;1.64512791131672;8;0.859235187165959;1.63395561295964;1.94253098747947;3.2798728979856;1.6119454329976;1.79901406981728;2.04518488320437;1.59753955386447;2.50552593699074;-1.14131964477619;-1.74677386879921;2.9704144655697;1.79175946922805;1.05236157987799;1.61637854576111;0.341980949335125;0.00349561810131665;244;11.6
"459";"biocom_50_cropped_198";"biocom";"50_cropped";198;1;0.237333333333333;0.223125922987062;"kept";"unimod";"bing";0.198924561166964;-0.970022031500007;-0.243016992007964;-109.710268;38.173514;39.255572852781;1.38629436111989;0.814;0.0503791529471552;0.0497768363312804;NA;NA;NA;NA;-0.271825838232957;0.0388050214524074;-0.00066990928872094;4.98985868761697e-07;10;0.900754456675421;75.3451210860088;14.0023637862017;0.0386972462456968;0.000513599894564144;0.00276362240237109;0.0429701793407901;4.59054841033093e-34;1.67350068621669;2.03649664726631;0.334545454545455;1.27177482059127;2.63194608688354;0.101818181818182;0.99872389766905;1.79350292682648;3.16227766016838;2.42095029540752;-0.158524012173109;1.28305040851787;1.59753955386447;1.70369234172951;0.300941630920807;1.64512791131672;8;0.859235187165959;1.63395561295964;1.94253098747947;3.2798728979856;1.6119454329976;1.79901406981728;2.04518488320437;1.59753955386447;2.50552593699074;-1.14131964477619;-1.74677386879921;2.9704144655697;1.79175946922805;1.05236157987799;1.61637854576111;0.341980949335125;0.00349561810131665;244;11.6
"463";"biocom_50_cropped_2";"biocom";"50_cropped";2;2;0.1998875;0.215508053650787;"kept";"unimod";"bing";0.337155410755607;0.258925602504871;-0.965897268019477;-70.423925;-41.23785;32.6649659421222;0.470003629245736;0.6269;0.0191615313017462;0.01944663107283;NA;NA;NA;NA;0.000752158482970496;0.26824514010276;-3.11304372886541e-05;8.54128131324689e-06;6;0.826671579600296;39.1223999779302;4.70490883256607;0.0311228711585877;0.000795525611315891;0.00661497858219141;-0.255613415377679;0.593323855845231;1.36646948695646;1.37469477094707;0.218181818181818;1.27227445869219;2.10502338409424;0.214545454545455;0.883812680840492;1.13344514369965;3.46410161513775;1.84763096492475;0.170827376128556;1.43080855753957;2.37886580797276;1.20228781727558;0.48368509242826;1.60935321450233;13;0.550654815036277;0.711945157710754;1.5463327590157;2.539291416276;1.69635757290352;1.6467653092216;1.89551007046419;1.51292771174338;1.92789164355263;-1.10194523131645;-1.4663790166378;1.48160454092422;1.52605630349505;0.89916498872141;1.34153720140457;0.1192869255347;0.0069123262638979;375;7.9
"464";"biocom_50_cropped_2";"biocom";"50_cropped";2;1;0.1998875;0.218162440427115;"kept";"bimod";"bing";0.329479852783147;0.258925602504871;-0.965897268019477;-70.423925;-41.23785;32.6649659421222;0.470003629245736;0.6269;0.0194475812719774;0.0192073796151091;NA;NA;NA;NA;0.000752158482970496;0.26824514010276;-3.11304372886541e-05;8.54128131324689e-06;6;0.826671579600296;39.1223999779302;4.70490883256607;0.0311228711585877;0.000795525611315891;0.00661497858219141;-0.255613415377679;0.593323855845231;1.36646948695646;1.37469477094707;0.218181818181818;1.27227445869219;2.10502338409424;0.214545454545455;0.883812680840492;1.13344514369965;3.46410161513775;1.84763096492475;0.170827376128556;1.43080855753957;2.37886580797276;1.20228781727558;0.48368509242826;1.60935321450233;13;0.550654815036277;0.711945157710754;1.5463327590157;2.539291416276;1.69635757290352;1.6467653092216;1.89551007046419;1.51292771174338;1.92789164355263;-1.10194523131645;-1.4663790166378;1.48160454092422;1.52605630349505;0.89916498872141;1.34153720140457;0.1192869255347;0.0069123262638979;375;7.9
"465";"biocom_50_cropped_2";"biocom";"50_cropped";2;3;0.1998875;0.241026362886847;"kept";"unimod";"bing";0.241525916158039;0.258925602504871;-0.965897268019477;-70.423925;-41.23785;32.6649659421222;0.470003629245736;0.6269;0.039236203871044;0.0395653629036485;NA;NA;NA;NA;0.000752158482970496;0.26824514010276;-3.11304372886541e-05;8.54128131324689e-06;6;0.826671579600296;39.1223999779302;4.70490883256607;0.0311228711585877;0.000795525611315891;0.00661497858219141;-0.255613415377679;0.593323855845231;1.36646948695646;1.37469477094707;0.218181818181818;1.27227445869219;2.10502338409424;0.214545454545455;0.883812680840492;1.13344514369965;3.46410161513775;1.84763096492475;0.170827376128556;1.43080855753957;2.37886580797276;1.20228781727558;0.48368509242826;1.60935321450233;13;0.550654815036277;0.711945157710754;1.5463327590157;2.539291416276;1.69635757290352;1.6467653092216;1.89551007046419;1.51292771174338;1.92789164355263;-1.10194523131645;-1.4663790166378;1.48160454092422;1.52605630349505;0.89916498872141;1.34153720140457;0.1192869255347;0.0069123262638979;375;7.9
"469";"biocom_50_cropped_200";"biocom";"50_cropped";200;2;0.211583333333333;0.209954648526077;"kept";"unimod";"bing";0.431609768319457;0.169483730571193;0.985532985278358;-111.696845;37.086092;36.5239647354993;1.94591014905531;0.8978;0.008897103445438;0.009226583145268;NA;NA;NA;NA;0.501583770326818;0.410392499602733;0.000595025245364069;1.85499549022649e-06;9;0.799144081814008;51.0340112131197;13.1769552618027;0.0249043136421383;0.000487994438417492;0.00188998999748681;0.107603394457791;1.30702936029636e-72;1.62132657715464;2.57703650667447;0.341818181818182;1.23455319475772;2.34636664390564;0.156363636363636;1.15235309004784;1.44214057922363;2.82842712474619;2.39000830096078;0.0676933106141747;1.50713946455616;1.89864830730607;1.6477097885646;0.678334864607579;1.84943894963516;13;0.666532765753445;1.59616071701505;1.85461395641543;3.99120339078684;1.55374737762597;1.8676126457396;2.2456727709089;1.85203154752966;2.2512917986065;-1.20508670797101;-1.74399834871292;1.94591014905531;1.79175946922805;1.09591225142832;1.52487111091614;0.534818321996132;0.00274600874874602;140;13.9
"470";"biocom_50_cropped_200";"biocom";"50_cropped";200;1;0.211583333333333;0.19968253968254;"kept";"unimod";"bing";0.413094958910683;0.169483730571193;0.985532985278358;-111.696845;37.086092;36.5239647354993;1.94591014905531;0.8978;0.0203351667823303;0.0217985522913735;NA;NA;NA;NA;0.501583770326818;0.410392499602733;0.000595025245364069;1.85499549022649e-06;9;0.799144081814008;51.0340112131197;13.1769552618027;0.0249043136421383;0.000487994438417492;0.00188998999748681;0.107603394457791;1.30702936029636e-72;1.62132657715464;2.57703650667447;0.341818181818182;1.23455319475772;2.34636664390564;0.156363636363636;1.15235309004784;1.44214057922363;2.82842712474619;2.39000830096078;0.0676933106141747;1.50713946455616;1.89864830730607;1.6477097885646;0.678334864607579;1.84943894963516;13;0.666532765753445;1.59616071701505;1.85461395641543;3.99120339078684;1.55374737762597;1.8676126457396;2.2456727709089;1.85203154752966;2.2512917986065;-1.20508670797101;-1.74399834871292;1.94591014905531;1.79175946922805;1.09591225142832;1.52487111091614;0.534818321996132;0.00274600874874602;140;13.9
"471";"biocom_50_cropped_200";"biocom";"50_cropped";200;3;0.211583333333333;0.202789115646259;"kept";"bimod";"bing";0.436146058170796;0.169483730571193;0.985532985278358;-111.696845;37.086092;36.5239647354993;1.94591014905531;0.8978;0.0201117396941345;0.0226661615816985;NA;NA;NA;NA;0.501583770326818;0.410392499602733;0.000595025245364069;1.85499549022649e-06;9;0.799144081814008;51.0340112131197;13.1769552618027;0.0249043136421383;0.000487994438417492;0.00188998999748681;0.107603394457791;1.30702936029636e-72;1.62132657715464;2.57703650667447;0.341818181818182;1.23455319475772;2.34636664390564;0.156363636363636;1.15235309004784;1.44214057922363;2.82842712474619;2.39000830096078;0.0676933106141747;1.50713946455616;1.89864830730607;1.6477097885646;0.678334864607579;1.84943894963516;13;0.666532765753445;1.59616071701505;1.85461395641543;3.99120339078684;1.55374737762597;1.8676126457396;2.2456727709089;1.85203154752966;2.2512917986065;-1.20508670797101;-1.74399834871292;1.94591014905531;1.79175946922805;1.09591225142832;1.52487111091614;0.534818321996132;0.00274600874874602;140;13.9
"472";"biocom_50_cropped_202";"biocom";"50_cropped";202;3;0.329416666666667;0.260946956212175;"kept";"unimod";"bing";0.701720910663191;-0.212341227443739;0.977195580796233;-111.312569;37.851573;41.2674205639267;1.38629436111989;0.8334;0.00913368879941857;0.007538715110331;NA;NA;NA;NA;0.292928650881932;0.620721436516765;0.000141561269559115;1.56772892467177e-05;11;0.829526196310728;27.3207239982574;7.92876255210679;0.0556840126183205;0.00203816021207462;0.00702303950362651;0.241896386432654;8.93702769149887e-11;1.73214810406875;2.2830326257407;0.338181818181818;1.28071045514309;2.09185981750488;0.101818181818182;1.14572592973709;1.4268034696579;3;2.59821766849423;-0.134462938720154;1.30797499152166;1.89864830730607;1.60143256683063;0.270787515349355;1.47717868198048;7;0.88777288880161;1.99829632659331;1.9599223093553;2.539291416276;1.62853401270951;1.83663161941197;2.05721422382023;2.2542563588325;2.24374459297111;-1.08763503782055;-1.36056305680956;0.916290731874155;1.50407739677627;1.07719702819983;1.48913979530334;-0.0575788170685779;0.0124028913462553;205;10.7
"473";"biocom_50_cropped_202";"biocom";"50_cropped";202;1;0.329416666666667;0.299016553933784;"kept";"unimod";"bing";0.855143968090031;-0.212341227443739;0.977195580796233;-111.312569;37.851573;41.2674205639267;1.38629436111989;0.8334;0.0059846623055679;0.005;NA;NA;NA;NA;0.292928650881932;0.620721436516765;0.000141561269559115;1.56772892467177e-05;11;0.829526196310728;27.3207239982574;7.92876255210679;0.0556840126183205;0.00203816021207462;0.00702303950362651;0.241896386432654;8.93702769149887e-11;1.73214810406875;2.2830326257407;0.338181818181818;1.28071045514309;2.09185981750488;0.101818181818182;1.14572592973709;1.4268034696579;3;2.59821766849423;-0.134462938720154;1.30797499152166;1.89864830730607;1.60143256683063;0.270787515349355;1.47717868198048;7;0.88777288880161;1.99829632659331;1.9599223093553;2.539291416276;1.62853401270951;1.83663161941197;2.05721422382023;2.2542563588325;2.24374459297111;-1.08763503782055;-1.36056305680956;0.916290731874155;1.50407739677627;1.07719702819983;1.48913979530334;-0.0575788170685779;0.0124028913462553;205;10.7
"474";"biocom_50_cropped_202";"biocom";"50_cropped";202;2;0.329416666666667;0.250867746529014;"kept";"unimod";"bing";0.810308876350924;-0.212341227443739;0.977195580796233;-111.312569;37.851573;41.2674205639267;1.38629436111989;0.8334;0.0086093023125849;0.00805177216627301;NA;NA;NA;NA;0.292928650881932;0.620721436516765;0.000141561269559115;1.56772892467177e-05;11;0.829526196310728;27.3207239982574;7.92876255210679;0.0556840126183205;0.00203816021207462;0.00702303950362651;0.241896386432654;8.93702769149887e-11;1.73214810406875;2.2830326257407;0.338181818181818;1.28071045514309;2.09185981750488;0.101818181818182;1.14572592973709;1.4268034696579;3;2.59821766849423;-0.134462938720154;1.30797499152166;1.89864830730607;1.60143256683063;0.270787515349355;1.47717868198048;7;0.88777288880161;1.99829632659331;1.9599223093553;2.539291416276;1.62853401270951;1.83663161941197;2.05721422382023;2.2542563588325;2.24374459297111;-1.08763503782055;-1.36056305680956;0.916290731874155;1.50407739677627;1.07719702819983;1.48913979530334;-0.0575788170685779;0.0124028913462553;205;10.7
"475";"biocom_50_cropped_203";"biocom";"50_cropped";203;3;0.225666666666667;0.216908874463736;"kept";"bimod";"bing";0.467311759636796;0.475146744969384;0.879906569327107;-112.02167;37.507278;41.5210789840534;1.6094379124341;0.7972;0.010733829776673;0.009052632472688;NA;NA;NA;NA;0.26201599660999;0.359902537210657;0.000494977857175328;6.08195808405295e-06;4;0.873671057137659;70.6089405152867;10.8619950250301;0.0446722451218144;0.000632671228258169;0.00411271088035602;0.237111391098408;4.81469675281624e-37;1.59808797737173;3.05518241507381;0.32;1.28437334895134;2.55506801605225;0.149090909090909;1.18404576844639;2.24630284309387;3.46410161513775;1.86763115247949;0.104229429585761;1.63461046169202;2.15484540552628;1.26993561839401;0.715811627300849;1.95259098874198;15;0.590447274741834;1.87522948695887;1.92132970746958;3.2798728979856;1.29892827512847;1.92619919776917;2.16404437273741;1.55577961795281;1.83258146374831;-1.11650192075999;-1.68592318892479;0;2.07944154167984;1.62393540475104;2.71031427383423;0.333051482061476;0.00642064766956623;257;10.3
"476";"biocom_50_cropped_203";"biocom";"50_cropped";203;1;0.225666666666667;0.136362615394982;"kept";"unimod";"bing";0.625258399957208;0.475146744969384;0.879906569327107;-112.02167;37.507278;41.5210789840534;1.6094379124341;0.7972;0.00614434471380077;0.005;NA;NA;NA;NA;0.26201599660999;0.359902537210657;0.000494977857175328;6.08195808405295e-06;4;0.873671057137659;70.6089405152867;10.8619950250301;0.0446722451218144;0.000632671228258169;0.00411271088035602;0.237111391098408;4.81469675281624e-37;1.59808797737173;3.05518241507381;0.32;1.28437334895134;2.55506801605225;0.149090909090909;1.18404576844639;2.24630284309387;3.46410161513775;1.86763115247949;0.104229429585761;1.63461046169202;2.15484540552628;1.26993561839401;0.715811627300849;1.95259098874198;15;0.590447274741834;1.87522948695887;1.92132970746958;3.2798728979856;1.29892827512847;1.92619919776917;2.16404437273741;1.55577961795281;1.83258146374831;-1.11650192075999;-1.68592318892479;0;2.07944154167984;1.62393540475104;2.71031427383423;0.333051482061476;0.00642064766956623;257;10.3
"477";"biocom_50_cropped_203";"biocom";"50_cropped";203;2;0.225666666666667;0.19525617124503;"kept";"unimod";"bing";0.655599884999717;0.475146744969384;0.879906569327107;-112.02167;37.507278;41.5210789840534;1.6094379124341;0.7972;0.00697865271357377;0.00596562910049003;NA;NA;NA;NA;0.26201599660999;0.359902537210657;0.000494977857175328;6.08195808405295e-06;4;0.873671057137659;70.6089405152867;10.8619950250301;0.0446722451218144;0.000632671228258169;0.00411271088035602;0.237111391098408;4.81469675281624e-37;1.59808797737173;3.05518241507381;0.32;1.28437334895134;2.55506801605225;0.149090909090909;1.18404576844639;2.24630284309387;3.46410161513775;1.86763115247949;0.104229429585761;1.63461046169202;2.15484540552628;1.26993561839401;0.715811627300849;1.95259098874198;15;0.590447274741834;1.87522948695887;1.92132970746958;3.2798728979856;1.29892827512847;1.92619919776917;2.16404437273741;1.55577961795281;1.83258146374831;-1.11650192075999;-1.68592318892479;0;2.07944154167984;1.62393540475104;2.71031427383423;0.333051482061476;0.00642064766956623;257;10.3
"481";"biocom_50_cropped_206";"biocom";"50_cropped";206;1;0.28325;0.316934136123257;"kept";"unimod";"google";0.19198958879579;0.324317175549068;0.945948396924417;-111.856829;36.685466;38.4837628097877;1.09861228866811;0.863;0.074759180570984;0.075357576312224;NA;NA;NA;NA;0.40365485460035;-0.00240478838921553;0.000506065193940828;1.00306623897008e-06;8;0.672540548180061;65.6787577336135;12.2231091760748;0.027622509276965;0.000420569910731246;0.00225985949066319;0.137872309540937;6.76770273459498e-53;1.56705366339357;2.25021278871943;0.345454545454545;1.28994430601597;2.77259087562561;0.141818181818182;0.994936732145456;1.41049683094025;2.82842712474619;2.43808477524939;0.00687262684620138;1.49249955497939;2.15484540552628;1.64041197922063;0.620602439188148;1.82139481197704;12;0.588147871948108;1.54867894810031;1.73088744574902;2.539291416276;1.5644585487457;1.89808865154491;2.24720518028035;1.8587690546986;2.14843441316679;-1.23467052839289;-1.66968430791582;1.6094379124341;1.94591014905531;1.17226144485176;1.74193161725998;0.490418756955697;0.00243263310189478;184;12.7
"482";"biocom_50_cropped_206";"biocom";"50_cropped";206;3;0.28325;0.305258579244981;"kept";"unimod";"google";0.234933672747998;0.324317175549068;0.945948396924417;-111.856829;36.685466;38.4837628097877;1.09861228866811;0.863;0.0605268771623161;0.060786453348749;NA;NA;NA;NA;0.40365485460035;-0.00240478838921553;0.000506065193940828;1.00306623897008e-06;8;0.672540548180061;65.6787577336135;12.2231091760748;0.027622509276965;0.000420569910731246;0.00225985949066319;0.137872309540937;6.76770273459498e-53;1.56705366339357;2.25021278871943;0.345454545454545;1.28994430601597;2.77259087562561;0.141818181818182;0.994936732145456;1.41049683094025;2.82842712474619;2.43808477524939;0.00687262684620138;1.49249955497939;2.15484540552628;1.64041197922063;0.620602439188148;1.82139481197704;12;0.588147871948108;1.54867894810031;1.73088744574902;2.539291416276;1.5644585487457;1.89808865154491;2.24720518028035;1.8587690546986;2.14843441316679;-1.23467052839289;-1.66968430791582;1.6094379124341;1.94591014905531;1.17226144485176;1.74193161725998;0.490418756955697;0.00243263310189478;184;12.7
"483";"biocom_50_cropped_206";"biocom";"50_cropped";206;2;0.28325;0.30990590874751;"kept";"unimod";"google";0.201439730744252;0.324317175549068;0.945948396924417;-111.856829;36.685466;38.4837628097877;1.09861228866811;0.863;0.0702150567711732;0.0705307274735339;NA;NA;NA;NA;0.40365485460035;-0.00240478838921553;0.000506065193940828;1.00306623897008e-06;8;0.672540548180061;65.6787577336135;12.2231091760748;0.027622509276965;0.000420569910731246;0.00225985949066319;0.137872309540937;6.76770273459498e-53;1.56705366339357;2.25021278871943;0.345454545454545;1.28994430601597;2.77259087562561;0.141818181818182;0.994936732145456;1.41049683094025;2.82842712474619;2.43808477524939;0.00687262684620138;1.49249955497939;2.15484540552628;1.64041197922063;0.620602439188148;1.82139481197704;12;0.588147871948108;1.54867894810031;1.73088744574902;2.539291416276;1.5644585487457;1.89808865154491;2.24720518028035;1.8587690546986;2.14843441316679;-1.23467052839289;-1.66968430791582;1.6094379124341;1.94591014905531;1.17226144485176;1.74193161725998;0.490418756955697;0.00243263310189478;184;12.7
"484";"biocom_50_cropped_208";"biocom";"50_cropped";208;2;0.09675;0.179386610347949;"kept";"unimod";"bing";0.735630468795826;-0.909383753717806;-0.415958157119334;-115.809932;33.747762;31.0966236109324;0.693147180559945;0.8765;0.0101978319071207;0.00998787612934954;NA;NA;NA;NA;0.115164998146088;0.0396525239684305;5.04224776962462e-05;-2.66104990717843e-07;6;0.822595663035781;17.3818027208325;4.06209252697991;0.027859573861347;0.00160280117711592;0.00685842916583194;-0.0338217288594042;0.123588285369386;1.17905262081122;1.46591469237489;0.32;1.25714719456595;3.60894680023193;0.152727272727273;1.09138758365925;1.30577182769775;3.3166247903554;2.15455277523202;0.0442817491144706;1.36573913527859;1.89864830730607;1.46744722174132;0.527684730551099;1.6821506023407;12;0.519440271062415;0.959617773880883;1.8058947622776;3.99120339078684;0.986292191198846;1.75915056069692;2.0609350045522;3.21875914758613;2.11021320034659;-0.972392726157393;-1.45837408304214;1.09861228866811;1.70474809223843;1.05698010047058;1.40896400809288;0.76885562001817;0.00578918097711331;193;17.9
"485";"biocom_50_cropped_208";"biocom";"50_cropped";208;3;0.09675;0.17242271056407;"kept";"unimod";"bing";0.742064922865813;-0.909383753717806;-0.415958157119334;-115.809932;33.747762;31.0966236109324;0.693147180559945;0.8765;0.00972602093546778;0.00938200222408803;NA;NA;NA;NA;0.115164998146088;0.0396525239684305;5.04224776962462e-05;-2.66104990717843e-07;6;0.822595663035781;17.3818027208325;4.06209252697991;0.027859573861347;0.00160280117711592;0.00685842916583194;-0.0338217288594042;0.123588285369386;1.17905262081122;1.46591469237489;0.32;1.25714719456595;3.60894680023193;0.152727272727273;1.09138758365925;1.30577182769775;3.3166247903554;2.15455277523202;0.0442817491144706;1.36573913527859;1.89864830730607;1.46744722174132;0.527684730551099;1.6821506023407;12;0.519440271062415;0.959617773880883;1.8058947622776;3.99120339078684;0.986292191198846;1.75915056069692;2.0609350045522;3.21875914758613;2.11021320034659;-0.972392726157393;-1.45837408304214;1.09861228866811;1.70474809223843;1.05698010047058;1.40896400809288;0.76885562001817;0.00578918097711331;193;17.9
"486";"biocom_50_cropped_208";"biocom";"50_cropped";208;1;0.09675;0.156001206829671;"kept";"unimod";"bing";0.734306065013729;-0.909383753717806;-0.415958157119334;-115.809932;33.747762;31.0966236109324;0.693147180559945;0.8765;0.00650564826424738;0.00557416391412502;NA;NA;NA;NA;0.115164998146088;0.0396525239684305;5.04224776962462e-05;-2.66104990717843e-07;6;0.822595663035781;17.3818027208325;4.06209252697991;0.027859573861347;0.00160280117711592;0.00685842916583194;-0.0338217288594042;0.123588285369386;1.17905262081122;1.46591469237489;0.32;1.25714719456595;3.60894680023193;0.152727272727273;1.09138758365925;1.30577182769775;3.3166247903554;2.15455277523202;0.0442817491144706;1.36573913527859;1.89864830730607;1.46744722174132;0.527684730551099;1.6821506023407;12;0.519440271062415;0.959617773880883;1.8058947622776;3.99120339078684;0.986292191198846;1.75915056069692;2.0609350045522;3.21875914758613;2.11021320034659;-0.972392726157393;-1.45837408304214;1.09861228866811;1.70474809223843;1.05698010047058;1.40896400809288;0.76885562001817;0.00578918097711331;193;17.9
"487";"biocom_50_cropped_21";"biocom";"50_cropped";21;1;0.245;0.259676284306826;"kept";"bimod";"bing";0.779748442566493;-0.444652928350857;-0.895702949257737;142.481679;-34.24777;8.30662386291807;0.405465108108164;0.7859;0.00589004028308141;0.005;NA;NA;NA;NA;0.051708247258859;0.232141532920176;1.47583202040708e-05;3.75856004718902e-06;24;0.924000945567989;37.3826333681872;4.33788603049837;0.140068449963148;0.00374688558143008;0.0322895643127478;0.0121106642156517;0.780872157108544;1.61111350261482;1.30497194760285;0.407272727272727;1.29645577924592;2.48960280418396;0.181818181818182;0.849082012971242;0.855855584144592;1.73205080756888;3.75947461498078;0.199481699516741;1.66659109042241;0.743491774985175;2.69405464533705;1.36700219567016;2.23455841064453;8;1.00460237371968;1.7593647808525;1.9429445102297;2.539291416276;2.0141029057322;1.83230071763198;2.23098130524158;2.27030575550499;2.9531726591352;-1.10360038303631;-1.44290549556414;NA;NA;NA;NA;0.25366512207742;0.0158590237435835;312;17
"488";"biocom_50_cropped_21";"biocom";"50_cropped";21;3;0.245;0.282656701206047;"kept";"bimod";"bing";0.741578966103825;-0.444652928350857;-0.895702949257737;142.481679;-34.24777;8.30662386291807;0.405465108108164;0.7859;0.00550758746990108;0.005;NA;NA;NA;NA;0.051708247258859;0.232141532920176;1.47583202040708e-05;3.75856004718902e-06;24;0.924000945567989;37.3826333681872;4.33788603049837;0.140068449963148;0.00374688558143008;0.0322895643127478;0.0121106642156517;0.780872157108544;1.61111350261482;1.30497194760285;0.407272727272727;1.29645577924592;2.48960280418396;0.181818181818182;0.849082012971242;0.855855584144592;1.73205080756888;3.75947461498078;0.199481699516741;1.66659109042241;0.743491774985175;2.69405464533705;1.36700219567016;2.23455841064453;8;1.00460237371968;1.7593647808525;1.9429445102297;2.539291416276;2.0141029057322;1.83230071763198;2.23098130524158;2.27030575550499;2.9531726591352;-1.10360038303631;-1.44290549556414;NA;NA;NA;NA;0.25366512207742;0.0158590237435835;312;17
"489";"biocom_50_cropped_21";"biocom";"50_cropped";21;2;0.245;0.230629231478561;"kept";"bimod";"bing";0.759700454624885;-0.444652928350857;-0.895702949257737;142.481679;-34.24777;8.30662386291807;0.405465108108164;0.7859;0.00552181598726157;0.005;NA;NA;NA;NA;0.051708247258859;0.232141532920176;1.47583202040708e-05;3.75856004718902e-06;24;0.924000945567989;37.3826333681872;4.33788603049837;0.140068449963148;0.00374688558143008;0.0322895643127478;0.0121106642156517;0.780872157108544;1.61111350261482;1.30497194760285;0.407272727272727;1.29645577924592;2.48960280418396;0.181818181818182;0.849082012971242;0.855855584144592;1.73205080756888;3.75947461498078;0.199481699516741;1.66659109042241;0.743491774985175;2.69405464533705;1.36700219567016;2.23455841064453;8;1.00460237371968;1.7593647808525;1.9429445102297;2.539291416276;2.0141029057322;1.83230071763198;2.23098130524158;2.27030575550499;2.9531726591352;-1.10360038303631;-1.44290549556414;NA;NA;NA;NA;0.25366512207742;0.0158590237435835;312;17
"490";"biocom_50_cropped_211";"biocom";"50_cropped";211;1;0.26125;0.240251463896705;"kept";"unimod";"bing";0.70170756904507;-0.910160419263145;-0.414255973048954;-115.811803;33.750666;31.0805405358401;0.916290731874155;0.8734;0.0210909981837684;0.0207350499177085;NA;NA;NA;NA;0.197139679008422;0.0430001589067217;0.000336053286065048;3.19573829263749e-07;7;0.833262001895007;16.6309145460346;4.2253793396192;0.020835653993178;0.00125282671229562;0.00493107300398163;-0.00480225375814657;1.33962417818323e-13;1.85084307764208;2.41409978132731;0.316363636363636;1.26806033598749;2.76748156547546;0.145454545454545;1.0308819770813;1.27538120746613;3.16227766016838;2.18548394251865;-0.00477891292552568;1.30527462092313;2.15484540552628;1.48660077479215;0.514030684638491;1.59974119067192;12;0.561100870426855;1.35773112316095;1.96232976232256;3.99120339078684;1.28424102091192;1.87501458560719;2.59460655380698;2.43814142498495;2.04307389750896;-1.04861600626336;-1.53736318860735;1.29928298413026;1.84582669049833;1.07604532453239;1.34968018531799;0.484505316130192;0.00487244283900728;197;17.7
"491";"biocom_50_cropped_211";"biocom";"50_cropped";211;2;0.26125;0.228466402723987;"kept";"unimod";"bing";0.713878307410706;-0.910160419263145;-0.414255973048954;-115.811803;33.750666;31.0805405358401;0.916290731874155;0.8734;0.0136556934791101;0.0133357690735595;NA;NA;NA;NA;0.197139679008422;0.0430001589067217;0.000336053286065048;3.19573829263749e-07;7;0.833262001895007;16.6309145460346;4.2253793396192;0.020835653993178;0.00125282671229562;0.00493107300398163;-0.00480225375814657;1.33962417818323e-13;1.85084307764208;2.41409978132731;0.316363636363636;1.26806033598749;2.76748156547546;0.145454545454545;1.0308819770813;1.27538120746613;3.16227766016838;2.18548394251865;-0.00477891292552568;1.30527462092313;2.15484540552628;1.48660077479215;0.514030684638491;1.59974119067192;12;0.561100870426855;1.35773112316095;1.96232976232256;3.99120339078684;1.28424102091192;1.87501458560719;2.59460655380698;2.43814142498495;2.04307389750896;-1.04861600626336;-1.53736318860735;1.29928298413026;1.84582669049833;1.07604532453239;1.34968018531799;0.484505316130192;0.00487244283900728;197;17.7
"492";"biocom_50_cropped_211";"biocom";"50_cropped";211;3;0.26125;0.303554605963955;"kept";"unimod";"bing";0.595888895331398;-0.910160419263145;-0.414255973048954;-115.811803;33.750666;31.0805405358401;0.916290731874155;0.8734;0.054780175672976;0.0542462775356974;NA;NA;NA;NA;0.197139679008422;0.0430001589067217;0.000336053286065048;3.19573829263749e-07;7;0.833262001895007;16.6309145460346;4.2253793396192;0.020835653993178;0.00125282671229562;0.00493107300398163;-0.00480225375814657;1.33962417818323e-13;1.85084307764208;2.41409978132731;0.316363636363636;1.26806033598749;2.76748156547546;0.145454545454545;1.0308819770813;1.27538120746613;3.16227766016838;2.18548394251865;-0.00477891292552568;1.30527462092313;2.15484540552628;1.48660077479215;0.514030684638491;1.59974119067192;12;0.561100870426855;1.35773112316095;1.96232976232256;3.99120339078684;1.28424102091192;1.87501458560719;2.59460655380698;2.43814142498495;2.04307389750896;-1.04861600626336;-1.53736318860735;1.29928298413026;1.84582669049833;1.07604532453239;1.34968018531799;0.484505316130192;0.00487244283900728;197;17.7
"493";"biocom_50_cropped_212";"biocom";"50_cropped";212;1;0.126;0.160422144093;"kept";"unimod";"bing";0.695417552360324;-0.903356930283523;-0.428889562135441;-115.795665;33.753612;32.0780298646909;0.693147180559945;0.8652;0.0114150704682129;0.0118134978194929;NA;NA;NA;NA;-0.119063509719794;-0.00808305524657026;-6.54720798471889e-05;-9.7869922900529e-08;6;0.886227735738444;18.3475080308334;4.30322413223634;0.0263238181490876;0.0014347353387092;0.00611723148508359;0.0377155879616286;0.00692286467796469;1.24990030012917;1.91631440938521;0.32;1.2392387488117;3.60894680023193;0.152727272727273;1.08195353638042;1.30577182769775;3.3166247903554;2.15455277523202;0.0442817491144706;1.36573913527859;1.89864830730607;1.46744722174132;0.527684730551099;1.6821506023407;12;0.519440271062415;0.959617773880883;1.8058947622776;3.99120339078684;0.986292191198846;1.75915056069692;2.0609350045522;3.19117879669631;2.12823170584927;-0.986437374921072;-1.42828059196472;0.587786664902119;1.68639895357023;1.04856506264035;1.40167582035065;0.61998807337095;0.00527415083431398;207;17.5
"494";"biocom_50_cropped_212";"biocom";"50_cropped";212;3;0.126;0.123552266192145;"kept";"bimod";"bing";0.701963218237586;-0.903356930283523;-0.428889562135441;-115.795665;33.753612;32.0780298646909;0.693147180559945;0.8652;0.00588417371774747;0.005;NA;NA;NA;NA;-0.119063509719794;-0.00808305524657026;-6.54720798471889e-05;-9.7869922900529e-08;6;0.886227735738444;18.3475080308334;4.30322413223634;0.0263238181490876;0.0014347353387092;0.00611723148508359;0.0377155879616286;0.00692286467796469;1.24990030012917;1.91631440938521;0.32;1.2392387488117;3.60894680023193;0.152727272727273;1.08195353638042;1.30577182769775;3.3166247903554;2.15455277523202;0.0442817491144706;1.36573913527859;1.89864830730607;1.46744722174132;0.527684730551099;1.6821506023407;12;0.519440271062415;0.959617773880883;1.8058947622776;3.99120339078684;0.986292191198846;1.75915056069692;2.0609350045522;3.19117879669631;2.12823170584927;-0.986437374921072;-1.42828059196472;0.587786664902119;1.68639895357023;1.04856506264035;1.40167582035065;0.61998807337095;0.00527415083431398;207;17.5
"495";"biocom_50_cropped_212";"biocom";"50_cropped";212;2;0.126;0.162626455430426;"kept";"unimod";"bing";0.708038725887609;-0.903356930283523;-0.428889562135441;-115.795665;33.753612;32.0780298646909;0.693147180559945;0.8652;0.0122268858304819;0.0124751336375359;NA;NA;NA;NA;-0.119063509719794;-0.00808305524657026;-6.54720798471889e-05;-9.7869922900529e-08;6;0.886227735738444;18.3475080308334;4.30322413223634;0.0263238181490876;0.0014347353387092;0.00611723148508359;0.0377155879616286;0.00692286467796469;1.24990030012917;1.91631440938521;0.32;1.2392387488117;3.60894680023193;0.152727272727273;1.08195353638042;1.30577182769775;3.3166247903554;2.15455277523202;0.0442817491144706;1.36573913527859;1.89864830730607;1.46744722174132;0.527684730551099;1.6821506023407;12;0.519440271062415;0.959617773880883;1.8058947622776;3.99120339078684;0.986292191198846;1.75915056069692;2.0609350045522;3.19117879669631;2.12823170584927;-0.986437374921072;-1.42828059196472;0.587786664902119;1.68639895357023;1.04856506264035;1.40167582035065;0.61998807337095;0.00527415083431398;207;17.5
"496";"biocom_50_cropped_218";"biocom";"50_cropped";218;3;0.521;0.409480968858132;"kept";"unimod";"bing";0.806474852218034;0.761117774727886;-0.648613700898518;-69.8208;9.767953;26.5518360947035;1.45861502269952;0.588;0.0104123724145996;0.00905924456169499;NA;NA;NA;NA;-0.0355187751261654;-0.367333846548627;-2.29188581951505e-05;-1.98901630552784e-05;1;0.836612341944566;25.5363617818079;4.1314019638655;0.258277506025355;0.0101141074140543;0.0625157049070336;-0.0653812161811659;0.306955147045269;1.25692960253922;1.4881189987086;0.262773722627737;1.2502201589671;3.09777498245239;0.222627737226277;1.1499651109471;1.94616973400116;3.60555127546399;1.5390875357897;0.329370777638408;1.63743487331602;1.59753955386447;0.950294552153034;0.730762703709796;1.76339493479048;15;-0.406791608308252;0.97119393160977;1.52615019808645;2.539291416276;0.485597742762829;1.85260005791982;2.11459439992904;NA;NA;NA;NA;1.44691898293633;0.916290731874155;0.719386911873395;1.38520397245884;0.510805975188399;0.0647876004173021;666;24.2
"497";"biocom_50_cropped_218";"biocom";"50_cropped";218;2;0.521;0.497301038062284;"kept";"bimod";"bing";0.86158187202482;0.761117774727886;-0.648613700898518;-69.8208;9.767953;26.5518360947035;1.45861502269952;0.588;0.00648182605670445;0.00530325128426398;NA;NA;NA;NA;-0.0355187751261654;-0.367333846548627;-2.29188581951505e-05;-1.98901630552784e-05;1;0.836612341944566;25.5363617818079;4.1314019638655;0.258277506025355;0.0101141074140543;0.0625157049070336;-0.0653812161811659;0.306955147045269;1.25692960253922;1.4881189987086;0.262773722627737;1.2502201589671;3.09777498245239;0.222627737226277;1.1499651109471;1.94616973400116;3.60555127546399;1.5390875357897;0.329370777638408;1.63743487331602;1.59753955386447;0.950294552153034;0.730762703709796;1.76339493479048;15;-0.406791608308252;0.97119393160977;1.52615019808645;2.539291416276;0.485597742762829;1.85260005791982;2.11459439992904;NA;NA;NA;NA;1.44691898293633;0.916290731874155;0.719386911873395;1.38520397245884;0.510805975188399;0.0647876004173021;666;24.2
"498";"biocom_50_cropped_218";"biocom";"50_cropped";218;1;0.521;0.545813148788927;"kept";"unimod";"bing";0.743290093835235;0.761117774727886;-0.648613700898518;-69.8208;9.767953;26.5518360947035;1.45861502269952;0.588;0.0381088348850485;0.033921032933341;NA;NA;NA;NA;-0.0355187751261654;-0.367333846548627;-2.29188581951505e-05;-1.98901630552784e-05;1;0.836612341944566;25.5363617818079;4.1314019638655;0.258277506025355;0.0101141074140543;0.0625157049070336;-0.0653812161811659;0.306955147045269;1.25692960253922;1.4881189987086;0.262773722627737;1.2502201589671;3.09777498245239;0.222627737226277;1.1499651109471;1.94616973400116;3.60555127546399;1.5390875357897;0.329370777638408;1.63743487331602;1.59753955386447;0.950294552153034;0.730762703709796;1.76339493479048;15;-0.406791608308252;0.97119393160977;1.52615019808645;2.539291416276;0.485597742762829;1.85260005791982;2.11459439992904;NA;NA;NA;NA;1.44691898293633;0.916290731874155;0.719386911873395;1.38520397245884;0.510805975188399;0.0647876004173021;666;24.2
"514";"biocom_50_cropped_223";"biocom";"50_cropped";223;1;0.564916666666667;0.491522491349481;"kept";"bimod";"bing";0.828496695392975;-0.706856730915996;-0.707356743064454;-65.187694;8.321472;9.89949493661167;1.38629436111989;0.3431;0.00658186183895834;0.005;NA;NA;NA;NA;-0.0121722548863817;0.556205307484506;-3.13945345922549e-05;2.64454898570711e-05;11;0.791910949051758;38.1150542357572;7.56002587713629;0.236772195549694;0.00621203879404607;0.0313189662836687;0.137169964110232;0.300472277064113;1.13575493023857;2.07413744380769;0.272727272727273;1.24902217347046;2.02232336997986;0.341818181818182;1.30781073611358;2.44446110725403;3.16227766016838;3.06737666636379;0.761460357246838;1.96716576609118;0.743491774985175;2.54066910560731;1.76370612000826;2.53772856295109;7;0.920913096651345;0.614760960734145;1.63786686094184;2.539291416276;1.47997908985107;1.58545429810234;1.77712219694386;0.296119205244061;2.63905732961526;-1.1036475306793;-1.42094945907593;1.38629436111989;2.87167962488401;1.37727419911271;1.84980289141337;0.522160204783908;0.0464101062712634;1171;27.3
"515";"biocom_50_cropped_223";"biocom";"50_cropped";223;3;0.564916666666667;0.534844290657439;"kept";"bimod";"bing";0.839762359723275;-0.706856730915996;-0.707356743064454;-65.187694;8.321472;9.89949493661167;1.38629436111989;0.3431;0.00629640561532869;0.00512787674049303;NA;NA;NA;NA;-0.0121722548863817;0.556205307484506;-3.13945345922549e-05;2.64454898570711e-05;11;0.791910949051758;38.1150542357572;7.56002587713629;0.236772195549694;0.00621203879404607;0.0313189662836687;0.137169964110232;0.300472277064113;1.13575493023857;2.07413744380769;0.272727272727273;1.24902217347046;2.02232336997986;0.341818181818182;1.30781073611358;2.44446110725403;3.16227766016838;3.06737666636379;0.761460357246838;1.96716576609118;0.743491774985175;2.54066910560731;1.76370612000826;2.53772856295109;7;0.920913096651345;0.614760960734145;1.63786686094184;2.539291416276;1.47997908985107;1.58545429810234;1.77712219694386;0.296119205244061;2.63905732961526;-1.1036475306793;-1.42094945907593;1.38629436111989;2.87167962488401;1.37727419911271;1.84980289141337;0.522160204783908;0.0464101062712634;1171;27.3
"516";"biocom_50_cropped_223";"biocom";"50_cropped";223;2;0.564916666666667;0.415017301038062;"kept";"unimod";"bing";0.842716309089306;-0.706856730915996;-0.707356743064454;-65.187694;8.321472;9.89949493661167;1.38629436111989;0.3431;0.00781184812090651;0.00661602330926103;NA;NA;NA;NA;-0.0121722548863817;0.556205307484506;-3.13945345922549e-05;2.64454898570711e-05;11;0.791910949051758;38.1150542357572;7.56002587713629;0.236772195549694;0.00621203879404607;0.0313189662836687;0.137169964110232;0.300472277064113;1.13575493023857;2.07413744380769;0.272727272727273;1.24902217347046;2.02232336997986;0.341818181818182;1.30781073611358;2.44446110725403;3.16227766016838;3.06737666636379;0.761460357246838;1.96716576609118;0.743491774985175;2.54066910560731;1.76370612000826;2.53772856295109;7;0.920913096651345;0.614760960734145;1.63786686094184;2.539291416276;1.47997908985107;1.58545429810234;1.77712219694386;0.296119205244061;2.63905732961526;-1.1036475306793;-1.42094945907593;1.38629436111989;2.87167962488401;1.37727419911271;1.84980289141337;0.522160204783908;0.0464101062712634;1171;27.3
"517";"biocom_50_cropped_224";"biocom";"50_cropped";224;1;0.448416666666667;0.486885813148789;"kept";"bimod";"bing";0.822801771695891;-0.707583520022385;-0.706629720711442;-65.188722;8.321611;9.8488578017961;1.3609765531356;0.3431;0.00605169156491817;0.005;NA;NA;NA;NA;0.0448858520048731;0.547073467874358;0.000142125616639493;2.40998313330228e-05;7;0.850094997802817;33.0529060876434;6.29955733055837;0.210251510383741;0.00636105974543466;0.0333756007527445;0.129359720988388;0.000138368484420873;1.41424013043166;1.98780587226897;0.254545454545455;1.30490448495798;2.26502227783203;0.312727272727273;1.38359244002236;2.36177897453308;3.3166247903554;2.95204936053527;0.686307774424246;1.88734587814127;1.22865469807759;2.32733415424779;1.67462936822176;2.39430122148423;10;0.70192498749253;0.970348591150793;1.83361798311983;3.99120339078684;1.26512291940664;1.70251234173775;1.8558113515377;0.880395112623368;2.07944154167984;-1.15699707985752;-1.73947396874428;1.34373474670109;2.33537491581704;1.13783991091494;1.60013749202092;0.531705109683936;0.0453093555265649;1171;27.3
"518";"biocom_50_cropped_224";"biocom";"50_cropped";224;2;0.448416666666667;0.374567474048443;"kept";"bimod";"bing";0.831197317652986;-0.707583520022385;-0.706629720711442;-65.188722;8.321611;9.8488578017961;1.3609765531356;0.3431;0.0076693715290658;0.00525755819965001;NA;NA;NA;NA;0.0448858520048731;0.547073467874358;0.000142125616639493;2.40998313330228e-05;7;0.850094997802817;33.0529060876434;6.29955733055837;0.210251510383741;0.00636105974543466;0.0333756007527445;0.129359720988388;0.000138368484420873;1.41424013043166;1.98780587226897;0.254545454545455;1.30490448495798;2.26502227783203;0.312727272727273;1.38359244002236;2.36177897453308;3.3166247903554;2.95204936053527;0.686307774424246;1.88734587814127;1.22865469807759;2.32733415424779;1.67462936822176;2.39430122148423;10;0.70192498749253;0.970348591150793;1.83361798311983;3.99120339078684;1.26512291940664;1.70251234173775;1.8558113515377;0.880395112623368;2.07944154167984;-1.15699707985752;-1.73947396874428;1.34373474670109;2.33537491581704;1.13783991091494;1.60013749202092;0.531705109683936;0.0453093555265649;1171;27.3
"519";"biocom_50_cropped_224";"biocom";"50_cropped";224;3;0.448416666666667;0.532006920415225;"kept";"bimod";"bing";0.789952675419011;-0.707583520022385;-0.706629720711442;-65.188722;8.321611;9.8488578017961;1.3609765531356;0.3431;0.00872538317658848;0.00814008478989198;NA;NA;NA;NA;0.0448858520048731;0.547073467874358;0.000142125616639493;2.40998313330228e-05;7;0.850094997802817;33.0529060876434;6.29955733055837;0.210251510383741;0.00636105974543466;0.0333756007527445;0.129359720988388;0.000138368484420873;1.41424013043166;1.98780587226897;0.254545454545455;1.30490448495798;2.26502227783203;0.312727272727273;1.38359244002236;2.36177897453308;3.3166247903554;2.95204936053527;0.686307774424246;1.88734587814127;1.22865469807759;2.32733415424779;1.67462936822176;2.39430122148423;10;0.70192498749253;0.970348591150793;1.83361798311983;3.99120339078684;1.26512291940664;1.70251234173775;1.8558113515377;0.880395112623368;2.07944154167984;-1.15699707985752;-1.73947396874428;1.34373474670109;2.33537491581704;1.13783991091494;1.60013749202092;0.531705109683936;0.0453093555265649;1171;27.3
"520";"biocom_50_cropped_226";"biocom";"50_cropped";226;2;0.440833333333333;0.0629809868718877;"kept";"bimod";"bing";0.813057712105621;-0.778613827452649;0.627503392580101;21.312806;-26.786278;30.1164406927512;0.693147180559945;0.892;0.00539315560622501;0.005;NA;NA;NA;NA;0.282758620689655;0.657820859155676;0.000261952004067716;2.29883802974011e-05;9;0.788819621860629;10.0642541724157;3.91133809011675;0.0369197172799884;0.00366840072274593;0.00943915264530006;0.0208650278423153;1.51685416885506e-26;1.26177203642544;2.44553095314557;0.232727272727273;1.50524702720475;2.85795497894287;0.272727272727273;1.17846946824681;1.94873535633087;2.82842712474619;2.46698878342764;0.456711994413789;1.83229494094849;2.15484540552628;1.54888356695837;0.989747196064888;1.96260997794923;7;0.86624941747108;1.86411454719876;1.99067553825546;3.2798728979856;1.69036686014173;2.03224923299707;2.28783045126044;2.21349952953607;2.32727770558442;-1.27129968763752;-1.67039757966995;1.38629436111989;2.36712361413162;1.24256930375297;1.71968162059784;0.698342742059366;0.0115124368887037;198;19.8
"521";"biocom_50_cropped_226";"biocom";"50_cropped";226;3;0.440833333333333;0.0868322770484382;"kept";"bimod";"bing";0.67278401434655;-0.778613827452649;0.627503392580101;21.312806;-26.786278;30.1164406927512;0.693147180559945;0.892;0.00527208476780848;0.005;NA;NA;NA;NA;0.282758620689655;0.657820859155676;0.000261952004067716;2.29883802974011e-05;9;0.788819621860629;10.0642541724157;3.91133809011675;0.0369197172799884;0.00366840072274593;0.00943915264530006;0.0208650278423153;1.51685416885506e-26;1.26177203642544;2.44553095314557;0.232727272727273;1.50524702720475;2.85795497894287;0.272727272727273;1.17846946824681;1.94873535633087;2.82842712474619;2.46698878342764;0.456711994413789;1.83229494094849;2.15484540552628;1.54888356695837;0.989747196064888;1.96260997794923;7;0.86624941747108;1.86411454719876;1.99067553825546;3.2798728979856;1.69036686014173;2.03224923299707;2.28783045126044;2.21349952953607;2.32727770558442;-1.27129968763752;-1.67039757966995;1.38629436111989;2.36712361413162;1.24256930375297;1.71968162059784;0.698342742059366;0.0115124368887037;198;19.8
"522";"biocom_50_cropped_226";"biocom";"50_cropped";226;1;0.440833333333333;0.0988569488456315;"kept";"bimod";"bing";0.820453387944972;-0.778613827452649;0.627503392580101;21.312806;-26.786278;30.1164406927512;0.693147180559945;0.892;0.00525877787500768;0.005;NA;NA;NA;NA;0.282758620689655;0.657820859155676;0.000261952004067716;2.29883802974011e-05;9;0.788819621860629;10.0642541724157;3.91133809011675;0.0369197172799884;0.00366840072274593;0.00943915264530006;0.0208650278423153;1.51685416885506e-26;1.26177203642544;2.44553095314557;0.232727272727273;1.50524702720475;2.85795497894287;0.272727272727273;1.17846946824681;1.94873535633087;2.82842712474619;2.46698878342764;0.456711994413789;1.83229494094849;2.15484540552628;1.54888356695837;0.989747196064888;1.96260997794923;7;0.86624941747108;1.86411454719876;1.99067553825546;3.2798728979856;1.69036686014173;2.03224923299707;2.28783045126044;2.21349952953607;2.32727770558442;-1.27129968763752;-1.67039757966995;1.38629436111989;2.36712361413162;1.24256930375297;1.71968162059784;0.698342742059366;0.0115124368887037;198;19.8
"523";"biocom_50_cropped_227";"biocom";"50_cropped";227;1;0.32375;0.2954330978867;"kept";"unimod";"bing";0.822708990700574;-0.995891346864333;-0.0905561993501513;22.081829;-26.396669;31.0644491340181;0.693147180559945;0.8609;0.00693411023733452;0.00666977796768498;NA;NA;NA;NA;0.479463954658615;0.619937496689443;0.000604571165400228;1.07811710347818e-05;2;0.705569800326844;16.4237127475134;3.98009488933767;0.0429362509030715;0.00261428408808308;0.0107877455429754;0.235280821313118;1.16674071617814e-62;1.43265364770864;2.98478156532402;0.258181818181818;1.27960089947048;2.75391674041748;0.225454545454545;1.23465522247202;2.22858691215515;4.12310562561766;1.38264312141247;0.516485107116302;1.69893579288971;2.57858283255199;0.669670084631926;0.939399889328668;1.7447319428126;14;0.607655681706682;1.21120746738425;1.98955848271197;3.99120339078684;1.02346255646965;1.82593585763659;2.25620388133185;2.27030575550499;2.484906649788;-1.39616331656774;-2.50941979885101;2.03688192726104;1.67397643357167;1.21646928525081;1.88218319416046;0.681240718075629;0.010080363650429;254;19.7
"524";"biocom_50_cropped_227";"biocom";"50_cropped";227;3;0.32375;0.26200348880437;"kept";"unimod";"bing";0.799480083050453;-0.995891346864333;-0.0905561993501513;22.081829;-26.396669;31.0644491340181;0.693147180559945;0.8609;0.00856949411802106;0.008122174211392;NA;NA;NA;NA;0.479463954658615;0.619937496689443;0.000604571165400228;1.07811710347818e-05;2;0.705569800326844;16.4237127475134;3.98009488933767;0.0429362509030715;0.00261428408808308;0.0107877455429754;0.235280821313118;1.16674071617814e-62;1.43265364770864;2.98478156532402;0.258181818181818;1.27960089947048;2.75391674041748;0.225454545454545;1.23465522247202;2.22858691215515;4.12310562561766;1.38264312141247;0.516485107116302;1.69893579288971;2.57858283255199;0.669670084631926;0.939399889328668;1.7447319428126;14;0.607655681706682;1.21120746738425;1.98955848271197;3.99120339078684;1.02346255646965;1.82593585763659;2.25620388133185;2.27030575550499;2.484906649788;-1.39616331656774;-2.50941979885101;2.03688192726104;1.67397643357167;1.21646928525081;1.88218319416046;0.681240718075629;0.010080363650429;254;19.7
"525";"biocom_50_cropped_227";"biocom";"50_cropped";227;2;0.32375;0.337985072492779;"kept";"unimod";"bing";0.802142960601871;-0.995891346864333;-0.0905561993501513;22.081829;-26.396669;31.0644491340181;0.693147180559945;0.8609;0.0113120250527074;0.011301645148837;NA;NA;NA;NA;0.479463954658615;0.619937496689443;0.000604571165400228;1.07811710347818e-05;2;0.705569800326844;16.4237127475134;3.98009488933767;0.0429362509030715;0.00261428408808308;0.0107877455429754;0.235280821313118;1.16674071617814e-62;1.43265364770864;2.98478156532402;0.258181818181818;1.27960089947048;2.75391674041748;0.225454545454545;1.23465522247202;2.22858691215515;4.12310562561766;1.38264312141247;0.516485107116302;1.69893579288971;2.57858283255199;0.669670084631926;0.939399889328668;1.7447319428126;14;0.607655681706682;1.21120746738425;1.98955848271197;3.99120339078684;1.02346255646965;1.82593585763659;2.25620388133185;2.27030575550499;2.484906649788;-1.39616331656774;-2.50941979885101;2.03688192726104;1.67397643357167;1.21646928525081;1.88218319416046;0.681240718075629;0.010080363650429;254;19.7
"526";"biocom_50_cropped_228";"biocom";"50_cropped";228;1;0.2975;0.252080414081043;"kept";"unimod";"bing";0.783950478133964;-0.980617750573003;-0.195930669526605;22.188355;-26.259663;31.2409987036266;0.693147180559945;0.8481;0.00811420235258186;0.00832723271201102;NA;NA;NA;NA;0.0938291223052068;-0.295110969860692;4.00944442679302e-05;-5.64051830688636e-06;3;0.779102213525809;14.6113803671345;4.10473282007352;0.0488363399632361;0.0033423495067642;0.0118975685151564;0.0337261688426737;0.0449946369238225;1.24932161530796;1.45722911044419;0.269090909090909;1.30041202306747;2.22715926170349;0.243636363636364;1.22567839920521;1.73674559593201;3.87298334620742;1.68609361302315;0.5192574094228;1.69163759673635;2.37886580797276;1.33199691400576;0.981700952848567;1.89497850221746;12;0.64996893603556;1.31875271411851;1.96530505107797;4.67909549225421;1.06998457201689;1.76698111825519;2.06955432891846;2.27030575550499;2.16905370036952;-1.3515857682447;-2.08191958069801;1.69167601067107;1.71765149707433;1.17993972435858;1.6892654980932;0.704463005703367;0.0131095497701176;278;19.7
"527";"biocom_50_cropped_228";"biocom";"50_cropped";228;3;0.2975;0.308987960765249;"kept";"unimod";"bing";0.833537633638827;-0.980617750573003;-0.195930669526605;22.188355;-26.259663;31.2409987036266;0.693147180559945;0.8481;0.00640005302561174;0.00544979085761851;NA;NA;NA;NA;0.0938291223052068;-0.295110969860692;4.00944442679302e-05;-5.64051830688636e-06;3;0.779102213525809;14.6113803671345;4.10473282007352;0.0488363399632361;0.0033423495067642;0.0118975685151564;0.0337261688426737;0.0449946369238225;1.24932161530796;1.45722911044419;0.269090909090909;1.30041202306747;2.22715926170349;0.243636363636364;1.22567839920521;1.73674559593201;3.87298334620742;1.68609361302315;0.5192574094228;1.69163759673635;2.37886580797276;1.33199691400576;0.981700952848567;1.89497850221746;12;0.64996893603556;1.31875271411851;1.96530505107797;4.67909549225421;1.06998457201689;1.76698111825519;2.06955432891846;2.27030575550499;2.16905370036952;-1.3515857682447;-2.08191958069801;1.69167601067107;1.71765149707433;1.17993972435858;1.6892654980932;0.704463005703367;0.0131095497701176;278;19.7
"528";"biocom_50_cropped_228";"biocom";"50_cropped";228;2;0.2975;0.321055792273156;"kept";"unimod";"bing";0.812241684986207;-0.980617750573003;-0.195930669526605;22.188355;-26.259663;31.2409987036266;0.693147180559945;0.8481;0.011292237507493;0.011094588313216;NA;NA;NA;NA;0.0938291223052068;-0.295110969860692;4.00944442679302e-05;-5.64051830688636e-06;3;0.779102213525809;14.6113803671345;4.10473282007352;0.0488363399632361;0.0033423495067642;0.0118975685151564;0.0337261688426737;0.0449946369238225;1.24932161530796;1.45722911044419;0.269090909090909;1.30041202306747;2.22715926170349;0.243636363636364;1.22567839920521;1.73674559593201;3.87298334620742;1.68609361302315;0.5192574094228;1.69163759673635;2.37886580797276;1.33199691400576;0.981700952848567;1.89497850221746;12;0.64996893603556;1.31875271411851;1.96530505107797;4.67909549225421;1.06998457201689;1.76698111825519;2.06955432891846;2.27030575550499;2.16905370036952;-1.3515857682447;-2.08191958069801;1.69167601067107;1.71765149707433;1.17993972435858;1.6892654980932;0.704463005703367;0.0131095497701176;278;19.7
"529";"biocom_50_cropped_229";"biocom";"50_cropped";229;1;0.359583333333333;0.285481426406246;"kept";"bimod";"bing";0.868290811623465;-0.909205123215185;-0.416348464533328;22.420574;-25.937368;31.3368792319848;0.693147180559945;0.8232;0.00559832653947762;0.005;NA;NA;NA;NA;-0.681572117167223;-0.453869378674718;-0.000473244793018944;-6.4786563956055e-06;3;0.748019628848763;11.336524257455;3.75789163587322;0.0502940723290241;0.00443646316867803;0.0133835877141618;0.115649744762449;6.18099022166523e-149;1.55599335249623;1.54878715170773;0.269090909090909;1.29937383635291;2.17722201347351;0.247272727272727;1.1715587189323;2.15528512001038;3.87298334620742;1.72686960883486;0.515304550294725;1.71043035083888;2.57858283255199;1.31831391299453;1.02690362510997;1.9197960363494;12;0.537247274188599;1.19572265057279;1.86302431466732;4.67909549225421;0.946934584505255;1.79700488703591;2.01862384591784;2.48138934869422;2.04769284336526;-1.36190916779968;-2.0381652712822;1.74296930505862;1.66500776358891;1.15565394278415;1.66830538000379;0.753943096104802;0.0132338876658434;325;19.8
"530";"biocom_50_cropped_229";"biocom";"50_cropped";229;3;0.359583333333333;0.351883096456862;"kept";"unimod";"bing";0.827872122415829;-0.909205123215185;-0.416348464533328;22.420574;-25.937368;31.3368792319848;0.693147180559945;0.8232;0.0110606252450042;0.0103702912278285;NA;NA;NA;NA;-0.681572117167223;-0.453869378674718;-0.000473244793018944;-6.4786563956055e-06;3;0.748019628848763;11.336524257455;3.75789163587322;0.0502940723290241;0.00443646316867803;0.0133835877141618;0.115649744762449;6.18099022166523e-149;1.55599335249623;1.54878715170773;0.269090909090909;1.29937383635291;2.17722201347351;0.247272727272727;1.1715587189323;2.15528512001038;3.87298334620742;1.72686960883486;0.515304550294725;1.71043035083888;2.57858283255199;1.31831391299453;1.02690362510997;1.9197960363494;12;0.537247274188599;1.19572265057279;1.86302431466732;4.67909549225421;0.946934584505255;1.79700488703591;2.01862384591784;2.48138934869422;2.04769284336526;-1.36190916779968;-2.0381652712822;1.74296930505862;1.66500776358891;1.15565394278415;1.66830538000379;0.753943096104802;0.0132338876658434;325;19.8
"531";"biocom_50_cropped_229";"biocom";"50_cropped";229;2;0.359583333333333;0.328548142640625;"kept";"bimod";"bing";0.890721138259992;-0.909205123215185;-0.416348464533328;22.420574;-25.937368;31.3368792319848;0.693147180559945;0.8232;0.0052290632214895;0.00500648091462;NA;NA;NA;NA;-0.681572117167223;-0.453869378674718;-0.000473244793018944;-6.4786563956055e-06;3;0.748019628848763;11.336524257455;3.75789163587322;0.0502940723290241;0.00443646316867803;0.0133835877141618;0.115649744762449;6.18099022166523e-149;1.55599335249623;1.54878715170773;0.269090909090909;1.29937383635291;2.17722201347351;0.247272727272727;1.1715587189323;2.15528512001038;3.87298334620742;1.72686960883486;0.515304550294725;1.71043035083888;2.57858283255199;1.31831391299453;1.02690362510997;1.9197960363494;12;0.537247274188599;1.19572265057279;1.86302431466732;4.67909549225421;0.946934584505255;1.79700488703591;2.01862384591784;2.48138934869422;2.04769284336526;-1.36190916779968;-2.0381652712822;1.74296930505862;1.66500776358891;1.15565394278415;1.66830538000379;0.753943096104802;0.0132338876658434;325;19.8
"535";"biocom_50_cropped_230";"biocom";"50_cropped";230;3;0.565416666666667;0.385536888239591;"kept";"bimod";"bing";0.788548100079461;-0.589874087289816;-0.807495239084421;22.931042;-25.200096;32.0624390837628;0.693147180559945;0.8255;0.00763827146997596;0.00525755819965001;NA;NA;NA;NA;0.586956290375794;0.195581145368823;0.000439656691298675;2.45936853636808e-05;6;0.674545003908505;13.0988378103298;2.95069768102714;0.073879751750429;0.00564017608433682;0.0250380620913734;0.237632279840194;2.3447899971903e-77;1.45144858373139;1.87771807751536;0.262773722627737;1.32425406954505;2.2249071598053;0.233576642335766;1.39267081518968;1.93468582630157;3.16227766016838;2.25353625634126;0.494601624283477;1.77072967667329;2.37886580797276;1.36389746017219;1.01746198594374;1.8787950542238;14;0.575009017420879;1.07425172806527;1.6806863896987;3.2798728979856;1.45731613840479;1.78087892532349;2.01847997307778;1.51292771174338;1.85238409104449;-1.13407699961409;-1.57318702340126;0.773189888233482;1.94591014905531;1.1642965838446;1.63956960042318;0.674600166557494;0.0233824608640085;317;20
"536";"biocom_50_cropped_230";"biocom";"50_cropped";230;2;0.565416666666667;0.349627465303141;"kept";"unimod";"bing";0.710867448684025;-0.589874087289816;-0.807495239084421;22.931042;-25.200096;32.0624390837628;0.693147180559945;0.8255;0.00793692776405134;0.00737044951133903;NA;NA;NA;NA;0.586956290375794;0.195581145368823;0.000439656691298675;2.45936853636808e-05;6;0.674545003908505;13.0988378103298;2.95069768102714;0.073879751750429;0.00564017608433682;0.0250380620913734;0.237632279840194;2.3447899971903e-77;1.45144858373139;1.87771807751536;0.262773722627737;1.32425406954505;2.2249071598053;0.233576642335766;1.39267081518968;1.93468582630157;3.16227766016838;2.25353625634126;0.494601624283477;1.77072967667329;2.37886580797276;1.36389746017219;1.01746198594374;1.8787950542238;14;0.575009017420879;1.07425172806527;1.6806863896987;3.2798728979856;1.45731613840479;1.78087892532349;2.01847997307778;1.51292771174338;1.85238409104449;-1.13407699961409;-1.57318702340126;0.773189888233482;1.94591014905531;1.1642965838446;1.63956960042318;0.674600166557494;0.0233824608640085;317;20
"537";"biocom_50_cropped_230";"biocom";"50_cropped";230;1;0.565416666666667;0.42699780861943;"kept";"bimod";"bing";0.76665119481898;-0.589874087289816;-0.807495239084421;22.931042;-25.200096;32.0624390837628;0.693147180559945;0.8255;0.013046563941783;0.012694042096202;NA;NA;NA;NA;0.586956290375794;0.195581145368823;0.000439656691298675;2.45936853636808e-05;6;0.674545003908505;13.0988378103298;2.95069768102714;0.073879751750429;0.00564017608433682;0.0250380620913734;0.237632279840194;2.3447899971903e-77;1.45144858373139;1.87771807751536;0.262773722627737;1.32425406954505;2.2249071598053;0.233576642335766;1.39267081518968;1.93468582630157;3.16227766016838;2.25353625634126;0.494601624283477;1.77072967667329;2.37886580797276;1.36389746017219;1.01746198594374;1.8787950542238;14;0.575009017420879;1.07425172806527;1.6806863896987;3.2798728979856;1.45731613840479;1.78087892532349;2.01847997307778;1.51292771174338;1.85238409104449;-1.13407699961409;-1.57318702340126;0.773189888233482;1.94591014905531;1.1642965838446;1.63956960042318;0.674600166557494;0.0233824608640085;317;20
"547";"biocom_50_cropped_235";"biocom";"50_cropped";235;3;0.20425;0.154509194159005;"kept";"bimod";"bing";0.754474638030758;0.107746751556779;-0.994178373094568;-1.46284;12.282892;17.7763888346312;0.693147180559945;0.6056;0.00513985223591103;0.005;NA;NA;NA;NA;0.0338259441707718;-0.18495683034059;7.3192237859401e-05;-1.42622322528039e-05;2;0.621082565372089;40.2987172781749;3.09294870847165;0.0456018763137954;0.00113159622424242;0.0147438191227973;-0.290636021624965;0.151738858749777;1.53553844470851;1.85438019571255;0.287272727272727;1.23169732215453;2.15693283081055;0.232727272727273;1.326126802612;2.25229907035828;4.79583152331272;0.841456630694957;0.358562336039806;1.49248772537386;2.7592278695768;0.497997834943236;1.12107796594702;1.92952507734299;24;-0.484266470514667;0.841407197514264;1.46204940692798;5.34753955386447;0.325400619257649;1.60934729576111;1.64662356376648;1.32916877078992;1.50407739677627;-0.995918398723006;-1.58692681789398;1.28093384546206;1.09861228866811;1.06902748823166;1.58948413133621;0.423413972576133;0.0124981469440135;787;28
"548";"biocom_50_cropped_235";"biocom";"50_cropped";235;2;0.20425;0.0969104921579232;"kept";"bimod";"bing";0.570122725197118;0.107746751556779;-0.994178373094568;-1.46284;12.282892;17.7763888346312;0.693147180559945;0.6056;0.0054482236366581;0.005;NA;NA;NA;NA;0.0338259441707718;-0.18495683034059;7.3192237859401e-05;-1.42622322528039e-05;2;0.621082565372089;40.2987172781749;3.09294870847165;0.0456018763137954;0.00113159622424242;0.0147438191227973;-0.290636021624965;0.151738858749777;1.53553844470851;1.85438019571255;0.287272727272727;1.23169732215453;2.15693283081055;0.232727272727273;1.326126802612;2.25229907035828;4.79583152331272;0.841456630694957;0.358562336039806;1.49248772537386;2.7592278695768;0.497997834943236;1.12107796594702;1.92952507734299;24;-0.484266470514667;0.841407197514264;1.46204940692798;5.34753955386447;0.325400619257649;1.60934729576111;1.64662356376648;1.32916877078992;1.50407739677627;-0.995918398723006;-1.58692681789398;1.28093384546206;1.09861228866811;1.06902748823166;1.58948413133621;0.423413972576133;0.0124981469440135;787;28
"549";"biocom_50_cropped_235";"biocom";"50_cropped";235;1;0.20425;0.125371822606814;"kept";"bimod";"bing";0.750055763314638;0.107746751556779;-0.994178373094568;-1.46284;12.282892;17.7763888346312;0.693147180559945;0.6056;0.00518553572359639;0.005;NA;NA;NA;NA;0.0338259441707718;-0.18495683034059;7.3192237859401e-05;-1.42622322528039e-05;2;0.621082565372089;40.2987172781749;3.09294870847165;0.0456018763137954;0.00113159622424242;0.0147438191227973;-0.290636021624965;0.151738858749777;1.53553844470851;1.85438019571255;0.287272727272727;1.23169732215453;2.15693283081055;0.232727272727273;1.326126802612;2.25229907035828;4.79583152331272;0.841456630694957;0.358562336039806;1.49248772537386;2.7592278695768;0.497997834943236;1.12107796594702;1.92952507734299;24;-0.484266470514667;0.841407197514264;1.46204940692798;5.34753955386447;0.325400619257649;1.60934729576111;1.64662356376648;1.32916877078992;1.50407739677627;-0.995918398723006;-1.58692681789398;1.28093384546206;1.09861228866811;1.06902748823166;1.58948413133621;0.423413972576133;0.0124981469440135;787;28
"550";"biocom_50_cropped_24";"biocom";"50_cropped";24;1;0.172;0.157344269455701;"kept";"bimod";"bing";0.700236031932369;-0.500748026977447;-0.865593099255183;142.418003;-34.19918;8.77496438739212;0.405465108108164;0.7866;0.00560159525873625;0.005;NA;NA;NA;NA;0.307357381217225;0.37138619630277;0.000267902805461785;2.72035057975571e-05;10;0.904706268831836;21.2441721333211;2.43575423908468;0.133585207431197;0.00628808722659851;0.0548434670820468;-0.0142510085690978;2.03568791871559e-15;1.26514149632442;0.786728775890918;0.381818181818182;1.27819409836894;2.13052463531494;0.167272727272727;0.916462391614914;1.09573936462402;2.64575131106459;2.93042646005122;0.179966414955465;1.70640183521099;1.59753955386447;2.00883164616169;1.2013991647211;2.03498475750287;7;0.924822720726248;1.88322008942156;1.79975041027727;3.99120339078684;1.73670911592923;1.76918722523583;1.96803760528564;1.89864830730607;2.87919845729804;-1.25964884222547;-1.68274912834167;3.38439026334577;2.30258509299405;1.21389162167907;1.65370962023735;0.585325199504075;0.037775294794033;310;17
"551";"biocom_50_cropped_24";"biocom";"50_cropped";24;2;0.172;0.217331165522095;"kept";"bimod";"bing";0.821201436718719;-0.500748026977447;-0.865593099255183;142.418003;-34.19918;8.77496438739212;0.405465108108164;0.7866;0.00556272962478965;0.005;NA;NA;NA;NA;0.307357381217225;0.37138619630277;0.000267902805461785;2.72035057975571e-05;10;0.904706268831836;21.2441721333211;2.43575423908468;0.133585207431197;0.00628808722659851;0.0548434670820468;-0.0142510085690978;2.03568791871559e-15;1.26514149632442;0.786728775890918;0.381818181818182;1.27819409836894;2.13052463531494;0.167272727272727;0.916462391614914;1.09573936462402;2.64575131106459;2.93042646005122;0.179966414955465;1.70640183521099;1.59753955386447;2.00883164616169;1.2013991647211;2.03498475750287;7;0.924822720726248;1.88322008942156;1.79975041027727;3.99120339078684;1.73670911592923;1.76918722523583;1.96803760528564;1.89864830730607;2.87919845729804;-1.25964884222547;-1.68274912834167;3.38439026334577;2.30258509299405;1.21389162167907;1.65370962023735;0.585325199504075;0.037775294794033;310;17
"552";"biocom_50_cropped_24";"biocom";"50_cropped";24;3;0.172;0.181804945521609;"kept";"bimod";"bing";0.701271951423887;-0.500748026977447;-0.865593099255183;142.418003;-34.19918;8.77496438739212;0.405465108108164;0.7866;0.00569037598010046;0.005;NA;NA;NA;NA;0.307357381217225;0.37138619630277;0.000267902805461785;2.72035057975571e-05;10;0.904706268831836;21.2441721333211;2.43575423908468;0.133585207431197;0.00628808722659851;0.0548434670820468;-0.0142510085690978;2.03568791871559e-15;1.26514149632442;0.786728775890918;0.381818181818182;1.27819409836894;2.13052463531494;0.167272727272727;0.916462391614914;1.09573936462402;2.64575131106459;2.93042646005122;0.179966414955465;1.70640183521099;1.59753955386447;2.00883164616169;1.2013991647211;2.03498475750287;7;0.924822720726248;1.88322008942156;1.79975041027727;3.99120339078684;1.73670911592923;1.76918722523583;1.96803760528564;1.89864830730607;2.87919845729804;-1.25964884222547;-1.68274912834167;3.38439026334577;2.30258509299405;1.21389162167907;1.65370962023735;0.585325199504075;0.037775294794033;310;17
"553";"biocom_50_cropped_25";"biocom";"50_cropped";25;2;0.266;0.239780413684933;"kept";"bimod";"bing";0.833673587416095;-0.463873621551072;-0.88590138459599;142.460103;-33.960183;10.1488915650922;0.405465108108164;0.7868;0.00538162465862749;0.005;NA;NA;NA;NA;0.630298214947826;0.35157582499073;0.00119522333659513;2.59241860208133e-05;15;0.887070722757705;19.8716096431788;3.25860694292803;0.100477659173492;0.00505634223788118;0.0308345440040115;0.0798240934671707;3.14449542163634e-105;1.25523794565452;1.54102403344103;0.4;1.27463375806808;2.41331911087036;0.163636363636364;0.718450546264648;0.718450546264648;2.44948974278318;3.21419680454977;0.190533784253694;1.6730259368817;1.22865469807759;2.27713555164218;1.26096059575611;2.17761167883873;7;0.948212937398639;2.14475038387031;1.94160264153634;3.2798728979856;2.04851663910293;1.94250713643574;2.25381933507465;1.89864830730607;3.03495298670727;-1.20083494680885;-1.74052202701569;2.70805020110221;1.09861228866811;0.718502372503281;0.772887468338013;0.492597469452877;0.0347520101572069;312;17
"554";"biocom_50_cropped_25";"biocom";"50_cropped";25;3;0.266;0.228923634937751;"kept";"bimod";"bing";0.821892940793234;-0.463873621551072;-0.88590138459599;142.460103;-33.960183;10.1488915650922;0.405465108108164;0.7868;0.00558584877492774;0.005;NA;NA;NA;NA;0.630298214947826;0.35157582499073;0.00119522333659513;2.59241860208133e-05;15;0.887070722757705;19.8716096431788;3.25860694292803;0.100477659173492;0.00505634223788118;0.0308345440040115;0.0798240934671707;3.14449542163634e-105;1.25523794565452;1.54102403344103;0.4;1.27463375806808;2.41331911087036;0.163636363636364;0.718450546264648;0.718450546264648;2.44948974278318;3.21419680454977;0.190533784253694;1.6730259368817;1.22865469807759;2.27713555164218;1.26096059575611;2.17761167883873;7;0.948212937398639;2.14475038387031;1.94160264153634;3.2798728979856;2.04851663910293;1.94250713643574;2.25381933507465;1.89864830730607;3.03495298670727;-1.20083494680885;-1.74052202701569;2.70805020110221;1.09861228866811;0.718502372503281;0.772887468338013;0.492597469452877;0.0347520101572069;312;17
"555";"biocom_50_cropped_25";"biocom";"50_cropped";25;1;0.266;0.267106166062151;"kept";"bimod";"bing";0.857246718211523;-0.463873621551072;-0.88590138459599;142.460103;-33.960183;10.1488915650922;0.405465108108164;0.7868;0.005193239475044;0.00500648091462;NA;NA;NA;NA;0.630298214947826;0.35157582499073;0.00119522333659513;2.59241860208133e-05;15;0.887070722757705;19.8716096431788;3.25860694292803;0.100477659173492;0.00505634223788118;0.0308345440040115;0.0798240934671707;3.14449542163634e-105;1.25523794565452;1.54102403344103;0.4;1.27463375806808;2.41331911087036;0.163636363636364;0.718450546264648;0.718450546264648;2.44948974278318;3.21419680454977;0.190533784253694;1.6730259368817;1.22865469807759;2.27713555164218;1.26096059575611;2.17761167883873;7;0.948212937398639;2.14475038387031;1.94160264153634;3.2798728979856;2.04851663910293;1.94250713643574;2.25381933507465;1.89864830730607;3.03495298670727;-1.20083494680885;-1.74052202701569;2.70805020110221;1.09861228866811;0.718502372503281;0.772887468338013;0.492597469452877;0.0347520101572069;312;17
"556";"biocom_50_cropped_26";"biocom";"50_cropped";26;3;0.26075;0.203681011665523;"kept";"unimod";"bing";0.751385755401127;-0.274205787912802;-0.961671038284464;142.664702;-33.970467;9.32737905308882;0.405465108108164;0.7878;0.00748879819149504;0.00570150284912502;NA;NA;NA;NA;0.412574818581493;0.384331797235023;0.000969657185743167;1.54194929594744e-05;8;0.858666087727749;21.1037289357426;2.64765328534836;0.111911079308414;0.00530290545567397;0.0422680265304032;-0.0880233594950703;2.82781565363891e-57;1.23967192746932;0.853691158273297;0.381818181818182;1.28084164790893;2.45509028434753;0.210909090909091;0.983280867338181;1.22034895420074;2.82842712474619;2.83189838658947;0.339257322381584;1.84619366300517;1.89864830730607;1.95618460355402;1.34049745035466;2.21196600523862;10;0.772736363910242;2.19730982044083;1.96240965678142;2.539291416276;1.6292765446585;1.91241461038589;2.23586496439847;1.97574732370752;2.42353770341171;-1.14616786778155;-1.63954314163753;1.17865499634165;2.11021320034659;1.01436004783871;1.30977086722851;0.546946160430908;0.0255170485887144;311;17.1
"557";"biocom_50_cropped_26";"biocom";"50_cropped";26;1;0.26075;0.248774629938241;"kept";"unimod";"bing";0.745285482110001;-0.274205787912802;-0.961671038284464;142.664702;-33.970467;9.32737905308882;0.405465108108164;0.7878;0.00642745069787446;0.005;NA;NA;NA;NA;0.412574818581493;0.384331797235023;0.000969657185743167;1.54194929594744e-05;8;0.858666087727749;21.1037289357426;2.64765328534836;0.111911079308414;0.00530290545567397;0.0422680265304032;-0.0880233594950703;2.82781565363891e-57;1.23967192746932;0.853691158273297;0.381818181818182;1.28084164790893;2.45509028434753;0.210909090909091;0.983280867338181;1.22034895420074;2.82842712474619;2.83189838658947;0.339257322381584;1.84619366300517;1.89864830730607;1.95618460355402;1.34049745035466;2.21196600523862;10;0.772736363910242;2.19730982044083;1.96240965678142;2.539291416276;1.6292765446585;1.91241461038589;2.23586496439847;1.97574732370752;2.42353770341171;-1.14616786778155;-1.63954314163753;1.17865499634165;2.11021320034659;1.01436004783871;1.30977086722851;0.546946160430908;0.0255170485887144;311;17.1
"558";"biocom_50_cropped_26";"biocom";"50_cropped";26;2;0.26075;0.280609744142731;"kept";"bimod";"bing";0.684417338669626;-0.274205787912802;-0.961671038284464;142.664702;-33.970467;9.32737905308882;0.405465108108164;0.7878;0.0158618152311033;0.00912684851200302;NA;NA;NA;NA;0.412574818581493;0.384331797235023;0.000969657185743167;1.54194929594744e-05;8;0.858666087727749;21.1037289357426;2.64765328534836;0.111911079308414;0.00530290545567397;0.0422680265304032;-0.0880233594950703;2.82781565363891e-57;1.23967192746932;0.853691158273297;0.381818181818182;1.28084164790893;2.45509028434753;0.210909090909091;0.983280867338181;1.22034895420074;2.82842712474619;2.83189838658947;0.339257322381584;1.84619366300517;1.89864830730607;1.95618460355402;1.34049745035466;2.21196600523862;10;0.772736363910242;2.19730982044083;1.96240965678142;2.539291416276;1.6292765446585;1.91241461038589;2.23586496439847;1.97574732370752;2.42353770341171;-1.14616786778155;-1.63954314163753;1.17865499634165;2.11021320034659;1.01436004783871;1.30977086722851;0.546946160430908;0.0255170485887144;311;17.1
"559";"biocom_50_cropped_27";"biocom";"50_cropped";27;3;0.252;0.217525297871824;"kept";"bimod";"bing";0.596219386169751;-0.365683200878681;-0.930739381671971;142.568099;-34.106015;9.8488578017961;0.405465108108164;0.7826;0.00696721122049991;0.00561526401253498;NA;NA;NA;NA;0.184935642777689;0.409121245828698;0.000230579214956417;1.07775260634435e-05;19;0.870556597716568;40.3083452581727;4.04986733914079;0.172937085669944;0.00429035438101693;0.0427019137141993;0.175095176227307;0.000184306815490195;1.21142691271225;1.2435754069025;0.407272727272727;1.24836703810361;2.33098220825195;0.170909090909091;0.921135038137436;0.963271617889404;2.23606797749979;3.42603773169242;0.180180663076576;1.66388129525715;1.22865469807759;2.44561706372317;1.24783478222579;2.18050983905793;7;0.955648920602415;1.73466554394472;1.82930720054497;2.539291416276;2.09094620423656;1.86996970393441;2.18485487049276;1.4236757856172;2.80336038090653;-1.11543240779567;-1.45259788632393;NA;NA;NA;NA;0.292947430664667;0.0216432658216418;317;16.9
"560";"biocom_50_cropped_27";"biocom";"50_cropped";27;2;0.252;0.254774442476158;"kept";"bimod";"bing";0.518013088034171;-0.365683200878681;-0.930739381671971;142.568099;-34.106015;9.8488578017961;0.405465108108164;0.7826;0.0121070912751669;0.00944677140191846;NA;NA;NA;NA;0.184935642777689;0.409121245828698;0.000230579214956417;1.07775260634435e-05;19;0.870556597716568;40.3083452581727;4.04986733914079;0.172937085669944;0.00429035438101693;0.0427019137141993;0.175095176227307;0.000184306815490195;1.21142691271225;1.2435754069025;0.407272727272727;1.24836703810361;2.33098220825195;0.170909090909091;0.921135038137436;0.963271617889404;2.23606797749979;3.42603773169242;0.180180663076576;1.66388129525715;1.22865469807759;2.44561706372317;1.24783478222579;2.18050983905793;7;0.955648920602415;1.73466554394472;1.82930720054497;2.539291416276;2.09094620423656;1.86996970393441;2.18485487049276;1.4236757856172;2.80336038090653;-1.11543240779567;-1.45259788632393;NA;NA;NA;NA;0.292947430664667;0.0216432658216418;317;16.9
"561";"biocom_50_cropped_27";"biocom";"50_cropped";27;1;0.252;0.259021087626489;"kept";"bimod";"bing";0.635724013611446;-0.365683200878681;-0.930739381671971;142.568099;-34.106015;9.8488578017961;0.405465108108164;0.7826;0.00771944711583591;0.007178855699219;NA;NA;NA;NA;0.184935642777689;0.409121245828698;0.000230579214956417;1.07775260634435e-05;19;0.870556597716568;40.3083452581727;4.04986733914079;0.172937085669944;0.00429035438101693;0.0427019137141993;0.175095176227307;0.000184306815490195;1.21142691271225;1.2435754069025;0.407272727272727;1.24836703810361;2.33098220825195;0.170909090909091;0.921135038137436;0.963271617889404;2.23606797749979;3.42603773169242;0.180180663076576;1.66388129525715;1.22865469807759;2.44561706372317;1.24783478222579;2.18050983905793;7;0.955648920602415;1.73466554394472;1.82930720054497;2.539291416276;2.09094620423656;1.86996970393441;2.18485487049276;1.4236757856172;2.80336038090653;-1.11543240779567;-1.45259788632393;NA;NA;NA;NA;0.292947430664667;0.0216432658216418;317;16.9
"562";"biocom_50_cropped_28";"biocom";"50_cropped";28;1;0.12925;0.236153318302127;"kept";"bimod";"bing";0.795958807766512;-0.462337658646943;-0.886703946871143;142.461836;-33.963906;10.295630140987;0.405465108108164;0.7868;0.00514678708731153;0.005;NA;NA;NA;NA;0.242862439747868;0.127030033370412;0.000168935586902933;2.29406110149304e-06;14;0.860095519584759;17.3053071530819;2.8595897850428;0.110730106314737;0.00639862126313182;0.0387223744097547;0.100832180889374;6.54014107414025e-10;1.23401979139771;1.24798976044465;0.396363636363636;1.29406834828357;2.44583225250244;0.163636363636364;1.23272255659103;1.68406021595001;2.23606797749979;3.31821322199531;0.179856121170655;1.73376724563661;1.22865469807759;2.25763309015962;1.16808898685196;2.17354890823365;6;0.971169747919997;2.16640678819108;1.99417216269696;2.539291416276;2.03496182323009;1.92483901977539;2.26902734691446;1.59753955386447;2.99573227355399;-1.21533310097746;-1.70358657836914;2.70805020110221;1.09861228866811;0.777297675609589;0.873542428016663;0.610493064063857;0.038356902107253;312;17
"563";"biocom_50_cropped_28";"biocom";"50_cropped";28;2;0.12925;0.233285952357612;"kept";"unimod";"bing";0.716552268018799;-0.462337658646943;-0.886703946871143;142.461836;-33.963906;10.295630140987;0.405465108108164;0.7868;0.00743617074391711;0.0069762780973105;NA;NA;NA;NA;0.242862439747868;0.127030033370412;0.000168935586902933;2.29406110149304e-06;14;0.860095519584759;17.3053071530819;2.8595897850428;0.110730106314737;0.00639862126313182;0.0387223744097547;0.100832180889374;6.54014107414025e-10;1.23401979139771;1.24798976044465;0.396363636363636;1.29406834828357;2.44583225250244;0.163636363636364;1.23272255659103;1.68406021595001;2.23606797749979;3.31821322199531;0.179856121170655;1.73376724563661;1.22865469807759;2.25763309015962;1.16808898685196;2.17354890823365;6;0.971169747919997;2.16640678819108;1.99417216269696;2.539291416276;2.03496182323009;1.92483901977539;2.26902734691446;1.59753955386447;2.99573227355399;-1.21533310097746;-1.70358657836914;2.70805020110221;1.09861228866811;0.777297675609589;0.873542428016663;0.610493064063857;0.038356902107253;312;17
"564";"biocom_50_cropped_28";"biocom";"50_cropped";28;3;0.12925;0.198460935202431;"kept";"unimod";"bing";0.718015753371464;-0.462337658646943;-0.886703946871143;142.461836;-33.963906;10.295630140987;0.405465108108164;0.7868;0.00583059648572584;0.005;NA;NA;NA;NA;0.242862439747868;0.127030033370412;0.000168935586902933;2.29406110149304e-06;14;0.860095519584759;17.3053071530819;2.8595897850428;0.110730106314737;0.00639862126313182;0.0387223744097547;0.100832180889374;6.54014107414025e-10;1.23401979139771;1.24798976044465;0.396363636363636;1.29406834828357;2.44583225250244;0.163636363636364;1.23272255659103;1.68406021595001;2.23606797749979;3.31821322199531;0.179856121170655;1.73376724563661;1.22865469807759;2.25763309015962;1.16808898685196;2.17354890823365;6;0.971169747919997;2.16640678819108;1.99417216269696;2.539291416276;2.03496182323009;1.92483901977539;2.26902734691446;1.59753955386447;2.99573227355399;-1.21533310097746;-1.70358657836914;2.70805020110221;1.09861228866811;0.777297675609589;0.873542428016663;0.610493064063857;0.038356902107253;312;17
"565";"biocom_50_cropped_29";"biocom";"50_cropped";29;1;0.3465;0.337025781786099;"kept";"unimod";"bing";0.736047684025944;-0.253514512297338;-0.967331583302563;142.686154;-33.931135;9.53939201416946;0.405465108108164;0.7881;0.00840469909981186;0.00606388789638601;NA;NA;NA;NA;0.245362572170136;0.325726998252026;0.000727507707480843;9.53946615590744e-06;22;0.903088417669467;32.6579228368573;3.99646943793425;0.153040681947147;0.00468617317493404;0.0382939702965055;-0.0377315839243679;7.47439741507186e-44;1.34435355076799;1.38007360298187;0.4;1.28220891421384;2.58833050727844;0.181818181818182;0.923270344734192;0.923270344734192;2;3.6788879067796;0.279520344756742;1.75696197440547;0.743491774985175;2.6358728248793;1.4383389946031;2.29394588470459;5;1.03066946686237;1.61564222645416;1.94935376492758;1.76028085660087;2.15056782831294;1.89846631071784;2.43296940218318;2.05679676106998;2.70805020110221;-1.12861882965401;-1.51661784648895;NA;NA;NA;NA;0.200473063462159;0.0202793550025884;312;17.1
"566";"biocom_50_cropped_29";"biocom";"50_cropped";29;3;0.3465;0.320752867365944;"kept";"bimod";"bing";0.754305409528985;-0.253514512297338;-0.967331583302563;142.686154;-33.931135;9.53939201416946;0.405465108108164;0.7881;0.0053364812393466;0.005;NA;NA;NA;NA;0.245362572170136;0.325726998252026;0.000727507707480843;9.53946615590744e-06;22;0.903088417669467;32.6579228368573;3.99646943793425;0.153040681947147;0.00468617317493404;0.0382939702965055;-0.0377315839243679;7.47439741507186e-44;1.34435355076799;1.38007360298187;0.4;1.28220891421384;2.58833050727844;0.181818181818182;0.923270344734192;0.923270344734192;2;3.6788879067796;0.279520344756742;1.75696197440547;0.743491774985175;2.6358728248793;1.4383389946031;2.29394588470459;5;1.03066946686237;1.61564222645416;1.94935376492758;1.76028085660087;2.15056782831294;1.89846631071784;2.43296940218318;2.05679676106998;2.70805020110221;-1.12861882965401;-1.51661784648895;NA;NA;NA;NA;0.200473063462159;0.0202793550025884;312;17.1
"567";"biocom_50_cropped_29";"biocom";"50_cropped";29;2;0.3465;0.291589059896089;"kept";"bimod";"bing";0.755635585233063;-0.253514512297338;-0.967331583302563;142.686154;-33.931135;9.53939201416946;0.405465108108164;0.7881;0.00729088288618811;0.00532616665206498;NA;NA;NA;NA;0.245362572170136;0.325726998252026;0.000727507707480843;9.53946615590744e-06;22;0.903088417669467;32.6579228368573;3.99646943793425;0.153040681947147;0.00468617317493404;0.0382939702965055;-0.0377315839243679;7.47439741507186e-44;1.34435355076799;1.38007360298187;0.4;1.28220891421384;2.58833050727844;0.181818181818182;0.923270344734192;0.923270344734192;2;3.6788879067796;0.279520344756742;1.75696197440547;0.743491774985175;2.6358728248793;1.4383389946031;2.29394588470459;5;1.03066946686237;1.61564222645416;1.94935376492758;1.76028085660087;2.15056782831294;1.89846631071784;2.43296940218318;2.05679676106998;2.70805020110221;-1.12861882965401;-1.51661784648895;NA;NA;NA;NA;0.200473063462159;0.0202793550025884;312;17.1
"571";"biocom_50_cropped_30";"biocom";"50_cropped";30;2;0.376;0.273943731006764;"kept";"unimod";"bing";0.609154729683609;-0.271645813485769;-0.962397294268669;142.667363;-33.944026;9.59166304662544;0.405465108108164;0.7872;0.0108221512358653;0.0107471981489025;NA;NA;NA;NA;0.441728905132687;-0.0338895068594735;0.000267453372439804;-2.29897211553143e-06;15;0.877086249855584;15.3765599609849;2.30010818755819;0.132071076443003;0.0085891172523704;0.0574195062464479;-0.0146493797111492;1.20505520665995e-56;1.51242966305529;1.2364937574739;0.396363636363636;1.28562851682786;2.53107142448425;0.178181818181818;0.914166430632273;1.06141400337219;2.23606797749979;3.35963243448394;0.221217088303791;1.7587778776411;1.22865469807759;2.31734275115134;1.26304741454676;2.28033130645752;7;0.956116480873661;2.31629389462327;2.03336292798402;1.76028085660087;2.0466817086449;1.98427525975487;2.38756114244461;2.57858283255199;2.64920970107928;-1.00353677096428;-1.40269606454032;3.13549421592915;2.56494935746154;1.2701626309882;1.72417151927948;0.79251992717977;0.0478731412178879;312;17.1
"572";"biocom_50_cropped_30";"biocom";"50_cropped";30;1;0.376;0.314626017057151;"kept";"unimod";"bing";0.756086743209208;-0.271645813485769;-0.962397294268669;142.667363;-33.944026;9.59166304662544;0.405465108108164;0.7872;0.0082321005878701;0.00637683734750399;NA;NA;NA;NA;0.441728905132687;-0.0338895068594735;0.000267453372439804;-2.29897211553143e-06;15;0.877086249855584;15.3765599609849;2.30010818755819;0.132071076443003;0.0085891172523704;0.0574195062464479;-0.0146493797111492;1.20505520665995e-56;1.51242966305529;1.2364937574739;0.396363636363636;1.28562851682786;2.53107142448425;0.178181818181818;0.914166430632273;1.06141400337219;2.23606797749979;3.35963243448394;0.221217088303791;1.7587778776411;1.22865469807759;2.31734275115134;1.26304741454676;2.28033130645752;7;0.956116480873661;2.31629389462327;2.03336292798402;1.76028085660087;2.0466817086449;1.98427525975487;2.38756114244461;2.57858283255199;2.64920970107928;-1.00353677096428;-1.40269606454032;3.13549421592915;2.56494935746154;1.2701626309882;1.72417151927948;0.79251992717977;0.0478731412178879;312;17.1
"573";"biocom_50_cropped_30";"biocom";"50_cropped";30;3;0.376;0.300681305754338;"kept";"unimod";"bing";0.707856881377687;-0.271645813485769;-0.962397294268669;142.667363;-33.944026;9.59166304662544;0.405465108108164;0.7872;0.0098215021571264;0.007664567755651;NA;NA;NA;NA;0.441728905132687;-0.0338895068594735;0.000267453372439804;-2.29897211553143e-06;15;0.877086249855584;15.3765599609849;2.30010818755819;0.132071076443003;0.0085891172523704;0.0574195062464479;-0.0146493797111492;1.20505520665995e-56;1.51242966305529;1.2364937574739;0.396363636363636;1.28562851682786;2.53107142448425;0.178181818181818;0.914166430632273;1.06141400337219;2.23606797749979;3.35963243448394;0.221217088303791;1.7587778776411;1.22865469807759;2.31734275115134;1.26304741454676;2.28033130645752;7;0.956116480873661;2.31629389462327;2.03336292798402;1.76028085660087;2.0466817086449;1.98427525975487;2.38756114244461;2.57858283255199;2.64920970107928;-1.00353677096428;-1.40269606454032;3.13549421592915;2.56494935746154;1.2701626309882;1.72417151927948;0.79251992717977;0.0478731412178879;312;17.1
"574";"biocom_50_cropped_31";"biocom";"50_cropped";31;1;0.2115;0.0817263544536272;"kept";"unimod";"bing";0.77664973614155;0.188480212182472;0.982076987621465;145.894444;-32.161111;15.6524758424985;1.79175946922805;0.7249;0.00558233992808394;0.005;NA;NA;NA;NA;0.64148524815933;0.563811642565814;0.000517628683356278;4.40434678051109e-05;5;0.910743790962111;16.8313782309778;2.73619098998954;0.112737912874616;0.00669807970134757;0.0412025013191958;0.0902549908697165;2.98942956405839e-103;1.19946902705504;0.782184953259555;0.330909090909091;1.32360505304117;2.3540256023407;0.221818181818182;1.10258861780167;1.52300107479095;3.3166247903554;2.24127460157292;0.35627592442583;1.74523013719806;2.15484540552628;1.41531791130011;0.951254418455877;1.93877726793289;13;0.506072892113247;2.00950177058133;1.73494697500158;3.2798728979856;1.49517877662952;1.81606965715235;2.01717022332278;2.24212542745349;2.15466496291742;-1.19473110842519;-1.6674482896924;2.05412373369555;1.48160454092422;0.987478501543048;1.64102420806885;0.710370437511691;0.0315032291829997;405;17.9
"575";"biocom_50_cropped_31";"biocom";"50_cropped";31;2;0.2115;0.107540046933986;"kept";"bimod";"bing";0.763221250044258;0.188480212182472;0.982076987621465;145.894444;-32.161111;15.6524758424985;1.79175946922805;0.7249;0.00637065439115857;0.00531777586453297;NA;NA;NA;NA;0.64148524815933;0.563811642565814;0.000517628683356278;4.40434678051109e-05;5;0.910743790962111;16.8313782309778;2.73619098998954;0.112737912874616;0.00669807970134757;0.0412025013191958;0.0902549908697165;2.98942956405839e-103;1.19946902705504;0.782184953259555;0.330909090909091;1.32360505304117;2.3540256023407;0.221818181818182;1.10258861780167;1.52300107479095;3.3166247903554;2.24127460157292;0.35627592442583;1.74523013719806;2.15484540552628;1.41531791130011;0.951254418455877;1.93877726793289;13;0.506072892113247;2.00950177058133;1.73494697500158;3.2798728979856;1.49517877662952;1.81606965715235;2.01717022332278;2.24212542745349;2.15466496291742;-1.19473110842519;-1.6674482896924;2.05412373369555;1.48160454092422;0.987478501543048;1.64102420806885;0.710370437511691;0.0315032291829997;405;17.9
"576";"biocom_50_cropped_31";"biocom";"50_cropped";31;3;0.2115;0.210743801652893;"kept";"unimod";"bing";0.688996718648296;0.188480212182472;0.982076987621465;145.894444;-32.161111;15.6524758424985;1.79175946922805;0.7249;0.0110562077982099;0.010749531669608;NA;NA;NA;NA;0.64148524815933;0.563811642565814;0.000517628683356278;4.40434678051109e-05;5;0.910743790962111;16.8313782309778;2.73619098998954;0.112737912874616;0.00669807970134757;0.0412025013191958;0.0902549908697165;2.98942956405839e-103;1.19946902705504;0.782184953259555;0.330909090909091;1.32360505304117;2.3540256023407;0.221818181818182;1.10258861780167;1.52300107479095;3.3166247903554;2.24127460157292;0.35627592442583;1.74523013719806;2.15484540552628;1.41531791130011;0.951254418455877;1.93877726793289;13;0.506072892113247;2.00950177058133;1.73494697500158;3.2798728979856;1.49517877662952;1.81606965715235;2.01717022332278;2.24212542745349;2.15466496291742;-1.19473110842519;-1.6674482896924;2.05412373369555;1.48160454092422;0.987478501543048;1.64102420806885;0.710370437511691;0.0315032291829997;405;17.9
"580";"biocom_50_cropped_33";"biocom";"50_cropped";33;2;0.4265;0.388978550603915;"kept";"unimod";"bing";0.798108661930613;-0.725661011826228;0.688052393292353;146.896053;-31.317042;14.247806848775;1.09861228866811;0.6879;0.0170414275526578;0.0162178322295835;NA;NA;NA;NA;0.788908310821548;0.536352561046666;0.00115755098078114;9.55210109629344e-05;5;0.899574172296902;10.5144503800889;2.29271634842639;0.117259694656164;0.0111522419543886;0.0511444404087081;0.188539286866616;8.30109009252847e-187;0.948706026892802;1.2951057200515;0.327272727272727;1.30413054852259;2.39070510864258;0.210909090909091;1.28690222501755;2.0344250202179;3.3166247903554;2.12168727505605;0.380848852136793;1.69845010312098;2.37886580797276;1.27242601070422;0.904664982183389;1.89040205478668;13;0.646587107912384;1.97088840441739;1.84047913882468;2.539291416276;1.69687251992054;1.89216470718384;2.17900567305715;1.75480019260307;1.90954250488444;-1.07813473818824;-1.59128285944462;1.50407739677627;1.84582669049833;1.09984831015269;1.66419315338135;0.752249763915787;0.046650712708691;476;18.6
"581";"biocom_50_cropped_33";"biocom";"50_cropped";33;1;0.4265;0.392336526447314;"kept";"unimod";"bing";0.816776242870903;-0.725661011826228;0.688052393292353;146.896053;-31.317042;14.247806848775;1.09861228866811;0.6879;0.0094444518906555;0.00938802509977799;NA;NA;NA;NA;0.788908310821548;0.536352561046666;0.00115755098078114;9.55210109629344e-05;5;0.899574172296902;10.5144503800889;2.29271634842639;0.117259694656164;0.0111522419543886;0.0511444404087081;0.188539286866616;8.30109009252847e-187;0.948706026892802;1.2951057200515;0.327272727272727;1.30413054852259;2.39070510864258;0.210909090909091;1.28690222501755;2.0344250202179;3.3166247903554;2.12168727505605;0.380848852136793;1.69845010312098;2.37886580797276;1.27242601070422;0.904664982183389;1.89040205478668;13;0.646587107912384;1.97088840441739;1.84047913882468;2.539291416276;1.69687251992054;1.89216470718384;2.17900567305715;1.75480019260307;1.90954250488444;-1.07813473818824;-1.59128285944462;1.50407739677627;1.84582669049833;1.09984831015269;1.66419315338135;0.752249763915787;0.046650712708691;476;18.6
"582";"biocom_50_cropped_33";"biocom";"50_cropped";33;3;0.4265;0.441300499791753;"kept";"unimod";"bing";0.828195319952151;-0.725661011826228;0.688052393292353;146.896053;-31.317042;14.247806848775;1.09861228866811;0.6879;0.0176002147202066;0.017503015278462;NA;NA;NA;NA;0.788908310821548;0.536352561046666;0.00115755098078114;9.55210109629344e-05;5;0.899574172296902;10.5144503800889;2.29271634842639;0.117259694656164;0.0111522419543886;0.0511444404087081;0.188539286866616;8.30109009252847e-187;0.948706026892802;1.2951057200515;0.327272727272727;1.30413054852259;2.39070510864258;0.210909090909091;1.28690222501755;2.0344250202179;3.3166247903554;2.12168727505605;0.380848852136793;1.69845010312098;2.37886580797276;1.27242601070422;0.904664982183389;1.89040205478668;13;0.646587107912384;1.97088840441739;1.84047913882468;2.539291416276;1.69687251992054;1.89216470718384;2.17900567305715;1.75480019260307;1.90954250488444;-1.07813473818824;-1.59128285944462;1.50407739677627;1.84582669049833;1.09984831015269;1.66419315338135;0.752249763915787;0.046650712708691;476;18.6
"583";"biocom_50_cropped_34";"biocom";"50_cropped";34;3;0.3085;0.0501353602665556;"kept";"bimod";"bing";0.849705514408355;-0.7324901614058;0.680777616732296;146.906031;-31.300882;13.8924439894498;1.50407739677627;0.6877;0.00503043710153666;0.005;NA;NA;NA;NA;0.741723608241962;0.509656231791938;0.00159895695744727;9.28664337483363e-05;16;0.900114693321208;16.2643144912833;2.70634907191296;0.137762439369703;0.00847022722313538;0.0509034258734137;-0.00656753465601876;4.65086070976806e-171;1.25409227750221;2.32567994587548;0.403636363636364;1.31529782396374;2.2390124797821;0.210909090909091;1.10826614073345;1.52213799953461;2.44948974278318;3.70077293168158;0.336104140065379;1.80931125151909;1.59753955386447;2.13800142969669;1.00151068505479;2.00714185833931;7;1.01993735034158;2.33504856167376;1.87946374299096;1.76028085660087;1.93333457522329;1.87262034416199;2.08638217138207;2.27030575550499;2.9704144655697;-1.09302472632931;-1.494777739048;NA;NA;NA;NA;0.737609386703857;0.0436368942094299;477;18.6
"584";"biocom_50_cropped_34";"biocom";"50_cropped";34;2;0.3085;0.147178259058726;"kept";"bimod";"bing";0.906501948681124;-0.7324901614058;0.680777616732296;146.906031;-31.300882;13.8924439894498;1.50407739677627;0.6877;0.005;0.005;NA;NA;NA;NA;0.741723608241962;0.509656231791938;0.00159895695744727;9.28664337483363e-05;16;0.900114693321208;16.2643144912833;2.70634907191296;0.137762439369703;0.00847022722313538;0.0509034258734137;-0.00656753465601876;4.65086070976806e-171;1.25409227750221;2.32567994587548;0.403636363636364;1.31529782396374;2.2390124797821;0.210909090909091;1.10826614073345;1.52213799953461;2.44948974278318;3.70077293168158;0.336104140065379;1.80931125151909;1.59753955386447;2.13800142969669;1.00151068505479;2.00714185833931;7;1.01993735034158;2.33504856167376;1.87946374299096;1.76028085660087;1.93333457522329;1.87262034416199;2.08638217138207;2.27030575550499;2.9704144655697;-1.09302472632931;-1.494777739048;NA;NA;NA;NA;0.737609386703857;0.0436368942094299;477;18.6
"585";"biocom_50_cropped_34";"biocom";"50_cropped";34;1;0.3085;0.289436693044565;"kept";"bimod";"bing";0.910579213178638;-0.7324901614058;0.680777616732296;146.906031;-31.300882;13.8924439894498;1.50407739677627;0.6877;0.00519839330395084;0.00500648091462;NA;NA;NA;NA;0.741723608241962;0.509656231791938;0.00159895695744727;9.28664337483363e-05;16;0.900114693321208;16.2643144912833;2.70634907191296;0.137762439369703;0.00847022722313538;0.0509034258734137;-0.00656753465601876;4.65086070976806e-171;1.25409227750221;2.32567994587548;0.403636363636364;1.31529782396374;2.2390124797821;0.210909090909091;1.10826614073345;1.52213799953461;2.44948974278318;3.70077293168158;0.336104140065379;1.80931125151909;1.59753955386447;2.13800142969669;1.00151068505479;2.00714185833931;7;1.01993735034158;2.33504856167376;1.87946374299096;1.76028085660087;1.93333457522329;1.87262034416199;2.08638217138207;2.27030575550499;2.9704144655697;-1.09302472632931;-1.494777739048;NA;NA;NA;NA;0.737609386703857;0.0436368942094299;477;18.6
"589";"biocom_50_cropped_36";"biocom";"50_cropped";36;2;0.442;0.506785021936537;"kept";"unimod";"bing";0.665551258029176;-0.547882238911382;0.836555468743975;146.663889;-32.116667;16.062378404209;0.182321556793955;0.6946;0.0359428988968723;0.0328187230250765;NA;NA;NA;NA;0.734180835849356;0.541755389586313;0.00128950799731162;5.24429544823835e-05;5;0.894859049184774;26.8860872581867;4.23503855342448;0.2531271426492;0.0094148003098563;0.0597697375020398;0.125370653638741;3.09616989561025e-180;1.40272428637842;1.32890662391912;0.323636363636364;1.30770171997024;2.23078370094299;0.232727272727273;0.977937653660774;1.30379295349121;3.3166247903554;2.3408252465862;0.4505310589676;1.81208530120682;2.15484540552628;1.26277685431734;1.00401068723474;1.95836687088013;12;0.610400754749846;1.5933253753494;1.7877481632999;3.2798728979856;1.42021907323501;1.81161964567084;2.01833523574629;1.70400645604229;2.19722457733622;-1.07057586326098;-1.56263552771674;1.73460105538811;1.87180217690159;1.06070481012525;1.65045573314031;0.57084278478291;0.0488942582359804;450;17.9
"590";"biocom_50_cropped_36";"biocom";"50_cropped";36;1;0.442;0.550734618916437;"kept";"unimod";"bing";0.701593221123032;-0.547882238911382;0.836555468743975;146.663889;-32.116667;16.062378404209;0.182321556793955;0.6946;0.0154065641438062;0.00981382491706501;NA;NA;NA;NA;0.734180835849356;0.541755389586313;0.00128950799731162;5.24429544823835e-05;5;0.894859049184774;26.8860872581867;4.23503855342448;0.2531271426492;0.0094148003098563;0.0597697375020398;0.125370653638741;3.09616989561025e-180;1.40272428637842;1.32890662391912;0.323636363636364;1.30770171997024;2.23078370094299;0.232727272727273;0.977937653660774;1.30379295349121;3.3166247903554;2.3408252465862;0.4505310589676;1.81208530120682;2.15484540552628;1.26277685431734;1.00401068723474;1.95836687088013;12;0.610400754749846;1.5933253753494;1.7877481632999;3.2798728979856;1.42021907323501;1.81161964567084;2.01833523574629;1.70400645604229;2.19722457733622;-1.07057586326098;-1.56263552771674;1.73460105538811;1.87180217690159;1.06070481012525;1.65045573314031;0.57084278478291;0.0488942582359804;450;17.9
"591";"biocom_50_cropped_36";"biocom";"50_cropped";36;3;0.442;0.536577900214264;"kept";"bimod";"bing";0.761853175039016;-0.547882238911382;0.836555468743975;146.663889;-32.116667;16.062378404209;0.182321556793955;0.6946;0.0139026327873705;0.010362123426249;NA;NA;NA;NA;0.734180835849356;0.541755389586313;0.00128950799731162;5.24429544823835e-05;5;0.894859049184774;26.8860872581867;4.23503855342448;0.2531271426492;0.0094148003098563;0.0597697375020398;0.125370653638741;3.09616989561025e-180;1.40272428637842;1.32890662391912;0.323636363636364;1.30770171997024;2.23078370094299;0.232727272727273;0.977937653660774;1.30379295349121;3.3166247903554;2.3408252465862;0.4505310589676;1.81208530120682;2.15484540552628;1.26277685431734;1.00401068723474;1.95836687088013;12;0.610400754749846;1.5933253753494;1.7877481632999;3.2798728979856;1.42021907323501;1.81161964567084;2.01833523574629;1.70400645604229;2.19722457733622;-1.07057586326098;-1.56263552771674;1.73460105538811;1.87180217690159;1.06070481012525;1.65045573314031;0.57084278478291;0.0488942582359804;450;17.9
"592";"biocom_50_cropped_37";"biocom";"50_cropped";37;2;0.656175;0.789644676994631;"kept";"bimod";"bing";0.614807031267758;-0.919740088717215;0.392527921562849;-41.244083;-11.338972;32.7261363439071;0.405465108108164;0.5541;0.0323360759688501;0.01120388240569;NA;NA;NA;NA;0.430075745537369;0.0175538958631283;0.000527510115553318;8.7087029169353e-07;8;0.833915015643172;28.6445511331727;7.73000099231275;0.243152088668896;0.00848859832149043;0.031455634858353;0.125370653638741;2.42758801211098e-49;1.70029362575359;2.59194355106288;0.250909090909091;1.30426154801479;2.52335572242737;0.232727272727273;1.21949758794573;1.87133729457855;3.60555127546399;1.83856080652226;0.142058676651359;1.35030500094096;2.15484540552628;1.45347057718664;0.628924039075795;1.66395239602952;15;0.546864600813086;0.862142044767127;1.62714568557947;3.2798728979856;1.35503108493298;1.70576309306281;1.85095689126424;1.36129818269696;1.89711998488588;-1.03893643254132;-1.58593120177587;1.56861591791385;1.88706964903238;1.06452003618081;1.45444915294647;0.261788517040386;0.0449335992783201;652;20.1
"593";"biocom_50_cropped_37";"biocom";"50_cropped";37;1;0.656175;0.70999623815875;"kept";"unimod";"bing";0.659020312366549;-0.919740088717215;0.392527921562849;-41.244083;-11.338972;32.7261363439071;0.405465108108164;0.5541;0.0395447104604661;0.026484992619007;NA;NA;NA;NA;0.430075745537369;0.0175538958631283;0.000527510115553318;8.7087029169353e-07;8;0.833915015643172;28.6445511331727;7.73000099231275;0.243152088668896;0.00848859832149043;0.031455634858353;0.125370653638741;2.42758801211098e-49;1.70029362575359;2.59194355106288;0.250909090909091;1.30426154801479;2.52335572242737;0.232727272727273;1.21949758794573;1.87133729457855;3.60555127546399;1.83856080652226;0.142058676651359;1.35030500094096;2.15484540552628;1.45347057718664;0.628924039075795;1.66395239602952;15;0.546864600813086;0.862142044767127;1.62714568557947;3.2798728979856;1.35503108493298;1.70576309306281;1.85095689126424;1.36129818269696;1.89711998488588;-1.03893643254132;-1.58593120177587;1.56861591791385;1.88706964903238;1.06452003618081;1.45444915294647;0.261788517040386;0.0449335992783201;652;20.1
"594";"biocom_50_cropped_37";"biocom";"50_cropped";37;3;0.656175;0.511815601381622;"kept";"unimod";"bing";0.740465119577117;-0.919740088717215;0.392527921562849;-41.244083;-11.338972;32.7261363439071;0.405465108108164;0.5541;0.0173972840025855;0.0169580112977275;NA;NA;NA;NA;0.430075745537369;0.0175538958631283;0.000527510115553318;8.7087029169353e-07;8;0.833915015643172;28.6445511331727;7.73000099231275;0.243152088668896;0.00848859832149043;0.031455634858353;0.125370653638741;2.42758801211098e-49;1.70029362575359;2.59194355106288;0.250909090909091;1.30426154801479;2.52335572242737;0.232727272727273;1.21949758794573;1.87133729457855;3.60555127546399;1.83856080652226;0.142058676651359;1.35030500094096;2.15484540552628;1.45347057718664;0.628924039075795;1.66395239602952;15;0.546864600813086;0.862142044767127;1.62714568557947;3.2798728979856;1.35503108493298;1.70576309306281;1.85095689126424;1.36129818269696;1.89711998488588;-1.03893643254132;-1.58593120177587;1.56861591791385;1.88706964903238;1.06452003618081;1.45444915294647;0.261788517040386;0.0449335992783201;652;20.1
"595";"biocom_50_cropped_38";"biocom";"50_cropped";38;2;0.8288;0.696692999555419;"kept";"bimod";"bing";0.789776145678803;-0.919859766952026;0.39224738258268;-41.243778;-11.33875;32.7414110874898;0.405465108108164;0.5541;0.00748358325919832;0.00536698927004101;NA;NA;NA;NA;0.430075745537369;0.0175538958631283;0.000527510115553318;8.7087029169353e-07;8;0.833915015643172;28.6445511331727;7.73000099231275;0.243152088668896;0.00848859832149043;0.031455634858353;-0.0040569784984537;2.42758801211098e-49;1.70029362575359;2.59194355106288;0.250909090909091;1.30426154801479;2.52335572242737;0.232727272727273;1.21949758794573;1.87133729457855;3.60555127546399;1.83856080652226;0.142058676651359;1.35030500094096;2.15484540552628;1.45347057718664;0.628924039075795;1.66395239602952;15;0.546864600813086;0.862142044767127;1.62714568557947;3.2798728979856;1.35503108493298;1.70576309306281;1.85095689126424;1.36129818269696;1.89711998488588;-1.03893643254132;-1.58593120177587;1.56861591791385;1.88706964903238;1.06452003618081;1.45444915294647;0.261788517040386;0.0449335992783201;652;20.1
"596";"biocom_50_cropped_38";"biocom";"50_cropped";38;3;0.8288;0.689511302623029;"kept";"unimod";"bing";0.643311451383559;-0.919859766952026;0.39224738258268;-41.243778;-11.33875;32.7414110874898;0.405465108108164;0.5541;0.0160297046322451;0.00743520744887299;NA;NA;NA;NA;0.430075745537369;0.0175538958631283;0.000527510115553318;8.7087029169353e-07;8;0.833915015643172;28.6445511331727;7.73000099231275;0.243152088668896;0.00848859832149043;0.031455634858353;-0.0040569784984537;2.42758801211098e-49;1.70029362575359;2.59194355106288;0.250909090909091;1.30426154801479;2.52335572242737;0.232727272727273;1.21949758794573;1.87133729457855;3.60555127546399;1.83856080652226;0.142058676651359;1.35030500094096;2.15484540552628;1.45347057718664;0.628924039075795;1.66395239602952;15;0.546864600813086;0.862142044767127;1.62714568557947;3.2798728979856;1.35503108493298;1.70576309306281;1.85095689126424;1.36129818269696;1.89711998488588;-1.03893643254132;-1.58593120177587;1.56861591791385;1.88706964903238;1.06452003618081;1.45444915294647;0.261788517040386;0.0449335992783201;652;20.1
"597";"biocom_50_cropped_38";"biocom";"50_cropped";38;1;0.8288;0.546698129338942;"kept";"bimod";"bing";0.82029641607845;-0.919859766952026;0.39224738258268;-41.243778;-11.33875;32.7414110874898;0.405465108108164;0.5541;0.00704110162060682;0.005;NA;NA;NA;NA;0.430075745537369;0.0175538958631283;0.000527510115553318;8.7087029169353e-07;8;0.833915015643172;28.6445511331727;7.73000099231275;0.243152088668896;0.00848859832149043;0.031455634858353;-0.0040569784984537;2.42758801211098e-49;1.70029362575359;2.59194355106288;0.250909090909091;1.30426154801479;2.52335572242737;0.232727272727273;1.21949758794573;1.87133729457855;3.60555127546399;1.83856080652226;0.142058676651359;1.35030500094096;2.15484540552628;1.45347057718664;0.628924039075795;1.66395239602952;15;0.546864600813086;0.862142044767127;1.62714568557947;3.2798728979856;1.35503108493298;1.70576309306281;1.85095689126424;1.36129818269696;1.89711998488588;-1.03893643254132;-1.58593120177587;1.56861591791385;1.88706964903238;1.06452003618081;1.45444915294647;0.261788517040386;0.0449335992783201;652;20.1
"598";"biocom_50_cropped_39";"biocom";"50_cropped";39;2;0.751;0.72280276816609;"kept";"bimod";"bing";0.599577151746365;0.553742610686188;-0.832687889374191;-38.683056;-9.731667;24.5153013442625;0.405465108108164;0.6533;0.047854260302075;0.041959259172968;NA;NA;NA;NA;0.466772604481169;0.273478468139202;0.000488704183578207;2.49684874047158e-05;4;0.788681849444186;14.6000275129357;3.5346040431473;0.236239796452401;0.0161807774843637;0.0668362830938333;-0.539407813064194;2.04392654433459e-75;0.930759883171396;1.45027693018419;0.229090909090909;1.30447035326677;2.11502957344055;0.236363636363636;1.20758381310631;1.91900634765625;4.35889894354067;1.22567209920009;0.366206740480436;1.51855370071199;2.37886580797276;0.812394872198141;0.784488158084466;1.71306880315145;15;0.577305653427338;0.64855204108911;1.56484736626347;4.67909549225421;0.946934584505255;1.60552737542561;1.7546483533723;1.05291637553797;1.64865862558738;-1.02243825830519;-1.42573664188385;1.75785791755237;1.3609765531356;1.07295466403166;1.53529794216156;0.590311104195462;0.0705924088750002;568;22.5
"599";"biocom_50_cropped_39";"biocom";"50_cropped";39;3;0.751;0.762179930795848;"kept";"unimod";"bing";0.589610382669702;0.553742610686188;-0.832687889374191;-38.683056;-9.731667;24.5153013442625;0.405465108108164;0.6533;0.0538585390281171;0.040026338745949;NA;NA;NA;NA;0.466772604481169;0.273478468139202;0.000488704183578207;2.49684874047158e-05;4;0.788681849444186;14.6000275129357;3.5346040431473;0.236239796452401;0.0161807774843637;0.0668362830938333;-0.539407813064194;2.04392654433459e-75;0.930759883171396;1.45027693018419;0.229090909090909;1.30447035326677;2.11502957344055;0.236363636363636;1.20758381310631;1.91900634765625;4.35889894354067;1.22567209920009;0.366206740480436;1.51855370071199;2.37886580797276;0.812394872198141;0.784488158084466;1.71306880315145;15;0.577305653427338;0.64855204108911;1.56484736626347;4.67909549225421;0.946934584505255;1.60552737542561;1.7546483533723;1.05291637553797;1.64865862558738;-1.02243825830519;-1.42573664188385;1.75785791755237;1.3609765531356;1.07295466403166;1.53529794216156;0.590311104195462;0.0705924088750002;568;22.5
"600";"biocom_50_cropped_39";"biocom";"50_cropped";39;1;0.751;0.803044982698962;"kept";"unimod";"bing";0.674437818852594;0.553742610686188;-0.832687889374191;-38.683056;-9.731667;24.5153013442625;0.405465108108164;0.6533;0.0295790916932733;0.030074379819646;NA;NA;NA;NA;0.466772604481169;0.273478468139202;0.000488704183578207;2.49684874047158e-05;4;0.788681849444186;14.6000275129357;3.5346040431473;0.236239796452401;0.0161807774843637;0.0668362830938333;-0.539407813064194;2.04392654433459e-75;0.930759883171396;1.45027693018419;0.229090909090909;1.30447035326677;2.11502957344055;0.236363636363636;1.20758381310631;1.91900634765625;4.35889894354067;1.22567209920009;0.366206740480436;1.51855370071199;2.37886580797276;0.812394872198141;0.784488158084466;1.71306880315145;15;0.577305653427338;0.64855204108911;1.56484736626347;4.67909549225421;0.946934584505255;1.60552737542561;1.7546483533723;1.05291637553797;1.64865862558738;-1.02243825830519;-1.42573664188385;1.75785791755237;1.3609765531356;1.07295466403166;1.53529794216156;0.590311104195462;0.0705924088750002;568;22.5
"604";"biocom_50_cropped_40";"biocom";"50_cropped";40;3;0.79165;0.676885813148789;"kept";"unimod";"bing";0.597053219996495;0.553326197541022;-0.832964656582015;-38.683556;-9.731389;24.5356882927706;0.405465108108164;0.6561;0.0180466792426095;0.00689411213462598;NA;NA;NA;NA;0.466772604481169;0.273478468139202;0.000488704183578207;2.49684874047158e-05;4;0.788681849444186;14.6000275129357;3.5346040431473;0.236239796452401;0.0161807774843637;0.0668362830938333;-0.040349595051684;2.04392654433459e-75;0.930759883171396;1.45027693018419;0.229090909090909;1.30447035326677;2.11502957344055;0.236363636363636;1.20758381310631;1.91900634765625;4.35889894354067;1.22567209920009;0.366206740480436;1.51855370071199;2.37886580797276;0.812394872198141;0.784488158084466;1.71306880315145;15;0.577305653427338;0.64855204108911;1.56484736626347;4.67909549225421;0.946934584505255;1.60552737542561;1.7546483533723;1.05291637553797;1.64865862558738;-1.02243825830519;-1.42573664188385;1.75785791755237;1.3609765531356;1.07295466403166;1.53529794216156;0.590311104195462;0.0705924088750002;564;22.6
"605";"biocom_50_cropped_40";"biocom";"50_cropped";40;1;0.79165;0.777128027681661;"kept";"bimod";"bing";0.551662461572506;0.553326197541022;-0.832964656582015;-38.683556;-9.731389;24.5356882927706;0.405465108108164;0.6561;0.0465968303842909;0.013133851985358;NA;NA;NA;NA;0.466772604481169;0.273478468139202;0.000488704183578207;2.49684874047158e-05;4;0.788681849444186;14.6000275129357;3.5346040431473;0.236239796452401;0.0161807774843637;0.0668362830938333;-0.040349595051684;2.04392654433459e-75;0.930759883171396;1.45027693018419;0.229090909090909;1.30447035326677;2.11502957344055;0.236363636363636;1.20758381310631;1.91900634765625;4.35889894354067;1.22567209920009;0.366206740480436;1.51855370071199;2.37886580797276;0.812394872198141;0.784488158084466;1.71306880315145;15;0.577305653427338;0.64855204108911;1.56484736626347;4.67909549225421;0.946934584505255;1.60552737542561;1.7546483533723;1.05291637553797;1.64865862558738;-1.02243825830519;-1.42573664188385;1.75785791755237;1.3609765531356;1.07295466403166;1.53529794216156;0.590311104195462;0.0705924088750002;564;22.6
"606";"biocom_50_cropped_40";"biocom";"50_cropped";40;2;0.79165;0.791072664359862;"kept";"bimod";"bing";0.591517214033661;0.553326197541022;-0.832964656582015;-38.683556;-9.731389;24.5356882927706;0.405465108108164;0.6561;0.0729503202198604;0.08744165977993;NA;NA;NA;NA;0.466772604481169;0.273478468139202;0.000488704183578207;2.49684874047158e-05;4;0.788681849444186;14.6000275129357;3.5346040431473;0.236239796452401;0.0161807774843637;0.0668362830938333;-0.040349595051684;2.04392654433459e-75;0.930759883171396;1.45027693018419;0.229090909090909;1.30447035326677;2.11502957344055;0.236363636363636;1.20758381310631;1.91900634765625;4.35889894354067;1.22567209920009;0.366206740480436;1.51855370071199;2.37886580797276;0.812394872198141;0.784488158084466;1.71306880315145;15;0.577305653427338;0.64855204108911;1.56484736626347;4.67909549225421;0.946934584505255;1.60552737542561;1.7546483533723;1.05291637553797;1.64865862558738;-1.02243825830519;-1.42573664188385;1.75785791755237;1.3609765531356;1.07295466403166;1.53529794216156;0.590311104195462;0.0705924088750002;564;22.6
"607";"biocom_50_cropped_41";"biocom";"50_cropped";41;2;0.46725;0.429362880886427;"kept";"unimod";"bing";0.704199503845584;0.319597971751188;0.947553236737929;-42.736806;-11.117667;20.1990098767242;0.405465108108164;0.6689;0.0101200100815363;0.00971324258303102;NA;NA;NA;NA;-0.249578897187351;-0.754393770856507;-0.000240490523726319;-3.92262609546325e-05;6;0.767028253714007;26.108548265482;6.34671062249472;0.146916590868814;0.00562714515471745;0.0231484621889165;0.169302952334964;1.32501539891975e-16;1.39431114464908;2.10070203636203;0.301818181818182;1.32161250591278;2.08447456359863;0.203636363636364;1.1494460379084;2.10820317268372;3.46410161513775;1.96231198851315;0.18942892661045;1.52012711892957;1.89864830730607;1.27985061820722;0.64735524315276;1.65841554800669;16;0.347979333372433;1.5595176146655;1.72703686983962;4.67909549225421;1.21070858372401;1.74109838157892;1.93790526688099;1.14329839541574;1.82454929205105;-1.12788094544931;-1.6680090546608;1.79175946922805;1.50407739677627;1.05564708590862;1.62751388549805;0.177106051506928;0.029575540827854;644;25.7
"608";"biocom_50_cropped_41";"biocom";"50_cropped";41;3;0.46725;0.445572996819534;"kept";"unimod";"bing";0.801003492206149;0.319597971751188;0.947553236737929;-42.736806;-11.117667;20.1990098767242;0.405465108108164;0.6689;0.021309237346902;0.021805398710101;NA;NA;NA;NA;-0.249578897187351;-0.754393770856507;-0.000240490523726319;-3.92262609546325e-05;6;0.767028253714007;26.108548265482;6.34671062249472;0.146916590868814;0.00562714515471745;0.0231484621889165;0.169302952334964;1.32501539891975e-16;1.39431114464908;2.10070203636203;0.301818181818182;1.32161250591278;2.08447456359863;0.203636363636364;1.1494460379084;2.10820317268372;3.46410161513775;1.96231198851315;0.18942892661045;1.52012711892957;1.89864830730607;1.27985061820722;0.64735524315276;1.65841554800669;16;0.347979333372433;1.5595176146655;1.72703686983962;4.67909549225421;1.21070858372401;1.74109838157892;1.93790526688099;1.14329839541574;1.82454929205105;-1.12788094544931;-1.6680090546608;1.79175946922805;1.50407739677627;1.05564708590862;1.62751388549805;0.177106051506928;0.029575540827854;644;25.7
"609";"biocom_50_cropped_41";"biocom";"50_cropped";41;1;0.46725;0.519886460791355;"kept";"unimod";"bing";0.718147029537383;0.319597971751188;0.947553236737929;-42.736806;-11.117667;20.1990098767242;0.405465108108164;0.6689;0.00696526103102035;0.00619991434819001;NA;NA;NA;NA;-0.249578897187351;-0.754393770856507;-0.000240490523726319;-3.92262609546325e-05;6;0.767028253714007;26.108548265482;6.34671062249472;0.146916590868814;0.00562714515471745;0.0231484621889165;0.169302952334964;1.32501539891975e-16;1.39431114464908;2.10070203636203;0.301818181818182;1.32161250591278;2.08447456359863;0.203636363636364;1.1494460379084;2.10820317268372;3.46410161513775;1.96231198851315;0.18942892661045;1.52012711892957;1.89864830730607;1.27985061820722;0.64735524315276;1.65841554800669;16;0.347979333372433;1.5595176146655;1.72703686983962;4.67909549225421;1.21070858372401;1.74109838157892;1.93790526688099;1.14329839541574;1.82454929205105;-1.12788094544931;-1.6680090546608;1.79175946922805;1.50407739677627;1.05564708590862;1.62751388549805;0.177106051506928;0.029575540827854;644;25.7
"610";"biocom_50_cropped_42";"biocom";"50_cropped";42;2;0.435925;0.487979207277453;"kept";"unimod";"bing";0.763580011937825;0.319860431733189;0.947464671748482;-42.737083;-11.125306;20.2237484161567;0.405465108108164;0.6679;0.0240709621417837;0.02077395413441;NA;NA;NA;NA;0.698246729169977;-0.0505217437364267;0.000699256456248684;4.87590911887513e-07;6;0.802290589097436;17.8222277195627;4.9487662970147;0.0968756630884973;0.00543566520487006;0.0195757199419453;-0.175655823316272;1.2888691797536e-135;1.32857035722522;1.96672704476679;0.28;1.23606958889192;1.99934947490692;0.225454545454545;1.24581220994393;1.78403961658478;3.60555127546399;1.93715373623027;0.306207410643678;1.5698783484598;1.89864830730607;1.27985061820722;0.896103136299716;1.78997139135997;16;0.312531181086432;1.0561485457849;1.64561731368303;3.2798728979856;1.27801693412306;1.66724946349859;1.87720467895269;1.59753955386447;1.82454929205105;-1.06163370052027;-1.74694666862488;1.55059741241117;1.79175946922805;1.13502388415813;1.55851032904216;0.339407020238284;0.0200756616182493;644;25.7
"611";"biocom_50_cropped_42";"biocom";"50_cropped";42;3;0.435925;0.478232618583496;"kept";"bimod";"bing";0.757807294942206;0.319860431733189;0.947464671748482;-42.737083;-11.125306;20.2237484161567;0.405465108108164;0.6679;0.0171922643732902;0.016791220267839;NA;NA;NA;NA;0.698246729169977;-0.0505217437364267;0.000699256456248684;4.87590911887513e-07;6;0.802290589097436;17.8222277195627;4.9487662970147;0.0968756630884973;0.00543566520487006;0.0195757199419453;-0.175655823316272;1.2888691797536e-135;1.32857035722522;1.96672704476679;0.28;1.23606958889192;1.99934947490692;0.225454545454545;1.24581220994393;1.78403961658478;3.60555127546399;1.93715373623027;0.306207410643678;1.5698783484598;1.89864830730607;1.27985061820722;0.896103136299716;1.78997139135997;16;0.312531181086432;1.0561485457849;1.64561731368303;3.2798728979856;1.27801693412306;1.66724946349859;1.87720467895269;1.59753955386447;1.82454929205105;-1.06163370052027;-1.74694666862488;1.55059741241117;1.79175946922805;1.13502388415813;1.55851032904216;0.339407020238284;0.0200756616182493;644;25.7
"612";"biocom_50_cropped_42";"biocom";"50_cropped";42;1;0.435925;0.451591942820013;"kept";"bimod";"bing";0.756464051607799;0.319860431733189;0.947464671748482;-42.737083;-11.125306;20.2237484161567;0.405465108108164;0.6679;0.0146490655341294;0.011954302945127;NA;NA;NA;NA;0.698246729169977;-0.0505217437364267;0.000699256456248684;4.87590911887513e-07;6;0.802290589097436;17.8222277195627;4.9487662970147;0.0968756630884973;0.00543566520487006;0.0195757199419453;-0.175655823316272;1.2888691797536e-135;1.32857035722522;1.96672704476679;0.28;1.23606958889192;1.99934947490692;0.225454545454545;1.24581220994393;1.78403961658478;3.60555127546399;1.93715373623027;0.306207410643678;1.5698783484598;1.89864830730607;1.27985061820722;0.896103136299716;1.78997139135997;16;0.312531181086432;1.0561485457849;1.64561731368303;3.2798728979856;1.27801693412306;1.66724946349859;1.87720467895269;1.59753955386447;1.82454929205105;-1.06163370052027;-1.74694666862488;1.55059741241117;1.79175946922805;1.13502388415813;1.55851032904216;0.339407020238284;0.0200756616182493;644;25.7
"613";"biocom_50_cropped_46";"biocom";"50_cropped";46;3;0.439583333333333;0.348829575010732;"kept";"unimod";"bing";0.691114711269327;-0.632241789947048;-0.774771139785519;-71.370278;-32.485556;10.7238052947636;2.00148000021012;0.7364;0.0123646149113475;0.00744744904043898;NA;NA;NA;NA;0.536352561046666;0.292081148365909;0.000811452623761322;7.44379649440585e-05;6;0.875088779046853;22.438541800535;4.07744532116087;0.194579067736975;0.00867164495209472;0.0477208282174039;-0.0905266085723879;2.41656312123408e-100;1.45229865497533;1.76862093368064;0.210909090909091;1.21321251740058;2.0148720741272;0.207272727272727;1.08633785446485;1.73654460906982;4.24264068711928;1.59111917909161;0.198985210701501;1.47285556130939;2.15484540552628;1.22973998569964;0.780316023575546;1.71125106300626;15;0.535884334564403;0.313191477739108;1.45425760178339;3.99120339078684;1.59119010017768;1.59330753276223;1.81371658726743;1.36129818269696;1.94591014905531;-1.03742225517829;-1.49160951375961;1.29928298413026;1.38629436111989;1.15239195470457;1.59646467367808;0.716513972772419;0.0488991766444365;344;16.1
"614";"biocom_50_cropped_46";"biocom";"50_cropped";46;2;0.439583333333333;0.421352996136461;"kept";"unimod";"bing";0.66076588261804;-0.632241789947048;-0.774771139785519;-71.370278;-32.485556;10.7238052947636;2.00148000021012;0.7364;0.0437492056102494;0.043256777057626;NA;NA;NA;NA;0.536352561046666;0.292081148365909;0.000811452623761322;7.44379649440585e-05;6;0.875088779046853;22.438541800535;4.07744532116087;0.194579067736975;0.00867164495209472;0.0477208282174039;-0.0905266085723879;2.41656312123408e-100;1.45229865497533;1.76862093368064;0.210909090909091;1.21321251740058;2.0148720741272;0.207272727272727;1.08633785446485;1.73654460906982;4.24264068711928;1.59111917909161;0.198985210701501;1.47285556130939;2.15484540552628;1.22973998569964;0.780316023575546;1.71125106300626;15;0.535884334564403;0.313191477739108;1.45425760178339;3.99120339078684;1.59119010017768;1.59330753276223;1.81371658726743;1.36129818269696;1.94591014905531;-1.03742225517829;-1.49160951375961;1.29928298413026;1.38629436111989;1.15239195470457;1.59646467367808;0.716513972772419;0.0488991766444365;344;16.1
"615";"biocom_50_cropped_46";"biocom";"50_cropped";46;1;0.439583333333333;0.325698845988738;"kept";"unimod";"bing";0.689171427144596;-0.632241789947048;-0.774771139785519;-71.370278;-32.485556;10.7238052947636;2.00148000021012;0.7364;0.0269253460550547;0.025572496915754;NA;NA;NA;NA;0.536352561046666;0.292081148365909;0.000811452623761322;7.44379649440585e-05;6;0.875088779046853;22.438541800535;4.07744532116087;0.194579067736975;0.00867164495209472;0.0477208282174039;-0.0905266085723879;2.41656312123408e-100;1.45229865497533;1.76862093368064;0.210909090909091;1.21321251740058;2.0148720741272;0.207272727272727;1.08633785446485;1.73654460906982;4.24264068711928;1.59111917909161;0.198985210701501;1.47285556130939;2.15484540552628;1.22973998569964;0.780316023575546;1.71125106300626;15;0.535884334564403;0.313191477739108;1.45425760178339;3.99120339078684;1.59119010017768;1.59330753276223;1.81371658726743;1.36129818269696;1.94591014905531;-1.03742225517829;-1.49160951375961;1.29928298413026;1.38629436111989;1.15239195470457;1.59646467367808;0.716513972772419;0.0488991766444365;344;16.1
"619";"biocom_50_cropped_5";"biocom";"50_cropped";5;2;0.23625;0.300247340585976;"kept";"unimod";"bing";0.32804528572516;0.568672178128933;-0.82256425513275;-70.080944;-41.253333;34.6121365997536;0.470003629245736;0.7186;0.030102138468718;0.029115065084977;NA;NA;NA;NA;0.477641824249166;0.196970178505217;0.000629158403258382;2.61701178358179e-06;7;0.786251738888079;36.4687570510955;4.20187436570881;0.029525880919336;0.000809621256846456;0.00702683572842981;-0.185788207057286;5.40492953488329e-61;1.4668981780889;1.6347211397826;0.236363636363636;1.18712739322497;1.77977335453033;0.210909090909091;1.02794266939163;1.40815782546997;3.16227766016838;2.16694113210858;0.0622586345163607;1.36129643808712;1.89864830730607;1.33199691400576;0.371413429629638;1.47088971558739;12;0.58545444979702;0.428906390053782;1.52243985070123;5.34753955386447;1.04644986269972;1.59779198730693;1.70342559674207;1.30957344480193;1.97408102602201;-1.09219472683611;-1.54263970851898;0.693147180559945;1.96944064646551;1.06988328418364;1.39873150984446;0.313045712892326;0.00547402467076583;284;7.4
"620";"biocom_50_cropped_5";"biocom";"50_cropped";5;1;0.23625;0.268515353214422;"kept";"unimod";"bing";0.218492949794654;0.568672178128933;-0.82256425513275;-70.080944;-41.253333;34.6121365997536;0.470003629245736;0.7186;0.0454018656951103;0.0450187645217905;NA;NA;NA;NA;0.477641824249166;0.196970178505217;0.000629158403258382;2.61701178358179e-06;7;0.786251738888079;36.4687570510955;4.20187436570881;0.029525880919336;0.000809621256846456;0.00702683572842981;-0.185788207057286;5.40492953488329e-61;1.4668981780889;1.6347211397826;0.236363636363636;1.18712739322497;1.77977335453033;0.210909090909091;1.02794266939163;1.40815782546997;3.16227766016838;2.16694113210858;0.0622586345163607;1.36129643808712;1.89864830730607;1.33199691400576;0.371413429629638;1.47088971558739;12;0.58545444979702;0.428906390053782;1.52243985070123;5.34753955386447;1.04644986269972;1.59779198730693;1.70342559674207;1.30957344480193;1.97408102602201;-1.09219472683611;-1.54263970851898;0.693147180559945;1.96944064646551;1.06988328418364;1.39873150984446;0.313045712892326;0.00547402467076583;284;7.4
"621";"biocom_50_cropped_5";"biocom";"50_cropped";5;3;0.23625;0.279474753162139;"kept";"unimod";"bing";0.257659166042519;0.568672178128933;-0.82256425513275;-70.080944;-41.253333;34.6121365997536;0.470003629245736;0.7186;0.0403149902107134;0.039141260652605;NA;NA;NA;NA;0.477641824249166;0.196970178505217;0.000629158403258382;2.61701178358179e-06;7;0.786251738888079;36.4687570510955;4.20187436570881;0.029525880919336;0.000809621256846456;0.00702683572842981;-0.185788207057286;5.40492953488329e-61;1.4668981780889;1.6347211397826;0.236363636363636;1.18712739322497;1.77977335453033;0.210909090909091;1.02794266939163;1.40815782546997;3.16227766016838;2.16694113210858;0.0622586345163607;1.36129643808712;1.89864830730607;1.33199691400576;0.371413429629638;1.47088971558739;12;0.58545444979702;0.428906390053782;1.52243985070123;5.34753955386447;1.04644986269972;1.59779198730693;1.70342559674207;1.30957344480193;1.97408102602201;-1.09219472683611;-1.54263970851898;0.693147180559945;1.96944064646551;1.06988328418364;1.39873150984446;0.313045712892326;0.00547402467076583;284;7.4
"622";"biocom_50_cropped_55";"biocom";"50_cropped";55;1;0.563825;0.502380013149244;"kept";"bimod";"bing";0.473369716590344;-0.82927007650449;-0.558848047517603;-71.663635;-30.662263;15.3622914957372;1.64865862558738;0.8817;0.16195759496823;0.205197736044002;NA;NA;NA;NA;0.188007839398273;0.262566873245405;0.000171447539768686;2.15605365895039e-05;16;0.867533687036507;20.5030414874616;3.45870380007758;0.125288258443446;0.00611071574527441;0.0362240497265582;-0.120096042687199;1.03284599903714e-13;1.11411760495306;0.951239813872906;0.203636363636364;1.17720998078585;1.74267315864563;0.192727272727273;1.07097383056368;1.29857778549194;3;3.04969825578342;0.139624999582521;1.48100394616693;1.22865469807759;2.17261592096194;0.643856805544075;1.78571748733521;7;0.909449306218514;0.157647676438329;1.41219704072984;3.2798728979856;1.6292765446585;1.43549483472651;1.61115049232136;1.67802115259785;2.54553127160444;-1.09179141292615;-1.42231392860413;1.94591014905531;2.77258872223978;1.13088832182043;1.57738780975342;0.749523422750972;0.040539854774575;130;15.3
"623";"biocom_50_cropped_55";"biocom";"50_cropped";55;2;0.563825;0.532491781722551;"kept";"unimod";"bing";0.503640318942522;-0.82927007650449;-0.558848047517603;-71.663635;-30.662263;15.3622914957372;1.64865862558738;0.8817;0.226049469875952;0.241697999676591;NA;NA;NA;NA;0.188007839398273;0.262566873245405;0.000171447539768686;2.15605365895039e-05;16;0.867533687036507;20.5030414874616;3.45870380007758;0.125288258443446;0.00611071574527441;0.0362240497265582;-0.120096042687199;1.03284599903714e-13;1.11411760495306;0.951239813872906;0.203636363636364;1.17720998078585;1.74267315864563;0.192727272727273;1.07097383056368;1.29857778549194;3;3.04969825578342;0.139624999582521;1.48100394616693;1.22865469807759;2.17261592096194;0.643856805544075;1.78571748733521;7;0.909449306218514;0.157647676438329;1.41219704072984;3.2798728979856;1.6292765446585;1.43549483472651;1.61115049232136;1.67802115259785;2.54553127160444;-1.09179141292615;-1.42231392860413;1.94591014905531;2.77258872223978;1.13088832182043;1.57738780975342;0.749523422750972;0.040539854774575;130;15.3
"624";"biocom_50_cropped_55";"biocom";"50_cropped";55;3;0.563825;0.541538461538462;"kept";"bimod";"bing";0.461468204779579;-0.82927007650449;-0.558848047517603;-71.663635;-30.662263;15.3622914957372;1.64865862558738;0.8817;0.146828878351307;0.1736713314638;NA;NA;NA;NA;0.188007839398273;0.262566873245405;0.000171447539768686;2.15605365895039e-05;16;0.867533687036507;20.5030414874616;3.45870380007758;0.125288258443446;0.00611071574527441;0.0362240497265582;-0.120096042687199;1.03284599903714e-13;1.11411760495306;0.951239813872906;0.203636363636364;1.17720998078585;1.74267315864563;0.192727272727273;1.07097383056368;1.29857778549194;3;3.04969825578342;0.139624999582521;1.48100394616693;1.22865469807759;2.17261592096194;0.643856805544075;1.78571748733521;7;0.909449306218514;0.157647676438329;1.41219704072984;3.2798728979856;1.6292765446585;1.43549483472651;1.61115049232136;1.67802115259785;2.54553127160444;-1.09179141292615;-1.42231392860413;1.94591014905531;2.77258872223978;1.13088832182043;1.57738780975342;0.749523422750972;0.040539854774575;130;15.3
"625";"biocom_50_cropped_58";"biocom";"50_cropped";58;2;0.35025;0.31838296543107;"kept";"unimod";"bing";0.491577593644401;-0.7826279085071;-0.622489804595868;-71.584711;-31.200242;19.7484176581315;2.57261223020711;0.8459;0.016953507688348;0.014820848393097;NA;NA;NA;NA;-0.238646114730653;0.206356268870173;-0.00010494509752749;2.80739767108501e-05;5;0.800213070839092;12.326406600486;2.74690595065964;0.130677033802751;0.0106013891994768;0.0475724455623865;-0.256326623114747;2.66195353645553e-10;1.02628009702457;1.35539348885908;0.265454545454545;1.21242697238922;2.61224603652954;0.225454545454545;1.12010491788387;2.10871315002441;4.35889894354067;1.41131626561764;0.340278959867353;1.54678704572278;2.15484540552628;1.18582763764261;0.97859814040666;1.92906424999237;14;0.46473917214326;1.3130939601572;1.89756325313023;3.99120339078684;1.02346255646965;1.88708213397435;2.29084020853043;1.80411053929369;1.96944064646551;-1.16581671428349;-1.93357786536217;2.29141179239592;1.41369333530801;1.02661696098383;1.55442070960999;0.748230320605426;0.0592502639135036;177;14.3
"626";"biocom_50_cropped_58";"biocom";"50_cropped";58;3;0.35025;0.300317576009996;"kept";"unimod";"bing";0.51922954681861;-0.7826279085071;-0.622489804595868;-71.584711;-31.200242;19.7484176581315;2.57261223020711;0.8459;0.0205061306996523;0.0207916799379305;NA;NA;NA;NA;-0.238646114730653;0.206356268870173;-0.00010494509752749;2.80739767108501e-05;5;0.800213070839092;12.326406600486;2.74690595065964;0.130677033802751;0.0106013891994768;0.0475724455623865;-0.256326623114747;2.66195353645553e-10;1.02628009702457;1.35539348885908;0.265454545454545;1.21242697238922;2.61224603652954;0.225454545454545;1.12010491788387;2.10871315002441;4.35889894354067;1.41131626561764;0.340278959867353;1.54678704572278;2.15484540552628;1.18582763764261;0.97859814040666;1.92906424999237;14;0.46473917214326;1.3130939601572;1.89756325313023;3.99120339078684;1.02346255646965;1.88708213397435;2.29084020853043;1.80411053929369;1.96944064646551;-1.16581671428349;-1.93357786536217;2.29141179239592;1.41369333530801;1.02661696098383;1.55442070960999;0.748230320605426;0.0592502639135036;177;14.3
"627";"biocom_50_cropped_58";"biocom";"50_cropped";58;1;0.35025;0.34027488546439;"kept";"unimod";"bing";0.524953621478207;-0.7826279085071;-0.622489804595868;-71.584711;-31.200242;19.7484176581315;2.57261223020711;0.8459;0.0160095044806343;0.01462908585214;NA;NA;NA;NA;-0.238646114730653;0.206356268870173;-0.00010494509752749;2.80739767108501e-05;5;0.800213070839092;12.326406600486;2.74690595065964;0.130677033802751;0.0106013891994768;0.0475724455623865;-0.256326623114747;2.66195353645553e-10;1.02628009702457;1.35539348885908;0.265454545454545;1.21242697238922;2.61224603652954;0.225454545454545;1.12010491788387;2.10871315002441;4.35889894354067;1.41131626561764;0.340278959867353;1.54678704572278;2.15484540552628;1.18582763764261;0.97859814040666;1.92906424999237;14;0.46473917214326;1.3130939601572;1.89756325313023;3.99120339078684;1.02346255646965;1.88708213397435;2.29084020853043;1.80411053929369;1.96944064646551;-1.16581671428349;-1.93357786536217;2.29141179239592;1.41369333530801;1.02661696098383;1.55442070960999;0.748230320605426;0.0592502639135036;177;14.3
"628";"biocom_50_cropped_6";"biocom";"50_cropped";6;1;0.32275;0.246428861293726;"kept";"unimod";"bing";0.32437160567804;0.160608085818658;-0.987018258579681;-70.524528;-41.0335;32.7414110874898;0.470003629245736;0.5835;0.0195752811684065;0.0185465938190705;NA;NA;NA;NA;-0.12035595105673;-0.219005243921818;-0.000170604958491262;-1.05064414351123e-06;10;0.755486438160434;34.8254124603399;5.78382451834694;0.0325815478255231;0.000935568182074737;0.00563321859475002;0.10211935362433;0.00576615176705881;1.85690122118883;1.64771494027119;0.250909090909091;1.20584193189093;2.35125851631165;0.218181818181818;1.04137385884921;1.38598275184631;3;2.78482179794167;0.0593675630457821;1.37553992396907;2.15484540552628;1.12963878894851;0.388973636862449;1.4243464156201;9;0.918946521899268;0.308207587234448;1.51706997914748;2.539291416276;1.6759169997841;1.66203220486641;1.88718569874764;1.75480019260307;2.35137525716348;-0.853818171657622;-1.13280552625656;1.74919985480926;1.87180217690159;0.902340869899049;1.14487780630589;0.406001413378804;0.00509557340721587;416;7.8
"629";"biocom_50_cropped_6";"biocom";"50_cropped";6;2;0.32275;0.243040337634932;"kept";"unimod";"bing";0.339223351442927;0.160608085818658;-0.987018258579681;-70.524528;-41.0335;32.7414110874898;0.470003629245736;0.5835;0.0233160472272496;0.0237056092956219;NA;NA;NA;NA;-0.12035595105673;-0.219005243921818;-0.000170604958491262;-1.05064414351123e-06;10;0.755486438160434;34.8254124603399;5.78382451834694;0.0325815478255231;0.000935568182074737;0.00563321859475002;0.10211935362433;0.00576615176705881;1.85690122118883;1.64771494027119;0.250909090909091;1.20584193189093;2.35125851631165;0.218181818181818;1.04137385884921;1.38598275184631;3;2.78482179794167;0.0593675630457821;1.37553992396907;2.15484540552628;1.12963878894851;0.388973636862449;1.4243464156201;9;0.918946521899268;0.308207587234448;1.51706997914748;2.539291416276;1.6759169997841;1.66203220486641;1.88718569874764;1.75480019260307;2.35137525716348;-0.853818171657622;-1.13280552625656;1.74919985480926;1.87180217690159;0.902340869899049;1.14487780630589;0.406001413378804;0.00509557340721587;416;7.8
"630";"biocom_50_cropped_6";"biocom";"50_cropped";6;3;0.32275;0.258177096014934;"kept";"unimod";"bing";0.338411093616382;0.160608085818658;-0.987018258579681;-70.524528;-41.0335;32.7414110874898;0.470003629245736;0.5835;0.0233207403963063;0.022842012955914;NA;NA;NA;NA;-0.12035595105673;-0.219005243921818;-0.000170604958491262;-1.05064414351123e-06;10;0.755486438160434;34.8254124603399;5.78382451834694;0.0325815478255231;0.000935568182074737;0.00563321859475002;0.10211935362433;0.00576615176705881;1.85690122118883;1.64771494027119;0.250909090909091;1.20584193189093;2.35125851631165;0.218181818181818;1.04137385884921;1.38598275184631;3;2.78482179794167;0.0593675630457821;1.37553992396907;2.15484540552628;1.12963878894851;0.388973636862449;1.4243464156201;9;0.918946521899268;0.308207587234448;1.51706997914748;2.539291416276;1.6759169997841;1.66203220486641;1.88718569874764;1.75480019260307;2.35137525716348;-0.853818171657622;-1.13280552625656;1.74919985480926;1.87180217690159;0.902340869899049;1.14487780630589;0.406001413378804;0.00509557340721587;416;7.8
"634";"biocom_50_cropped_63";"biocom";"50_cropped";63;3;0.20575;0.290051679586563;"kept";"unimod";"bing";0.536685964783295;-0.51206356565796;-0.858947556446641;117.272139;49.525333;26.944387170615;2.19722457733622;0.5711;0.0085210576727693;0.00825787724077098;NA;NA;NA;NA;0.373037749704665;0.613903640872277;0.000436781559324801;6.11578923352421e-05;3;0.85488801514387;18.7430141760806;3.69788256089725;0.0895822688736131;0.00477950174033033;0.0242252876878483;0.0922382185832502;1.18684633356512e-46;1.49942318958162;1.644581046731;0.339416058394161;1.34230765799681;2.60714316368103;0.178832116788321;1.30450682277265;2.54331636428833;4;1.6875928875372;0.352501956593;1.67940604832114;2.37886580797276;1.00220249636051;1.06569702254469;2.03325767070055;17;0.420934138207808;1.90847508366901;1.8800563449445;3.2798728979856;0.694061863315548;2.06451051765018;2.23078880045149;1.70400645604229;1.81915844341617;-1.13247557826064;-1.89450750748316;1.23214368129263;0.944461608840852;0.860280929066773;1.44336590596608;0.661398323939651;0.0463663439700912;314;-1.8
"635";"biocom_50_cropped_63";"biocom";"50_cropped";63;1;0.20575;0.231311219277688;"kept";"unimod";"bing";0.469845000398087;-0.51206356565796;-0.858947556446641;117.272139;49.525333;26.944387170615;2.19722457733622;0.5711;0.0125673475042349;0.012106508821937;NA;NA;NA;NA;0.373037749704665;0.613903640872277;0.000436781559324801;6.11578923352421e-05;3;0.85488801514387;18.7430141760806;3.69788256089725;0.0895822688736131;0.00477950174033033;0.0242252876878483;0.0922382185832502;1.18684633356512e-46;1.49942318958162;1.644581046731;0.339416058394161;1.34230765799681;2.60714316368103;0.178832116788321;1.30450682277265;2.54331636428833;4;1.6875928875372;0.352501956593;1.67940604832114;2.37886580797276;1.00220249636051;1.06569702254469;2.03325767070055;17;0.420934138207808;1.90847508366901;1.8800563449445;3.2798728979856;0.694061863315548;2.06451051765018;2.23078880045149;1.70400645604229;1.81915844341617;-1.13247557826064;-1.89450750748316;1.23214368129263;0.944461608840852;0.860280929066773;1.44336590596608;0.661398323939651;0.0463663439700912;314;-1.8
"636";"biocom_50_cropped_63";"biocom";"50_cropped";63;2;0.20575;0.167808424974461;"kept";"unimod";"bing";0.581780037855723;-0.51206356565796;-0.858947556446641;117.272139;49.525333;26.944387170615;2.19722457733622;0.5711;0.00581630560483691;0.00537406845517302;NA;NA;NA;NA;0.373037749704665;0.613903640872277;0.000436781559324801;6.11578923352421e-05;3;0.85488801514387;18.7430141760806;3.69788256089725;0.0895822688736131;0.00477950174033033;0.0242252876878483;0.0922382185832502;1.18684633356512e-46;1.49942318958162;1.644581046731;0.339416058394161;1.34230765799681;2.60714316368103;0.178832116788321;1.30450682277265;2.54331636428833;4;1.6875928875372;0.352501956593;1.67940604832114;2.37886580797276;1.00220249636051;1.06569702254469;2.03325767070055;17;0.420934138207808;1.90847508366901;1.8800563449445;3.2798728979856;0.694061863315548;2.06451051765018;2.23078880045149;1.70400645604229;1.81915844341617;-1.13247557826064;-1.89450750748316;1.23214368129263;0.944461608840852;0.860280929066773;1.44336590596608;0.661398323939651;0.0463663439700912;314;-1.8
"646";"biocom_50_cropped_67";"biocom";"50_cropped";67;1;0.177;0.160253684807256;"kept";"unimod";"bing";0.654504170691164;-0.630416517651782;0.7762570542493;-79.428523;-3.975164;42.5793377120875;2.92316158071916;0.4024;0.00575108674544433;0.005229833894278;NA;NA;NA;NA;0.47878375070508;0.125254094784006;0.000553272626879349;1.21750478221461e-05;9;0.663183430063917;15.0005767336017;4.67229912282171;0.173048014980719;0.0115360907819689;0.0370370154888994;0.128210151856823;4.37986103543035e-64;1.15955429634187;1.75436558166799;0.175182481751825;1.1226418421549;1.61677408218384;0.222627737226277;0.907032843147005;1.32251667976379;3;2.98537859790158;-0.0239727155882969;1.30577229407796;1.89864830730607;1.61541884451263;0.241262775341252;1.47263927319471;7;1.10968965830055;0.0366643472583786;1.59328342302173;2.539291416276;2.01106999232186;1.34055292010308;1.55533440709114;NA;NA;NA;NA;1.75785791755237;1.6094379124341;0.824573259055615;1.05746726989746;0.442066051769862;0.0553758903998445;928;18.9
"647";"biocom_50_cropped_67";"biocom";"50_cropped";67;2;0.177;0.145372732426304;"kept";"bimod";"bing";0.708848742878768;-0.630416517651782;0.7762570542493;-79.428523;-3.975164;42.5793377120875;2.92316158071916;0.4024;0.0053584360653635;0.005;NA;NA;NA;NA;0.47878375070508;0.125254094784006;0.000553272626879349;1.21750478221461e-05;9;0.663183430063917;15.0005767336017;4.67229912282171;0.173048014980719;0.0115360907819689;0.0370370154888994;0.128210151856823;4.37986103543035e-64;1.15955429634187;1.75436558166799;0.175182481751825;1.1226418421549;1.61677408218384;0.222627737226277;0.907032843147005;1.32251667976379;3;2.98537859790158;-0.0239727155882969;1.30577229407796;1.89864830730607;1.61541884451263;0.241262775341252;1.47263927319471;7;1.10968965830055;0.0366643472583786;1.59328342302173;2.539291416276;2.01106999232186;1.34055292010308;1.55533440709114;NA;NA;NA;NA;1.75785791755237;1.6094379124341;0.824573259055615;1.05746726989746;0.442066051769862;0.0553758903998445;928;18.9
"648";"biocom_50_cropped_67";"biocom";"50_cropped";67;3;0.177;0.157702664399093;"kept";"unimod";"bing";0.657009654176146;-0.630416517651782;0.7762570542493;-79.428523;-3.975164;42.5793377120875;2.92316158071916;0.4024;0.00647047779437395;0.00557416391412502;NA;NA;NA;NA;0.47878375070508;0.125254094784006;0.000553272626879349;1.21750478221461e-05;9;0.663183430063917;15.0005767336017;4.67229912282171;0.173048014980719;0.0115360907819689;0.0370370154888994;0.128210151856823;4.37986103543035e-64;1.15955429634187;1.75436558166799;0.175182481751825;1.1226418421549;1.61677408218384;0.222627737226277;0.907032843147005;1.32251667976379;3;2.98537859790158;-0.0239727155882969;1.30577229407796;1.89864830730607;1.61541884451263;0.241262775341252;1.47263927319471;7;1.10968965830055;0.0366643472583786;1.59328342302173;2.539291416276;2.01106999232186;1.34055292010308;1.55533440709114;NA;NA;NA;NA;1.75785791755237;1.6094379124341;0.824573259055615;1.05746726989746;0.442066051769862;0.0553758903998445;928;18.9
"649";"biocom_50_cropped_69";"biocom";"50_cropped";69;2;0.29525;0.384247448979592;"kept";"unimod";"bing";0.624286659704723;-0.633301373072328;0.773905272539672;-79.424801;-3.990775;39.7869325281555;2.42921774392741;0.5282;0.0160507520381788;0.011857717178772;NA;NA;NA;NA;0.0631495312251708;0.319815668202765;9.10781747903423e-05;3.55987504984031e-05;11;0.691954405038779;13.6303719313155;4.00129536300021;0.157494661405303;0.0115546855360169;0.0393609186818971;-0.0561103609452741;0.00624255343072661;1.46691512226989;1.32727857199211;0.145454545454545;1.24050518599423;1.66940975189209;0.207272727272727;0.855525392752427;1.12350213527679;2.64575131106459;3.12728729163474;-0.0642696287665205;1.2669204493038;1.59753955386447;2.18710839030756;0.185263535597478;1.49453133940697;6;1.07947969420273;0.00653108530342868;1.36144479389848;0.92637640824031;2.07211580433135;1.41674753313973;1.6000098500933;2.7592278695768;3.2188758248682;-1.31681485176086;-1.66940975189209;0.693147180559945;2.12026353620009;0.742447497954788;1.06762164831161;0.451116319181071;0.0582606675339236;792;21.1
"650";"biocom_50_cropped_69";"biocom";"50_cropped";69;1;0.29525;0.361500850340136;"kept";"unimod";"bing";0.714343029260913;-0.633301373072328;0.773905272539672;-79.424801;-3.990775;39.7869325281555;2.42921774392741;0.5282;0.0174258567483865;0.011403532749182;NA;NA;NA;NA;0.0631495312251708;0.319815668202765;9.10781747903423e-05;3.55987504984031e-05;11;0.691954405038779;13.6303719313155;4.00129536300021;0.157494661405303;0.0115546855360169;0.0393609186818971;-0.0561103609452741;0.00624255343072661;1.46691512226989;1.32727857199211;0.145454545454545;1.24050518599423;1.66940975189209;0.207272727272727;0.855525392752427;1.12350213527679;2.64575131106459;3.12728729163474;-0.0642696287665205;1.2669204493038;1.59753955386447;2.18710839030756;0.185263535597478;1.49453133940697;6;1.07947969420273;0.00653108530342868;1.36144479389848;0.92637640824031;2.07211580433135;1.41674753313973;1.6000098500933;2.7592278695768;3.2188758248682;-1.31681485176086;-1.66940975189209;0.693147180559945;2.12026353620009;0.742447497954788;1.06762164831161;0.451116319181071;0.0582606675339236;792;21.1
"651";"biocom_50_cropped_69";"biocom";"50_cropped";69;3;0.29525;0.148774092970522;"kept";"unimod";"bing";0.654974620306525;-0.633301373072328;0.773905272539672;-79.424801;-3.990775;39.7869325281555;2.42921774392741;0.5282;0.00594970295486342;0.005;NA;NA;NA;NA;0.0631495312251708;0.319815668202765;9.10781747903423e-05;3.55987504984031e-05;11;0.691954405038779;13.6303719313155;4.00129536300021;0.157494661405303;0.0115546855360169;0.0393609186818971;-0.0561103609452741;0.00624255343072661;1.46691512226989;1.32727857199211;0.145454545454545;1.24050518599423;1.66940975189209;0.207272727272727;0.855525392752427;1.12350213527679;2.64575131106459;3.12728729163474;-0.0642696287665205;1.2669204493038;1.59753955386447;2.18710839030756;0.185263535597478;1.49453133940697;6;1.07947969420273;0.00653108530342868;1.36144479389848;0.92637640824031;2.07211580433135;1.41674753313973;1.6000098500933;2.7592278695768;3.2188758248682;-1.31681485176086;-1.66940975189209;0.693147180559945;2.12026353620009;0.742447497954788;1.06762164831161;0.451116319181071;0.0582606675339236;792;21.1
"652";"biocom_50_cropped_7";"biocom";"50_cropped";7;2;0.416808333333333;0.489304698216735;"kept";"unimod";"bing";0.624341351694066;0.451889584776264;-0.892073877641721;-63.933767;-38.990869;10.4880884817015;0.405465108108164;0.7322;0.0648300687808196;0.0648668864413135;NA;NA;NA;NA;-0.181249006832989;0.133937178876;-0.000112419121169277;4.62870974410623e-05;8;0.886815191605811;10.321409456655;2.29767147976295;0.182579170472251;0.0176893641550601;0.0794626960731078;0.174363008086072;1.11717279889162e-07;1.1280758529967;1.33777675078437;0.301818181818182;1.28313603401184;2.4658522605896;0.192727272727273;1.37395450141695;1.89875328540802;2.82842712474619;2.45252823148887;0.284565420248876;1.68545499855074;1.89864830730607;1.59249308211322;0.779083421546633;1.8869906209764;15;0.707081028390097;1.50701002351388;1.73306186831727;2.539291416276;1.94793623475988;1.91867154836655;2.25586066246033;1.1681708625836;1.6376087894008;-0.987732315428403;-1.35496469906398;1.145132304303;1.66500776358891;1.17414181851814;1.54653801236834;0.814442808184736;0.065002597130382;363;15
"653";"biocom_50_cropped_7";"biocom";"50_cropped";7;1;0.416808333333333;0.416495198902606;"kept";"unimod";"bing";0.644290336255819;0.451889584776264;-0.892073877641721;-63.933767;-38.990869;10.4880884817015;0.405465108108164;0.7322;0.051702618898419;0.051142475980736;NA;NA;NA;NA;-0.181249006832989;0.133937178876;-0.000112419121169277;4.62870974410623e-05;8;0.886815191605811;10.321409456655;2.29767147976295;0.182579170472251;0.0176893641550601;0.0794626960731078;0.174363008086072;1.11717279889162e-07;1.1280758529967;1.33777675078437;0.301818181818182;1.28313603401184;2.4658522605896;0.192727272727273;1.37395450141695;1.89875328540802;2.82842712474619;2.45252823148887;0.284565420248876;1.68545499855074;1.89864830730607;1.59249308211322;0.779083421546633;1.8869906209764;15;0.707081028390097;1.50701002351388;1.73306186831727;2.539291416276;1.94793623475988;1.91867154836655;2.25586066246033;1.1681708625836;1.6376087894008;-0.987732315428403;-1.35496469906398;1.145132304303;1.66500776358891;1.17414181851814;1.54653801236834;0.814442808184736;0.065002597130382;363;15
"654";"biocom_50_cropped_7";"biocom";"50_cropped";7;3;0.416808333333333;0.462748628257888;"kept";"unimod";"bing";0.637740552975201;0.451889584776264;-0.892073877641721;-63.933767;-38.990869;10.4880884817015;0.405465108108164;0.7322;0.0518891393332574;0.051855004376769;NA;NA;NA;NA;-0.181249006832989;0.133937178876;-0.000112419121169277;4.62870974410623e-05;8;0.886815191605811;10.321409456655;2.29767147976295;0.182579170472251;0.0176893641550601;0.0794626960731078;0.174363008086072;1.11717279889162e-07;1.1280758529967;1.33777675078437;0.301818181818182;1.28313603401184;2.4658522605896;0.192727272727273;1.37395450141695;1.89875328540802;2.82842712474619;2.45252823148887;0.284565420248876;1.68545499855074;1.89864830730607;1.59249308211322;0.779083421546633;1.8869906209764;15;0.707081028390097;1.50701002351388;1.73306186831727;2.539291416276;1.94793623475988;1.91867154836655;2.25586066246033;1.1681708625836;1.6376087894008;-0.987732315428403;-1.35496469906398;1.145132304303;1.66500776358891;1.17414181851814;1.54653801236834;0.814442808184736;0.065002597130382;363;15
"655";"biocom_50_cropped_76";"biocom";"50_cropped";76;3;0.157;0.339356575963719;"kept";"bimod";"bing";0.779755587940799;-0.575618783581065;0.817718176383927;-79.497252;-3.998652;45.18849411078;2.37954613413017;0.2614;0.00540940295076598;0.005;NA;NA;NA;NA;-0.436275767684544;0.532332563510392;-0.000723531181765781;5.24830127302393e-05;1;0.696563400745777;26.213584239981;6.41090844161833;0.247804227626225;0.00945327526970817;0.0386535277929613;0.0301951438953913;6.57187689899803e-60;1.48148406614398;2.00844691177997;0.248175182481752;1.20974105109974;2.2396924495697;0.255474452554745;1.07243597736725;1.64418935775757;3.87298334620742;0.803866526987886;0.39962096993554;1.65426491697629;1.59753955386447;0.733821157108563;1.24837635010215;2.16359659603664;11;-0.373312321235706;0.496577509879265;1.4542487528589;2.539291416276;0.325400619257649;1.7781200170517;1.97090392112732;1.22865469807759;1.38629436111989;-1.26342861354351;-2.2771532535553;1.09861228866811;0.916290731874155;0.788533971293105;1.46786305308342;0.319151885305743;0.0574926966426075;1079;17.3
"656";"biocom_50_cropped_76";"biocom";"50_cropped";76;1;0.157;0.189873866213152;"kept";"bimod";"bing";0.833927758795095;-0.575618783581065;0.817718176383927;-79.497252;-3.998652;45.18849411078;2.37954613413017;0.2614;0.00508446952009114;0.005;NA;NA;NA;NA;-0.436275767684544;0.532332563510392;-0.000723531181765781;5.24830127302393e-05;1;0.696563400745777;26.213584239981;6.41090844161833;0.247804227626225;0.00945327526970817;0.0386535277929613;0.0301951438953913;6.57187689899803e-60;1.48148406614398;2.00844691177997;0.248175182481752;1.20974105109974;2.2396924495697;0.255474452554745;1.07243597736725;1.64418935775757;3.87298334620742;0.803866526987886;0.39962096993554;1.65426491697629;1.59753955386447;0.733821157108563;1.24837635010215;2.16359659603664;11;-0.373312321235706;0.496577509879265;1.4542487528589;2.539291416276;0.325400619257649;1.7781200170517;1.97090392112732;1.22865469807759;1.38629436111989;-1.26342861354351;-2.2771532535553;1.09861228866811;0.916290731874155;0.788533971293105;1.46786305308342;0.319151885305743;0.0574926966426075;1079;17.3
"657";"biocom_50_cropped_76";"biocom";"50_cropped";76;2;0.157;0.217261904761905;"kept";"bimod";"bing";0.793682294154878;-0.575618783581065;0.817718176383927;-79.497252;-3.998652;45.18849411078;2.37954613413017;0.2614;0.0052950224251746;0.005;NA;NA;NA;NA;-0.436275767684544;0.532332563510392;-0.000723531181765781;5.24830127302393e-05;1;0.696563400745777;26.213584239981;6.41090844161833;0.247804227626225;0.00945327526970817;0.0386535277929613;0.0301951438953913;6.57187689899803e-60;1.48148406614398;2.00844691177997;0.248175182481752;1.20974105109974;2.2396924495697;0.255474452554745;1.07243597736725;1.64418935775757;3.87298334620742;0.803866526987886;0.39962096993554;1.65426491697629;1.59753955386447;0.733821157108563;1.24837635010215;2.16359659603664;11;-0.373312321235706;0.496577509879265;1.4542487528589;2.539291416276;0.325400619257649;1.7781200170517;1.97090392112732;1.22865469807759;1.38629436111989;-1.26342861354351;-2.2771532535553;1.09861228866811;0.916290731874155;0.788533971293105;1.46786305308342;0.319151885305743;0.0574926966426075;1079;17.3
"658";"biocom_50_cropped_8";"biocom";"50_cropped";8;1;0.415091666666667;0.345073012439156;"kept";"unimod";"bing";0.654691125148916;-0.0924215196930495;-0.995719972029098;-64.495203;-38.8396;11.7473401244707;0.405465108108164;0.7537;0.00953663038214666;0.00712147194914697;NA;NA;NA;NA;-0.701085862598654;-0.201398379151438;-0.000395599575225965;-3.83843902283935e-05;8;0.913707091161876;10.5604296762872;2.34996588096937;0.208233663861904;0.0197182946380942;0.0886113562533968;0.114261927088758;1.33113427311489e-140;1.24290449817621;1.7142914566846;0.287272727272727;1.3437724140153;2.45934772491455;0.181818181818182;1.40001238476146;1.80414402484894;3;2.46224396756299;0.307842725805652;1.69089080819062;1.89864830730607;1.57429431251435;0.813551750105213;1.85683698003943;11;0.773347332348036;1.61080091122892;1.80088004827499;3.99120339078684;1.5644585487457;1.92824957651251;2.08640860108768;1.32916877078992;1.70474809223843;-0.961004199300493;-1.38777509331703;1.20397280432594;1.81915844341617;1.19366151371233;1.59943187236786;0.821271447184766;0.0667164037708126;342;15.1
"659";"biocom_50_cropped_8";"biocom";"50_cropped";8;2;0.415091666666667;0.39677663601947;"kept";"unimod";"bing";0.720665541663692;-0.0924215196930495;-0.995719972029098;-64.495203;-38.8396;11.7473401244707;0.405465108108164;0.7537;0.0248703375600224;0.024737227443275;NA;NA;NA;NA;-0.701085862598654;-0.201398379151438;-0.000395599575225965;-3.83843902283935e-05;8;0.913707091161876;10.5604296762872;2.34996588096937;0.208233663861904;0.0197182946380942;0.0886113562533968;0.114261927088758;1.33113427311489e-140;1.24290449817621;1.7142914566846;0.287272727272727;1.3437724140153;2.45934772491455;0.181818181818182;1.40001238476146;1.80414402484894;3;2.46224396756299;0.307842725805652;1.69089080819062;1.89864830730607;1.57429431251435;0.813551750105213;1.85683698003943;11;0.773347332348036;1.61080091122892;1.80088004827499;3.99120339078684;1.5644585487457;1.92824957651251;2.08640860108768;1.32916877078992;1.70474809223843;-0.961004199300493;-1.38777509331703;1.20397280432594;1.81915844341617;1.19366151371233;1.59943187236786;0.821271447184766;0.0667164037708126;342;15.1
"660";"biocom_50_cropped_8";"biocom";"50_cropped";8;3;0.415091666666667;0.389551108707409;"kept";"unimod";"bing";0.591633779092102;-0.0924215196930495;-0.995719972029098;-64.495203;-38.8396;11.7473401244707;0.405465108108164;0.7537;0.0330197693002277;0.0194506164591655;NA;NA;NA;NA;-0.701085862598654;-0.201398379151438;-0.000395599575225965;-3.83843902283935e-05;8;0.913707091161876;10.5604296762872;2.34996588096937;0.208233663861904;0.0197182946380942;0.0886113562533968;0.114261927088758;1.33113427311489e-140;1.24290449817621;1.7142914566846;0.287272727272727;1.3437724140153;2.45934772491455;0.181818181818182;1.40001238476146;1.80414402484894;3;2.46224396756299;0.307842725805652;1.69089080819062;1.89864830730607;1.57429431251435;0.813551750105213;1.85683698003943;11;0.773347332348036;1.61080091122892;1.80088004827499;3.99120339078684;1.5644585487457;1.92824957651251;2.08640860108768;1.32916877078992;1.70474809223843;-0.961004199300493;-1.38777509331703;1.20397280432594;1.81915844341617;1.19366151371233;1.59943187236786;0.821271447184766;0.0667164037708126;342;15.1
"664";"biocom_50_cropped_84";"biocom";"50_cropped";84;2;0.3185;0.267401900226859;"kept";"unimod";"bing";0.58308322985909;0.999924647968742;0.0122759270357478;56.560944;37.371111;38.1968585095686;3.05870707271538;0.8048;0.00727198702939212;0.00700515863704698;NA;NA;NA;NA;-0.0624198101103413;0.28323069027457;-0.000121214542036457;1.21475910066711e-06;8;0.917844876935833;23.7785997276526;4.84911131272476;0.0207459539114072;0.000872463229501329;0.00427830020254781;0.108832104266468;0.00126528203756784;1.39868931880827;1.34136382334327;0.401459854014599;1.31199775022619;2.28978705406189;0.131386861313869;1.25167240947485;2.13437533378601;3.16227766016838;2.30593688027884;-0.0917827480910739;1.35158865419882;1.89864830730607;1.54615915571476;0.383558598636664;1.65070568973368;9;0.691088948029389;2.42653205798404;1.94689454855742;3.99120339078684;1.17163545944127;1.85064187645912;2.00748838782311;2.10649742565411;2.50143595173921;-1.18227942991099;-1.73359408378601;1.50407739677627;1.79175946922805;0.914690065383911;1.26833111047745;0.543772057943436;0.00454854280049899;239;11.5
"665";"biocom_50_cropped_84";"biocom";"50_cropped";84;1;0.3185;0.240291098582691;"kept";"unimod";"bing";0.454430136908565;0.999924647968742;0.0122759270357478;56.560944;37.371111;38.1968585095686;3.05870707271538;0.8048;0.0122359783697914;0.0117239602577275;NA;NA;NA;NA;-0.0624198101103413;0.28323069027457;-0.000121214542036457;1.21475910066711e-06;8;0.917844876935833;23.7785997276526;4.84911131272476;0.0207459539114072;0.000872463229501329;0.00427830020254781;0.108832104266468;0.00126528203756784;1.39868931880827;1.34136382334327;0.401459854014599;1.31199775022619;2.28978705406189;0.131386861313869;1.25167240947485;2.13437533378601;3.16227766016838;2.30593688027884;-0.0917827480910739;1.35158865419882;1.89864830730607;1.54615915571476;0.383558598636664;1.65070568973368;9;0.691088948029389;2.42653205798404;1.94689454855742;3.99120339078684;1.17163545944127;1.85064187645912;2.00748838782311;2.10649742565411;2.50143595173921;-1.18227942991099;-1.73359408378601;1.50407739677627;1.79175946922805;0.914690065383911;1.26833111047745;0.543772057943436;0.00454854280049899;239;11.5
"666";"biocom_50_cropped_84";"biocom";"50_cropped";84;3;0.3185;0.234159160845444;"kept";"unimod";"bing";0.655010104574456;0.999924647968742;0.0122759270357478;56.560944;37.371111;38.1968585095686;3.05870707271538;0.8048;0.00649227180735848;0.0051514538321005;NA;NA;NA;NA;-0.0624198101103413;0.28323069027457;-0.000121214542036457;1.21475910066711e-06;8;0.917844876935833;23.7785997276526;4.84911131272476;0.0207459539114072;0.000872463229501329;0.00427830020254781;0.108832104266468;0.00126528203756784;1.39868931880827;1.34136382334327;0.401459854014599;1.31199775022619;2.28978705406189;0.131386861313869;1.25167240947485;2.13437533378601;3.16227766016838;2.30593688027884;-0.0917827480910739;1.35158865419882;1.89864830730607;1.54615915571476;0.383558598636664;1.65070568973368;9;0.691088948029389;2.42653205798404;1.94689454855742;3.99120339078684;1.17163545944127;1.85064187645912;2.00748838782311;2.10649742565411;2.50143595173921;-1.18227942991099;-1.73359408378601;1.50407739677627;1.79175946922805;0.914690065383911;1.26833111047745;0.543772057943436;0.00454854280049899;239;11.5
"667";"biocom_50_cropped_9";"biocom";"50_cropped";9;1;0.101052278057818;0.178712817739319;"kept";"unimod";"bing";0.573810196904594;-0.621532630990216;-0.783388274493804;-65.073347;-38.763975;12.5299640861417;0.405465108108164;0.7744;0.00853152912941252;0.00752271968768051;NA;NA;NA;NA;-0.443487472853435;-0.0786164521425923;-0.000531068327056529;-7.68060155319132e-06;6;0.910055737885322;16.7342253487625;3.52549208738038;0.117628568900094;0.00702922103943062;0.0333651490301594;0.129770497728105;2.78217566050106e-76;1.03051870998994;1.44910231479996;0.309090909090909;1.29430247049827;2.43908190727234;0.178181818181818;1.32586109638214;1.77225768566132;3.3166247903554;2.16070326103801;0.246514353719218;1.58444591652263;2.15484540552628;1.53377840347457;0.738593982098544;1.80167070456914;11;0.760514038441434;1.41059473125082;1.88601110341414;2.539291416276;1.62322040715691;1.81261951081893;2.12723325981813;2.04958120736407;2.24374459297111;-1.14946140547931;-1.71096227850233;1.46633706879343;2.12026353620009;1.28224953256114;1.82311741511027;0.645858706612122;0.0296063147162118;320;15.2
"668";"biocom_50_cropped_9";"biocom";"50_cropped";9;2;0.101052278057818;0.20473769605192;"kept";"bimod";"bing";0.602559587373682;-0.621532630990216;-0.783388274493804;-65.073347;-38.763975;12.5299640861417;0.405465108108164;0.7744;0.00649429470750158;0.00557177171905449;NA;NA;NA;NA;-0.443487472853435;-0.0786164521425923;-0.000531068327056529;-7.68060155319132e-06;6;0.910055737885322;16.7342253487625;3.52549208738038;0.117628568900094;0.00702922103943062;0.0333651490301594;0.129770497728105;2.78217566050106e-76;1.03051870998994;1.44910231479996;0.309090909090909;1.29430247049827;2.43908190727234;0.178181818181818;1.32586109638214;1.77225768566132;3.3166247903554;2.16070326103801;0.246514353719218;1.58444591652263;2.15484540552628;1.53377840347457;0.738593982098544;1.80167070456914;11;0.760514038441434;1.41059473125082;1.88601110341414;2.539291416276;1.62322040715691;1.81261951081893;2.12723325981813;2.04958120736407;2.24374459297111;-1.14946140547931;-1.71096227850233;1.46633706879343;2.12026353620009;1.28224953256114;1.82311741511027;0.645858706612122;0.0296063147162118;320;15.2
"669";"biocom_50_cropped_9";"biocom";"50_cropped";9;3;0.101052278057818;0.208242293131422;"kept";"bimod";"bing";0.499084673760735;-0.621532630990216;-0.783388274493804;-65.073347;-38.763975;12.5299640861417;0.405465108108164;0.7744;0.0129197691381719;0.0130932860464339;NA;NA;NA;NA;-0.443487472853435;-0.0786164521425923;-0.000531068327056529;-7.68060155319132e-06;6;0.910055737885322;16.7342253487625;3.52549208738038;0.117628568900094;0.00702922103943062;0.0333651490301594;0.129770497728105;2.78217566050106e-76;1.03051870998994;1.44910231479996;0.309090909090909;1.29430247049827;2.43908190727234;0.178181818181818;1.32586109638214;1.77225768566132;3.3166247903554;2.16070326103801;0.246514353719218;1.58444591652263;2.15484540552628;1.53377840347457;0.738593982098544;1.80167070456914;11;0.760514038441434;1.41059473125082;1.88601110341414;2.539291416276;1.62322040715691;1.81261951081893;2.12723325981813;2.04958120736407;2.24374459297111;-1.14946140547931;-1.71096227850233;1.46633706879343;2.12026353620009;1.28224953256114;1.82311741511027;0.645858706612122;0.0296063147162118;320;15.2
"670";"biocom_50_cropped_98";"biocom";"50_cropped";98;3;0.3105;0.393565759637188;"kept";"unimod";"bing";0.838902159229836;0.693310991600926;-0.720638514739076;36.894389;0.352;42.0713679359253;1.09861228866811;0.6323;0.00801071315658025;0.006474461539415;NA;NA;NA;NA;-0.0920917421473595;0.792552571640447;-3.15503457097437e-05;4.57547309926755e-05;2;0.87630266789487;15.8033612047317;2.75292314575261;0.121405920449327;0.00768228472895863;0.0441007300318719;-0.0417361644831902;0.192344416793324;0.879865066594036;1.01059449267556;0.28;1.30771492148789;2.32113456726074;0.269090909090909;1.22277835210164;1.6924797296524;4.47213595499958;1.32688148755519;0.551964980922494;1.74061940965198;2.15484540552628;0.838240739435534;1.17035861256708;2.04690791368485;16;0.298314912263693;1.30187182439786;1.75346771876017;4.67909549225421;0.757122044745559;1.91899259523912;2.10332815213637;2.24779663677696;1.56861591791385;-0.863691912761756;-1.35883440971375;1.23214368129263;1.31218638896617;1.07937218298092;1.7097088609423;0.615565376653047;0.0454460208134088;652;17.7
"671";"biocom_50_cropped_98";"biocom";"50_cropped";98;1;0.3105;0.375141723356009;"kept";"bimod";"bing";0.775503217078838;0.693310991600926;-0.720638514739076;36.894389;0.352;42.0713679359253;1.09861228866811;0.6323;0.0117345761146171;0.0110098902500455;NA;NA;NA;NA;-0.0920917421473595;0.792552571640447;-3.15503457097437e-05;4.57547309926755e-05;2;0.87630266789487;15.8033612047317;2.75292314575261;0.121405920449327;0.00768228472895863;0.0441007300318719;-0.0417361644831902;0.192344416793324;0.879865066594036;1.01059449267556;0.28;1.30771492148789;2.32113456726074;0.269090909090909;1.22277835210164;1.6924797296524;4.47213595499958;1.32688148755519;0.551964980922494;1.74061940965198;2.15484540552628;0.838240739435534;1.17035861256708;2.04690791368485;16;0.298314912263693;1.30187182439786;1.75346771876017;4.67909549225421;0.757122044745559;1.91899259523912;2.10332815213637;2.24779663677696;1.56861591791385;-0.863691912761756;-1.35883440971375;1.23214368129263;1.31218638896617;1.07937218298092;1.7097088609423;0.615565376653047;0.0454460208134088;652;17.7
"672";"biocom_50_cropped_98";"biocom";"50_cropped";98;2;0.3105;0.283375850340136;"kept";"bimod";"bing";0.787670557627926;0.693310991600926;-0.720638514739076;36.894389;0.352;42.0713679359253;1.09861228866811;0.6323;0.00514880954760852;0.005;NA;NA;NA;NA;-0.0920917421473595;0.792552571640447;-3.15503457097437e-05;4.57547309926755e-05;2;0.87630266789487;15.8033612047317;2.75292314575261;0.121405920449327;0.00768228472895863;0.0441007300318719;-0.0417361644831902;0.192344416793324;0.879865066594036;1.01059449267556;0.28;1.30771492148789;2.32113456726074;0.269090909090909;1.22277835210164;1.6924797296524;4.47213595499958;1.32688148755519;0.551964980922494;1.74061940965198;2.15484540552628;0.838240739435534;1.17035861256708;2.04690791368485;16;0.298314912263693;1.30187182439786;1.75346771876017;4.67909549225421;0.757122044745559;1.91899259523912;2.10332815213637;2.24779663677696;1.56861591791385;-0.863691912761756;-1.35883440971375;1.23214368129263;1.31218638896617;1.07937218298092;1.7097088609423;0.615565376653047;0.0454460208134088;652;17.7
"673";"biocom_50_cropped_99";"biocom";"50_cropped";99;1;0.071;0.028734410430839;"kept";"bimod";"bing";0.740408944556112;0.985762732149845;-0.168142308490378;37.530167;0.575333;29.9666481275434;1.6094379124341;0.7436;0.00518649690434468;0.005;NA;NA;NA;NA;0.244748132846019;-0.148556597277398;0.000156421151993654;-7.22229881928572e-06;2;0.823338246321811;13.5227922827383;3.79951944944515;0.110165125787203;0.00814662559949454;0.0289944892381828;0.124244379996129;0.0014962463453732;1.30978330926912;1.3239384415382;0.323636363636364;1.27503301976602;2.18321800231934;0.196363636363636;1.01713894605637;2.08598136901855;4.12310562561766;1.35992675438693;0.232988818156969;1.5453300287849;2.37886580797276;1.04041540159238;0.796156224790118;1.85582618713379;18;0.123420214612707;1.26548364209828;1.59397448331882;4.67909549225421;0.779395600779449;1.74590561787287;1.85691931843758;1.3865422229377;1.64865862558738;-0.988674122393131;-1.6059521317482;1.25276296849537;1.25276296849537;0.9383456674094;1.58792972564697;0.563226312192338;0.0540567960361145;498;23.7
"674";"biocom_50_cropped_99";"biocom";"50_cropped";99;2;0.071;0.0783375850340136;"kept";"unimod";"bing";0.748525650702979;0.985762732149845;-0.168142308490378;37.530167;0.575333;29.9666481275434;1.6094379124341;0.7436;0.00510889831044173;0.005;NA;NA;NA;NA;0.244748132846019;-0.148556597277398;0.000156421151993654;-7.22229881928572e-06;2;0.823338246321811;13.5227922827383;3.79951944944515;0.110165125787203;0.00814662559949454;0.0289944892381828;0.124244379996129;0.0014962463453732;1.30978330926912;1.3239384415382;0.323636363636364;1.27503301976602;2.18321800231934;0.196363636363636;1.01713894605637;2.08598136901855;4.12310562561766;1.35992675438693;0.232988818156969;1.5453300287849;2.37886580797276;1.04041540159238;0.796156224790118;1.85582618713379;18;0.123420214612707;1.26548364209828;1.59397448331882;4.67909549225421;0.779395600779449;1.74590561787287;1.85691931843758;1.3865422229377;1.64865862558738;-0.988674122393131;-1.6059521317482;1.25276296849537;1.25276296849537;0.9383456674094;1.58792972564697;0.563226312192338;0.0540567960361145;498;23.7
"675";"biocom_50_cropped_99";"biocom";"50_cropped";99;3;0.071;0.102643140589569;"kept";"bimod";"bing";0.686312077856123;0.985762732149845;-0.168142308490378;37.530167;0.575333;29.9666481275434;1.6094379124341;0.7436;0.005221856509384;0.005;NA;NA;NA;NA;0.244748132846019;-0.148556597277398;0.000156421151993654;-7.22229881928572e-06;2;0.823338246321811;13.5227922827383;3.79951944944515;0.110165125787203;0.00814662559949454;0.0289944892381828;0.124244379996129;0.0014962463453732;1.30978330926912;1.3239384415382;0.323636363636364;1.27503301976602;2.18321800231934;0.196363636363636;1.01713894605637;2.08598136901855;4.12310562561766;1.35992675438693;0.232988818156969;1.5453300287849;2.37886580797276;1.04041540159238;0.796156224790118;1.85582618713379;18;0.123420214612707;1.26548364209828;1.59397448331882;4.67909549225421;0.779395600779449;1.74590561787287;1.85691931843758;1.3865422229377;1.64865862558738;-0.988674122393131;-1.6059521317482;1.25276296849537;1.25276296849537;0.9383456674094;1.58792972564697;0.563226312192338;0.0540567960361145;498;23.7
